arm,model,id,step_idx,epoch,efficacy,specificity,soft_shift,prediction_changed
base,Base LLaMA-3B,7-527,0,1,73.32088302826985,95.0,0.0,0
base,Base LLaMA-3B,7-527,0,2,67.56644213108254,85.0,-3.125,0
base,Base LLaMA-3B,7-527,0,3,71.8212365953123,85.0,-3.515625,0
base,Base LLaMA-3B,7-527,0,4,75.89742639249897,75.0,-3.90625,0
base,Base LLaMA-3B,7-527,0,5,79.38397628874078,75.0,-3.515625,0
base,Base LLaMA-3B,7-527,1,1,72.44710295446836,95.0,8.203125,0
base,Base LLaMA-3B,7-527,1,2,85.01974971358183,95.0,4.296875,0
base,Base LLaMA-3B,7-527,1,3,88.33336934633189,90.0,6.25,0
base,Base LLaMA-3B,7-527,1,4,90.17571200931246,95.0,7.8125,0
base,Base LLaMA-3B,7-527,1,5,91.1935651608324,90.0,10.9375,0
base,Base LLaMA-3B,7-527,2,1,92.01291041688359,95.0,-3.125,0
base,Base LLaMA-3B,7-527,2,2,96.87221077847997,85.0,-3.515625,0
base,Base LLaMA-3B,7-527,2,3,97.78206532565909,85.0,-3.515625,0
base,Base LLaMA-3B,7-527,2,4,98.27267073882207,90.0,-3.125,0
base,Base LLaMA-3B,7-527,2,5,98.52253698773008,85.0,-2.734375,0
base,Base LLaMA-3B,7-527,3,1,88.42415978637368,90.0,8.984375,0
base,Base LLaMA-3B,7-527,3,2,95.93649790820325,90.0,5.078125,0
base,Base LLaMA-3B,7-527,3,3,96.78550526731239,85.0,3.125,0
base,Base LLaMA-3B,7-527,3,4,97.16321835502869,85.0,3.90625,0
base,Base LLaMA-3B,7-527,3,5,97.49654898500398,85.0,5.078125,0
base,Base LLaMA-3B,9-554,0,1,76.29426360141288,100.0,55.859375,1
base,Base LLaMA-3B,9-554,0,2,90.6438904193961,95.0,64.6484375,1
base,Base LLaMA-3B,9-554,0,3,93.66933958936539,90.0,69.62890625,1
base,Base LLaMA-3B,9-554,0,4,93.66933958936539,85.0,69.7265625,1
base,Base LLaMA-3B,9-554,0,5,93.15492400469277,85.0,67.3828125,1
base,Base LLaMA-3B,9-554,1,1,75.3017427123707,100.0,53.3203125,1
base,Base LLaMA-3B,9-554,1,2,88.51424368960568,100.0,79.638671875,1
base,Base LLaMA-3B,9-554,1,3,93.4556133252925,100.0,86.9384765625,1
base,Base LLaMA-3B,9-554,1,4,94.98224468153028,90.0,88.6474609375,1
base,Base LLaMA-3B,9-554,1,5,95.64049863067055,90.0,88.836669921875,1
base,Base LLaMA-3B,9-554,2,1,62.55967579145775,85.0,89.7308349609375,1
base,Base LLaMA-3B,9-554,2,2,76.38668350906977,75.0,90.17257690429688,1
base,Base LLaMA-3B,9-554,2,3,81.46569552421661,70.0,90.20099639892578,1
base,Base LLaMA-3B,9-554,2,4,84.39255083300893,70.0,90.2165412902832,1
base,Base LLaMA-3B,9-554,2,5,86.0095729863566,75.0,90.20500183105469,1
base,Base LLaMA-3B,9-554,3,1,72.7148646565174,100.0,0.390625,0
base,Base LLaMA-3B,9-554,3,2,89.39813890201498,100.0,-1.171875,0
base,Base LLaMA-3B,9-554,3,3,92.12136582352646,100.0,0.0,0
base,Base LLaMA-3B,9-554,3,4,93.04712974266496,100.0,0.78125,0
base,Base LLaMA-3B,9-554,3,5,93.15492400469277,100.0,1.953125,0
base,Base LLaMA-3B,9-554,4,1,98.87929354652881,100.0,-3.90625,0
base,Base LLaMA-3B,9-554,4,2,99.99704288382725,100.0,-4.6875,0
base,Base LLaMA-3B,9-554,4,3,99.99981095788773,90.0,-3.515625,0
base,Base LLaMA-3B,9-554,4,4,99.99994583852802,85.0,-2.34375,0
base,Base LLaMA-3B,9-554,4,5,99.99997441593219,80.0,-3.515625,0
base,Base LLaMA-3B,8-186,0,1,90.40329139550015,95.0,2.34375,0
base,Base LLaMA-3B,8-186,0,2,95.3229377616041,100.0,1.953125,0
base,Base LLaMA-3B,8-186,0,3,96.2418749129002,95.0,5.46875,0
base,Base LLaMA-3B,8-186,0,4,96.8353413888964,95.0,7.03125,0
base,Base LLaMA-3B,8-186,0,5,97.29312404446934,100.0,8.984375,0
base,Base LLaMA-3B,8-186,1,1,85.5089740042196,85.0,-0.78125,0
base,Base LLaMA-3B,8-186,1,2,92.24351272479275,95.0,0.390625,0
base,Base LLaMA-3B,8-186,1,3,95.51088956390731,95.0,1.5625,0
base,Base LLaMA-3B,8-186,1,4,96.96251593978185,95.0,2.34375,0
base,Base LLaMA-3B,8-186,1,5,97.63440503533519,95.0,4.296875,0
base,Base LLaMA-3B,8-186,2,1,58.557338926315474,95.0,4.296875,0
base,Base LLaMA-3B,8-186,2,2,82.17573357834576,95.0,4.6875,0
base,Base LLaMA-3B,8-186,2,3,91.17634828490486,95.0,5.859375,0
base,Base LLaMA-3B,8-186,2,4,94.47829985037333,100.0,8.203125,0
base,Base LLaMA-3B,8-186,2,5,96.022868578808,95.0,8.984375,0
base,Base LLaMA-3B,8-186,3,1,87.91591936968007,100.0,8.203125,0
base,Base LLaMA-3B,8-186,3,2,95.48450897102808,100.0,7.421875,0
base,Base LLaMA-3B,8-186,3,3,97.69371285251374,95.0,8.203125,0
base,Base LLaMA-3B,8-186,3,4,98.46368155225446,95.0,10.9375,0
base,Base LLaMA-3B,8-186,3,5,98.72634727202123,90.0,12.890625,0
base,Base LLaMA-3B,8-186,4,1,77.68698398515703,95.0,-1.171875,0
base,Base LLaMA-3B,8-186,4,2,90.55207457189076,85.0,-3.515625,0
base,Base LLaMA-3B,8-186,4,3,93.60721387932924,90.0,-2.734375,0
base,Base LLaMA-3B,8-186,4,4,94.70019415966442,90.0,-3.125,0
base,Base LLaMA-3B,8-186,4,5,95.3229377616041,90.0,-3.125,0
base,Base LLaMA-3B,1672,1,1,88.33336934633189,90.0,9.375,0
base,Base LLaMA-3B,1672,1,2,94.65862726728336,80.0,17.1875,0
base,Base LLaMA-3B,1672,1,3,97.0502138211233,90.0,8.59375,0
base,Base LLaMA-3B,1672,1,4,97.97264358453225,95.0,4.6875,0
base,Base LLaMA-3B,1672,1,5,98.42109323606888,100.0,3.515625,0
base,Base LLaMA-3B,1672,3,1,78.87446103638977,95.0,-16.40625,0
base,Base LLaMA-3B,1672,3,2,94.13364969881192,95.0,-17.96875,0
base,Base LLaMA-3B,1672,3,3,97.70270421399762,100.0,-17.96875,0
base,Base LLaMA-3B,1672,3,4,98.80817864673648,100.0,-17.96875,0
base,Base LLaMA-3B,1672,3,5,99.32092066276287,100.0,-17.96875,0
base,Base LLaMA-3B,1672,5,1,90.47797357435883,90.0,33.203125,0
base,Base LLaMA-3B,1672,5,2,96.70927572150482,85.0,34.5703125,1
base,Base LLaMA-3B,1672,5,3,98.67042720218225,95.0,40.234375,1
base,Base LLaMA-3B,1672,5,4,99.31022671925284,95.0,49.0234375,1
base,Base LLaMA-3B,1672,5,5,99.46280402881237,95.0,54.1015625,1
base,Base LLaMA-3B,1672,7,1,90.62559891088492,90.0,-17.1875,0
base,Base LLaMA-3B,1672,7,2,97.47691417534179,95.0,-18.359375,0
base,Base LLaMA-3B,1672,7,3,98.64948947721743,90.0,-18.359375,0
base,Base LLaMA-3B,1672,7,4,98.98058117450084,90.0,-18.359375,0
base,Base LLaMA-3B,1672,7,5,99.18087396166784,90.0,-18.359375,0
base,Base LLaMA-3B,1672,9,1,84.84316726356596,90.0,-7.8125,0
base,Base LLaMA-3B,1672,9,2,94.59566485573767,90.0,-11.71875,0
base,Base LLaMA-3B,1672,9,3,96.10740342096426,90.0,-10.15625,0
base,Base LLaMA-3B,1672,9,4,96.67048570502892,85.0,-10.9375,0
base,Base LLaMA-3B,1672,9,5,97.06171394757689,85.0,-10.15625,0
base,Base LLaMA-3B,1672,11,1,84.0536065769052,90.0,25.390625,0
base,Base LLaMA-3B,1672,11,2,93.35255423106061,90.0,17.96875,0
base,Base LLaMA-3B,1672,11,3,95.77462638710077,95.0,18.75,0
base,Base LLaMA-3B,1672,11,4,96.81052066378429,90.0,10.9375,0
base,Base LLaMA-3B,1672,11,5,97.35582875844248,95.0,7.03125,0
base,Base LLaMA-3B,1672,13,1,91.62960198459322,100.0,-18.359375,0
base,Base LLaMA-3B,1672,13,2,98.16126757274942,95.0,-18.359375,0
base,Base LLaMA-3B,1672,13,3,98.8847524078647,90.0,-18.359375,0
base,Base LLaMA-3B,1672,13,4,99.15816695143339,85.0,-18.359375,0
base,Base LLaMA-3B,1672,13,5,99.27994203553558,90.0,-18.359375,0
base,Base LLaMA-3B,1672,15,1,84.70936577986136,85.0,49.0234375,1
base,Base LLaMA-3B,1672,15,2,96.5881983376894,90.0,53.125,1
base,Base LLaMA-3B,1672,15,3,98.28443838641648,95.0,56.640625,1
base,Base LLaMA-3B,1672,15,4,99.26214614430991,95.0,53.90625,1
base,Base LLaMA-3B,1672,15,5,99.651462517761,95.0,54.1015625,1
base,Base LLaMA-3B,9-948,1,1,91.46451067662844,100.0,7.8125,0
base,Base LLaMA-3B,9-948,1,2,98.31926249864739,100.0,12.5,0
base,Base LLaMA-3B,9-948,1,3,99.34181373750361,100.0,36.328125,0
base,Base LLaMA-3B,9-948,1,4,99.58811756158835,90.0,54.4921875,1
base,Base LLaMA-3B,9-948,1,5,99.67922563443165,90.0,60.546875,1
base,Base LLaMA-3B,9-948,3,1,87.8211427506459,95.0,1.171875,0
base,Base LLaMA-3B,9-948,3,2,96.10740342096426,100.0,-0.390625,0
base,Base LLaMA-3B,9-948,3,3,98.40248158276597,95.0,-1.5625,0
base,Base LLaMA-3B,9-948,3,4,99.14491000990591,95.0,-1.953125,0
base,Base LLaMA-3B,9-948,3,5,99.41230581740686,100.0,-2.34375,0
base,Base LLaMA-3B,9-948,5,1,86.62414205710417,100.0,39.453125,0
base,Base LLaMA-3B,9-948,5,2,94.51055896078103,100.0,42.578125,0
base,Base LLaMA-3B,9-948,5,3,96.77292409064995,95.0,49.8046875,0
base,Base LLaMA-3B,9-948,5,4,97.48675075476731,95.0,46.484375,0
base,Base LLaMA-3B,9-948,5,5,97.85030400173132,95.0,46.484375,0
base,Base LLaMA-3B,9-317,1,1,80.68969413591216,95.0,12.890625,0
base,Base LLaMA-3B,9-317,1,2,89.981945291025,100.0,16.40625,0
base,Base LLaMA-3B,9-317,1,3,95.55451517064725,100.0,17.578125,0
base,Base LLaMA-3B,9-317,1,4,97.76466984841068,100.0,23.6328125,0
base,Base LLaMA-3B,9-317,1,5,98.60116613494839,100.0,28.3203125,0
base,Base LLaMA-3B,9-317,3,1,97.57357207538233,100.0,-13.671875,0
base,Base LLaMA-3B,9-317,3,2,99.28274927549913,90.0,-22.265625,0
base,Base LLaMA-3B,9-317,3,3,99.72776233178617,95.0,-24.609375,0
base,Base LLaMA-3B,9-317,3,4,99.85428167681518,95.0,-25.0,0
base,Base LLaMA-3B,9-317,3,5,99.89667023613524,95.0,-25.390625,0
base,Base LLaMA-3B,9-317,5,1,96.46956820149143,100.0,68.7591552734375,1
base,Base LLaMA-3B,9-317,5,2,99.49139307689873,95.0,69.23828125,1
base,Base LLaMA-3B,9-317,5,3,99.71020451067766,95.0,69.2718505859375,1
base,Base LLaMA-3B,9-317,5,4,99.78125088818172,85.0,69.27337646484375,1
base,Base LLaMA-3B,9-317,5,5,99.80082666714677,85.0,69.27337646484375,1
base,Base LLaMA-3B,9-317,7,1,88.14964664660944,95.0,59.912109375,1
base,Base LLaMA-3B,9-317,7,2,96.44187868171498,95.0,66.61376953125,1
base,Base LLaMA-3B,9-317,7,3,97.14096920083371,95.0,67.236328125,1
base,Base LLaMA-3B,9-317,7,4,97.55454136530511,95.0,67.333984375,1
base,Base LLaMA-3B,9-317,7,5,97.77338457478403,95.0,68.109130859375,1
base,Base LLaMA-3B,7-417,1,1,93.68169209356077,100.0,10.3515625,1
base,Base LLaMA-3B,7-417,1,2,97.74713793674326,100.0,14.2578125,1
base,Base LLaMA-3B,7-417,1,3,98.9358233133784,100.0,14.6484375,1
base,Base LLaMA-3B,7-417,1,4,99.31291589042385,95.0,15.234375,1
base,Base LLaMA-3B,7-417,1,5,99.39365040148395,95.0,16.40625,1
base,Base LLaMA-3B,7-417,3,1,96.63123844411354,100.0,12.109375,1
base,Base LLaMA-3B,7-417,3,2,99.51468388361869,95.0,19.04296875,1
base,Base LLaMA-3B,7-417,3,3,99.8039145634595,95.0,21.09375,1
base,Base LLaMA-3B,7-417,3,4,99.86523258173867,95.0,26.953125,1
base,Base LLaMA-3B,7-417,3,5,99.90140205052722,95.0,27.24609375,1
base,Base LLaMA-3B,7-417,5,1,93.08775009567289,100.0,27.83203125,1
base,Base LLaMA-3B,7-417,5,2,98.13959317674671,90.0,37.7685546875,1
base,Base LLaMA-3B,7-417,5,3,99.14824368984709,85.0,38.8671875,1
base,Base LLaMA-3B,7-417,5,4,99.37684177143821,85.0,38.3544921875,1
base,Base LLaMA-3B,7-417,5,5,99.5440877006775,85.0,38.8916015625,1
base,Base LLaMA-3B,7-417,7,1,68.7784773353463,85.0,43.0450439453125,1
base,Base LLaMA-3B,7-417,7,2,92.64194827818828,80.0,43.288421630859375,1
base,Base LLaMA-3B,7-417,7,3,95.09848085828932,80.0,43.256378173828125,1
base,Base LLaMA-3B,7-417,7,4,96.93270769834665,80.0,43.227386474609375,1
base,Base LLaMA-3B,7-417,7,5,97.95674283109362,80.0,43.227386474609375,1
base,Base LLaMA-3B,3,0,1,85.25199696757207,90.0,4.6875,0
base,Base LLaMA-3B,3,0,2,94.13364969881192,90.0,1.5625,0
base,Base LLaMA-3B,3,0,3,96.60481691976537,95.0,-0.390625,0
base,Base LLaMA-3B,3,0,4,97.27189375322432,95.0,0.0,0
base,Base LLaMA-3B,3,0,5,97.35582875844248,95.0,-1.171875,0
base,Base LLaMA-3B,3,1,1,75.82670984577217,100.0,45.8984375,0
base,Base LLaMA-3B,3,1,2,86.85721010904486,100.0,53.7109375,1
base,Base LLaMA-3B,3,1,3,91.10714352678754,95.0,58.0078125,1
base,Base LLaMA-3B,3,1,4,91.38074795673438,95.0,64.55078125,1
base,Base LLaMA-3B,3,1,5,91.64593446333883,95.0,66.50390625,1
base,Base LLaMA-3B,3,2,1,82.95871488698133,100.0,18.75,0
base,Base LLaMA-3B,3,2,2,90.73481399166945,100.0,32.421875,0
base,Base LLaMA-3B,3,2,3,94.38038061800702,95.0,42.1875,0
base,Base LLaMA-3B,3,2,4,95.55451517064725,95.0,44.140625,0
base,Base LLaMA-3B,3,2,5,96.37170102693061,95.0,46.2890625,1
base,Base LLaMA-3B,3,3,1,92.82642194879799,95.0,37.3046875,0
base,Base LLaMA-3B,3,3,2,98.09919104568665,90.0,36.9140625,0
base,Base LLaMA-3B,3,3,3,99.34309800297379,90.0,36.9140625,0
base,Base LLaMA-3B,3,3,4,99.58892123438368,90.0,33.984375,0
base,Base LLaMA-3B,3,3,5,99.75066812509688,90.0,33.984375,0
base,Base LLaMA-3B,1787,0,1,88.24186682804344,100.0,19.53125,1
base,Base LLaMA-3B,1787,0,2,94.94288993880934,100.0,29.296875,1
base,Base LLaMA-3B,1787,0,3,97.16321835502869,95.0,36.03515625,1
base,Base LLaMA-3B,1787,0,4,97.92456621263003,95.0,38.720703125,1
base,Base LLaMA-3B,1787,0,5,98.27940495741487,90.0,39.892578125,1
base,Base LLaMA-3B,1787,1,1,82.82505843131713,100.0,10.9375,1
base,Base LLaMA-3B,1787,1,2,93.06069631446834,95.0,10.546875,1
base,Base LLaMA-3B,1787,1,3,97.28252963152676,95.0,10.3515625,1
base,Base LLaMA-3B,1787,1,4,98.54544292861299,90.0,9.5703125,1
base,Base LLaMA-3B,1787,1,5,99.08976144366872,90.0,9.765625,1
base,Base LLaMA-3B,1787,2,1,77.68698398515703,100.0,42.138671875,1
base,Base LLaMA-3B,1787,2,2,88.24186682804344,100.0,47.61962890625,1
base,Base LLaMA-3B,1787,2,3,92.52607582390743,95.0,48.25439453125,1
base,Base LLaMA-3B,1787,2,4,94.53196026320853,90.0,48.4130859375,1
base,Base LLaMA-3B,1787,2,5,95.3229377616041,90.0,48.388671875,1
base,Base LLaMA-3B,1787,3,1,82.14088653875645,95.0,40.0390625,1
base,Base LLaMA-3B,1787,3,2,94.2918844896113,95.0,46.728515625,1
base,Base LLaMA-3B,1787,3,3,95.69128836003091,90.0,46.630859375,1
base,Base LLaMA-3B,1787,3,4,96.01509315328374,90.0,46.2158203125,1
base,Base LLaMA-3B,1787,3,5,96.37170102693061,90.0,47.10693359375,1
base,Base LLaMA-3B,1787,4,1,76.34051868213501,100.0,8.3984375,1
base,Base LLaMA-3B,1787,4,2,90.80691624121661,95.0,-16.015625,0
base,Base LLaMA-3B,1787,4,3,91.88713205767291,95.0,-10.15625,0
base,Base LLaMA-3B,1787,4,4,92.13673876337887,95.0,-12.5,0
base,Base LLaMA-3B,1787,4,5,91.49778739589203,95.0,-12.109375,0
base,Base LLaMA-3B,1759,0,1,89.54209987109985,85.0,1.171875,0
base,Base LLaMA-3B,1759,0,2,95.77462638710077,85.0,1.171875,0
base,Base LLaMA-3B,1759,0,3,96.65745435452794,90.0,1.171875,0
base,Base LLaMA-3B,1759,0,4,97.43718135503588,95.0,1.953125,0
base,Base LLaMA-3B,1759,0,5,97.73832048393311,95.0,2.34375,0
base,Base LLaMA-3B,1759,2,1,81.9303689606251,100.0,2.34375,0
base,Base LLaMA-3B,1759,2,2,92.34883681973356,100.0,1.171875,0
base,Base LLaMA-3B,1759,2,3,94.82296402972531,90.0,1.171875,0
base,Base LLaMA-3B,1759,2,4,95.96812033236124,95.0,1.171875,0
base,Base LLaMA-3B,1759,2,5,96.60481691976537,100.0,1.171875,0
base,Base LLaMA-3B,1759,4,1,86.36032689815003,100.0,0.0,0
base,Base LLaMA-3B,1759,4,2,98.60661967136092,95.0,-0.390625,0
base,Base LLaMA-3B,1759,4,3,99.53327605206846,95.0,-0.390625,0
base,Base LLaMA-3B,1759,4,4,99.69866037076939,100.0,0.0,0
base,Base LLaMA-3B,1759,4,5,99.80544051243292,95.0,0.0,0
base,Base LLaMA-3B,1759,5,1,87.28642670679643,95.0,1.5625,0
base,Base LLaMA-3B,1759,5,2,97.25049695074132,100.0,1.953125,0
base,Base LLaMA-3B,1759,5,3,98.27940495741487,100.0,2.34375,0
base,Base LLaMA-3B,1759,5,4,98.81745347409033,100.0,2.734375,0
base,Base LLaMA-3B,1759,5,5,99.16144894745759,100.0,2.34375,0
base,Base LLaMA-3B,1759,7,1,70.4977343825557,95.0,1.5625,0
base,Base LLaMA-3B,1759,7,2,91.14181348853187,95.0,0.390625,0
base,Base LLaMA-3B,1759,7,3,94.62723829134167,100.0,0.0,0
base,Base LLaMA-3B,1759,7,4,95.61487969515582,100.0,0.390625,0
base,Base LLaMA-3B,1759,7,5,96.47645684671544,100.0,1.171875,0
base,Base LLaMA-3B,28,0,1,86.72823380943798,100.0,16.796875,0
base,Base LLaMA-3B,28,0,2,93.42999932006033,100.0,13.28125,0
base,Base LLaMA-3B,28,0,3,95.8238534807669,100.0,19.53125,0
base,Base LLaMA-3B,28,0,4,96.8476792235743,100.0,11.71875,0
base,Base LLaMA-3B,28,0,5,97.30367715371018,100.0,9.375,0
base,Base LLaMA-3B,28,1,1,93.11469840418007,100.0,3.90625,0
base,Base LLaMA-3B,28,1,2,98.80351398984872,100.0,2.34375,0
base,Base LLaMA-3B,28,1,3,99.35956718900344,100.0,6.25,0
base,Base LLaMA-3B,28,1,4,99.586505499304,95.0,7.8125,0
base,Base LLaMA-3B,28,1,5,99.72455328030033,95.0,8.59375,0
base,Base LLaMA-3B,28,2,1,76.88858997655782,100.0,23.046875,0
base,Base LLaMA-3B,28,2,2,88.28770744500207,95.0,30.6640625,0
base,Base LLaMA-3B,28,2,3,92.1979311477981,90.0,34.1796875,1
base,Base LLaMA-3B,28,2,4,94.2918844896113,90.0,38.0859375,1
base,Base LLaMA-3B,28,2,5,95.41340033417802,90.0,43.9453125,1
base,Base LLaMA-3B,28,3,1,85.36676683770854,100.0,-1.5625,0
base,Base LLaMA-3B,28,3,2,91.79150013761011,100.0,-5.46875,0
base,Base LLaMA-3B,28,3,3,94.6167343617248,100.0,-7.421875,0
base,Base LLaMA-3B,28,3,4,95.74148637112124,100.0,-8.203125,0
base,Base LLaMA-3B,28,3,5,96.30013924192961,90.0,-7.03125,0
base,Base LLaMA-3B,28,4,1,89.16790013046916,100.0,-12.890625,0
base,Base LLaMA-3B,28,4,2,97.21808667885125,95.0,-17.578125,0
base,Base LLaMA-3B,28,4,3,98.08802079984869,95.0,-16.796875,0
base,Base LLaMA-3B,28,4,4,98.68591719446465,95.0,-16.015625,0
base,Base LLaMA-3B,28,4,5,99.06817575836021,95.0,-16.015625,0
base,Base LLaMA-3B,28,5,1,93.57278524881859,100.0,27.9296875,0
base,Base LLaMA-3B,28,5,2,97.48306653957724,100.0,34.765625,1
base,Base LLaMA-3B,28,5,3,99.73471716499763,95.0,31.640625,1
base,Base LLaMA-3B,28,5,4,99.92399519524714,95.0,28.515625,0
base,Base LLaMA-3B,28,5,5,99.96295821652025,95.0,25.390625,0
base,Base LLaMA-3B,7-1128,0,1,93.16828024629558,100.0,1.171875,0
base,Base LLaMA-3B,7-1128,0,2,99.08976144366872,100.0,1.171875,0
base,Base LLaMA-3B,7-1128,0,3,99.54230331038995,100.0,2.734375,0
base,Base LLaMA-3B,7-1128,0,4,99.6435454597225,100.0,5.859375,0
base,Base LLaMA-3B,7-1128,0,5,99.67544444771639,100.0,7.8125,0
base,Base LLaMA-3B,7-1128,1,1,91.05488399129757,90.0,6.640625,0
base,Base LLaMA-3B,7-1128,1,2,97.43718135503588,90.0,1.5625,0
base,Base LLaMA-3B,7-1128,1,3,98.00407483243194,95.0,5.078125,0
base,Base LLaMA-3B,7-1128,1,4,98.23860222183055,95.0,5.46875,0
base,Base LLaMA-3B,7-1128,1,5,98.39622907246495,90.0,7.03125,0
base,Base LLaMA-3B,7-1128,2,1,79.52442554024402,90.0,-3.125,0
base,Base LLaMA-3B,7-1128,2,2,92.46745711008072,85.0,-3.515625,0
base,Base LLaMA-3B,7-1128,2,3,95.43128179166355,85.0,-2.34375,0
base,Base LLaMA-3B,7-1128,2,4,96.32893178677742,90.0,-3.125,0
base,Base LLaMA-3B,7-1128,2,5,96.65745435452794,100.0,-2.734375,0
base,Base LLaMA-3B,7-1128,3,1,69.97455508559176,100.0,86.474609375,1
base,Base LLaMA-3B,7-1128,3,2,85.36676683770854,95.0,88.4765625,1
base,Base LLaMA-3B,7-1128,3,3,88.95425610396357,95.0,87.841796875,1
base,Base LLaMA-3B,7-1128,3,4,91.39756600416064,90.0,88.6474609375,1
base,Base LLaMA-3B,7-1128,3,5,92.9788979985012,90.0,88.6474609375,1
base,Base LLaMA-3B,9-504,0,1,85.42381640726595,95.0,37.5,0
base,Base LLaMA-3B,9-504,0,2,95.11759007045801,100.0,49.609375,0
base,Base LLaMA-3B,9-504,0,3,96.94466593775795,100.0,58.984375,1
base,Base LLaMA-3B,9-504,0,4,97.30367715371018,95.0,64.94140625,1
base,Base LLaMA-3B,9-504,0,5,97.46703909663293,95.0,68.1640625,1
base,Base LLaMA-3B,9-504,1,1,77.68698398515703,90.0,3.125,0
base,Base LLaMA-3B,9-504,1,2,93.08775009567289,95.0,-8.203125,0
base,Base LLaMA-3B,9-504,1,3,95.3229377616041,90.0,-10.546875,0
base,Base LLaMA-3B,9-504,1,4,95.93649790820325,85.0,-9.375,0
base,Base LLaMA-3B,9-504,1,5,96.41397199034334,90.0,-9.375,0
base,Base LLaMA-3B,9-504,2,1,86.46647167633873,90.0,-10.9375,0
base,Base LLaMA-3B,9-504,2,2,95.60630663765926,90.0,-14.453125,0
base,Base LLaMA-3B,9-504,2,3,97.11854554435962,80.0,-14.453125,0
base,Base LLaMA-3B,9-504,2,4,97.68468629983603,85.0,-14.453125,0
base,Base LLaMA-3B,9-504,2,5,98.01960724531389,85.0,-14.453125,0
base,Base LLaMA-3B,9-504,3,1,78.03291523454247,85.0,12.5,0
base,Base LLaMA-3B,9-504,3,2,90.69855107893365,90.0,1.5625,0
base,Base LLaMA-3B,9-504,3,3,95.0212931632136,95.0,-3.90625,0
base,Base LLaMA-3B,9-504,3,4,96.35750026626357,85.0,-0.390625,0
base,Base LLaMA-3B,9-504,3,5,96.93270769834665,85.0,1.171875,0
base,Base LLaMA-3B,9-504,4,1,92.28882800316833,100.0,67.48046875,1
base,Base LLaMA-3B,9-504,4,2,97.02707836138413,100.0,78.7841796875,1
base,Base LLaMA-3B,9-504,4,3,96.63123844411354,85.0,80.01708984375,1
base,Base LLaMA-3B,9-504,4,4,96.8353413888964,85.0,80.859375,1
base,Base LLaMA-3B,9-504,4,5,97.11854554435962,90.0,80.859375,1
base,Base LLaMA-3B,9-504,5,1,83.73909214847609,95.0,-3.515625,0
base,Base LLaMA-3B,9-504,5,2,95.34117189923688,95.0,-13.671875,0
base,Base LLaMA-3B,9-504,5,3,96.19757532359709,100.0,-14.453125,0
base,Base LLaMA-3B,9-504,5,4,97.0845798710459,100.0,-14.0625,0
base,Base LLaMA-3B,9-504,5,5,97.50630901556111,95.0,-14.0625,0
base,Base LLaMA-3B,9-504,6,1,83.48302011027535,100.0,10.546875,0
base,Base LLaMA-3B,9-504,6,2,99.06817575836021,95.0,0.78125,0
base,Base LLaMA-3B,9-504,6,3,99.45220878765973,85.0,-3.125,0
base,Base LLaMA-3B,9-504,6,4,99.434820027982,95.0,-1.171875,0
base,Base LLaMA-3B,9-504,6,5,99.45220878765973,90.0,-2.734375,0
base,Base LLaMA-3B,7-1170,1,1,85.98222123159245,95.0,-3.515625,0
base,Base LLaMA-3B,7-1170,1,2,95.37742718715192,95.0,-13.28125,0
base,Base LLaMA-3B,7-1170,1,3,97.78206532565909,85.0,-12.5,0
base,Base LLaMA-3B,7-1170,1,4,98.52253698773008,80.0,-12.109375,0
base,Base LLaMA-3B,7-1170,1,5,98.73625891618538,85.0,-14.453125,0
base,Base LLaMA-3B,7-1170,3,1,86.88285456898058,100.0,17.1875,1
base,Base LLaMA-3B,7-1170,3,2,96.63123844411354,95.0,16.9921875,1
base,Base LLaMA-3B,7-1170,3,3,98.50512112127082,95.0,16.9921875,1
base,Base LLaMA-3B,7-1170,3,4,99.06452870139563,95.0,13.8671875,1
base,Base LLaMA-3B,7-1170,3,5,99.35706060585255,90.0,13.28125,1
base,Base LLaMA-3B,7-1170,5,1,91.66223507384336,100.0,26.7578125,1
base,Base LLaMA-3B,7-1170,5,2,97.37640586229477,100.0,40.52734375,1
base,Base LLaMA-3B,7-1170,5,3,98.9063232489395,95.0,47.314453125,1
base,Base LLaMA-3B,7-1170,5,4,99.09331012749392,100.0,46.97265625,1
base,Base LLaMA-3B,7-1170,5,5,99.19984899590855,100.0,46.97265625,1
base,Base LLaMA-3B,7-1170,7,1,78.1185567818616,95.0,5.46875,0
base,Base LLaMA-3B,7-1170,7,2,88.82405237023967,100.0,1.171875,0
base,Base LLaMA-3B,7-1170,7,3,93.11469840418007,100.0,-5.078125,0
base,Base LLaMA-3B,7-1170,7,4,94.63772172549265,100.0,-4.296875,0
base,Base LLaMA-3B,7-1170,7,5,95.55451517064725,100.0,-6.640625,0
base,Base LLaMA-3B,7-1170,9,1,88.95425610396357,90.0,13.4765625,1
base,Base LLaMA-3B,7-1170,9,2,94.35838604962227,95.0,19.921875,1
base,Base LLaMA-3B,7-1170,9,3,96.41397199034334,90.0,17.1875,1
base,Base LLaMA-3B,7-1170,9,4,97.45712536795878,90.0,19.7265625,1
base,Base LLaMA-3B,7-1170,9,5,97.95674283109362,95.0,22.0703125,1
base,Base LLaMA-3B,7-1170,11,1,82.21051262373308,80.0,16.2109375,1
base,Base LLaMA-3B,7-1170,11,2,92.92383081300706,75.0,42.1875,1
base,Base LLaMA-3B,7-1170,11,3,96.90865062666418,65.0,48.73046875,1
base,Base LLaMA-3B,7-1170,11,4,98.39622907246495,45.0,51.26953125,1
base,Base LLaMA-3B,7-1170,11,5,98.99638579847984,40.0,52.5390625,1
base,Base LLaMA-3B,8-192,0,1,87.38536451909708,100.0,-3.125,0
base,Base LLaMA-3B,8-192,0,2,95.70808643477497,100.0,-6.25,0
base,Base LLaMA-3B,8-192,0,3,98.42109323606888,95.0,-7.03125,0
base,Base LLaMA-3B,8-192,0,4,99.29936437063674,95.0,-8.203125,0
base,Base LLaMA-3B,8-192,0,5,99.54763563833873,95.0,-8.203125,0
base,Base LLaMA-3B,8-192,1,1,82.75783761062472,95.0,48.2421875,1
base,Base LLaMA-3B,8-192,1,2,92.58423836328404,100.0,43.75,1
base,Base LLaMA-3B,8-192,1,3,95.50211320221104,95.0,43.75,1
base,Base LLaMA-3B,8-192,1,4,96.49704223971541,95.0,49.8046875,1
base,Base LLaMA-3B,8-192,1,5,97.0037614479853,100.0,49.609375,1
base,Base LLaMA-3B,8-192,2,1,79.12058102022604,95.0,75.29296875,1
base,Base LLaMA-3B,8-192,2,2,92.31889101373635,95.0,81.93359375,1
base,Base LLaMA-3B,8-192,2,3,95.88859863140246,100.0,83.3740234375,1
base,Base LLaMA-3B,8-192,2,4,96.4279525886228,100.0,82.71484375,1
base,Base LLaMA-3B,8-192,2,5,97.03866868444739,100.0,83.349609375,1
base,Base LLaMA-3B,8-192,3,1,82.62260565495548,100.0,-4.6875,0
base,Base LLaMA-3B,8-192,3,2,95.80750850542988,95.0,-7.8125,0
base,Base LLaMA-3B,8-192,3,3,97.02707836138413,85.0,-7.03125,0
base,Base LLaMA-3B,8-192,3,4,97.37640586229477,90.0,-6.640625,0
base,Base LLaMA-3B,8-192,3,5,97.68468629983603,90.0,-7.421875,0
base,Base LLaMA-3B,8-192,4,1,85.19427491574153,100.0,-7.8125,0
base,Base LLaMA-3B,8-192,4,2,95.19328482036607,95.0,-9.765625,0
base,Base LLaMA-3B,8-192,4,3,96.07687340760938,95.0,-9.765625,0
base,Base LLaMA-3B,8-192,4,4,96.37170102693061,90.0,-9.375,0
base,Base LLaMA-3B,8-192,4,5,96.53785293376804,95.0,-8.984375,0
base,Base LLaMA-3B,1047,0,1,82.24522380758998,90.0,25.78125,0
base,Base LLaMA-3B,1047,0,2,93.95924163618521,80.0,23.828125,0
base,Base LLaMA-3B,1047,0,3,97.00960776525451,80.0,25.78125,0
base,Base LLaMA-3B,1047,0,4,98.18623542506029,85.0,21.875,0
base,Base LLaMA-3B,1047,0,5,98.7138483264243,85.0,15.625,0
base,Base LLaMA-3B,1047,1,1,77.2468991777501,100.0,-21.875,0
base,Base LLaMA-3B,1047,1,2,86.62414205710417,100.0,-24.21875,0
base,Base LLaMA-3B,1047,1,3,90.6621462371703,100.0,-25.390625,0
base,Base LLaMA-3B,1047,1,4,93.06069631446834,100.0,-25.78125,0
base,Base LLaMA-3B,1047,1,5,94.33630539693081,95.0,-25.78125,0
base,Base LLaMA-3B,1047,2,1,86.25334961614806,95.0,-21.875,0
base,Base LLaMA-3B,1047,2,2,94.53196026320853,95.0,-23.4375,0
base,Base LLaMA-3B,1047,2,3,96.78550526731239,95.0,-24.21875,0
base,Base LLaMA-3B,1047,2,4,97.57357207538233,100.0,-24.21875,0
base,Base LLaMA-3B,1047,2,5,98.11029603224142,100.0,-24.21875,0
base,Base LLaMA-3B,7-1132,1,1,86.25334961614806,95.0,7.03125,0
base,Base LLaMA-3B,7-1132,1,2,94.35838604962227,95.0,31.8359375,1
base,Base LLaMA-3B,7-1132,1,3,95.67442453948122,95.0,46.09375,1
base,Base LLaMA-3B,7-1132,1,4,96.41397199034334,95.0,53.22265625,1
base,Base LLaMA-3B,7-1132,1,5,96.93270769834665,100.0,55.56640625,1
base,Base LLaMA-3B,7-1132,3,1,90.6621462371703,100.0,26.7578125,0
base,Base LLaMA-3B,7-1132,3,2,96.51069897778454,90.0,27.34375,0
base,Base LLaMA-3B,7-1132,3,3,98.49927033076524,85.0,31.25,0
base,Base LLaMA-3B,7-1132,3,4,99.14491000990591,90.0,31.25,0
base,Base LLaMA-3B,7-1132,3,5,99.48136170419457,90.0,30.6640625,0
base,Base LLaMA-3B,7-1132,5,1,84.90225815440854,100.0,3.90625,0
base,Base LLaMA-3B,7-1132,5,2,97.82496406555497,95.0,-1.953125,0
base,Base LLaMA-3B,7-1132,5,3,98.63889729190892,85.0,3.90625,0
base,Base LLaMA-3B,7-1132,5,4,99.00419598615896,85.0,5.078125,0
base,Base LLaMA-3B,7-1132,5,5,99.09331012749392,85.0,5.46875,0
base,Base LLaMA-3B,202,0,1,90.98472657691836,100.0,33.0078125,1
base,Base LLaMA-3B,202,0,2,97.45712536795878,100.0,47.65625,1
base,Base LLaMA-3B,202,0,3,98.25230952808853,100.0,49.70703125,1
base,Base LLaMA-3B,202,0,4,98.59569125399786,95.0,51.5625,1
base,Base LLaMA-3B,202,0,5,98.76070188138064,95.0,54.296875,1
base,Base LLaMA-3B,202,1,1,94.33630539693081,100.0,-23.4375,0
base,Base LLaMA-3B,202,1,2,99.11776653990195,100.0,-28.125,0
base,Base LLaMA-3B,202,1,3,99.48136170419457,95.0,-29.296875,0
base,Base LLaMA-3B,202,1,4,99.54230331038995,95.0,-29.296875,0
base,Base LLaMA-3B,202,1,5,99.58326242174071,95.0,-29.296875,0
base,Base LLaMA-3B,202,2,1,76.7073249411659,100.0,31.8359375,1
base,Base LLaMA-3B,202,2,2,89.33583627316015,100.0,36.71875,1
base,Base LLaMA-3B,202,2,3,93.22144511120763,100.0,46.2890625,1
base,Base LLaMA-3B,202,2,4,95.11759007045801,100.0,47.94921875,1
base,Base LLaMA-3B,202,2,5,96.07687340760938,100.0,47.94921875,1
base,Base LLaMA-3B,7-653,0,1,84.66450331550716,95.0,57.91015625,1
base,Base LLaMA-3B,7-653,0,2,95.09848085828932,95.0,63.8671875,1
base,Base LLaMA-3B,7-653,0,3,96.73488434100858,95.0,64.111328125,1
base,Base LLaMA-3B,7-653,0,4,97.11854554435962,95.0,63.8671875,1
base,Base LLaMA-3B,7-653,0,5,97.95674283109362,95.0,65.33203125,1
base,Base LLaMA-3B,7-653,1,1,87.38536451909708,85.0,69.05517578125,1
base,Base LLaMA-3B,7-653,1,2,94.04126812380139,95.0,69.62890625,1
base,Base LLaMA-3B,7-653,1,3,95.43128179166355,95.0,69.873046875,1
base,Base LLaMA-3B,7-653,1,4,96.90865062666418,95.0,70.4833984375,1
base,Base LLaMA-3B,7-653,1,5,97.66652706942223,95.0,70.64208984375,1
base,Base LLaMA-3B,7-653,2,1,79.48439510438013,100.0,-25.390625,0
base,Base LLaMA-3B,7-653,2,2,88.93266130360921,100.0,-26.171875,0
base,Base LLaMA-3B,7-653,2,3,92.02849497697446,100.0,-26.171875,0
base,Base LLaMA-3B,7-653,2,4,93.98279232116602,100.0,-26.171875,0
base,Base LLaMA-3B,7-653,2,5,95.31379394782083,100.0,-26.171875,0
base,Base LLaMA-3B,7-653,3,1,81.71736986789908,95.0,33.59375,1
base,Base LLaMA-3B,7-653,3,2,90.94944179438548,90.0,35.9375,1
base,Base LLaMA-3B,7-653,3,3,93.48112747098187,90.0,37.5,1
base,Base LLaMA-3B,7-653,3,4,94.06449901781332,90.0,42.578125,1
base,Base LLaMA-3B,7-653,3,5,94.51055896078103,90.0,46.2890625,1
base,Base LLaMA-3B,7-653,4,1,82.41776642933038,90.0,48.92578125,1
base,Base LLaMA-3B,7-653,4,2,85.42381640726595,95.0,50.09765625,1
base,Base LLaMA-3B,7-653,4,3,89.33583627316015,95.0,54.00390625,1
base,Base LLaMA-3B,7-653,4,4,92.43797557077322,95.0,56.73828125,1
base,Base LLaMA-3B,7-653,4,5,94.46750474110137,100.0,58.0078125,1
base,Base LLaMA-3B,1274,1,1,91.62960198459322,85.0,7.421875,0
base,Base LLaMA-3B,1274,1,2,96.56479557598956,85.0,7.8125,0
base,Base LLaMA-3B,1274,1,3,97.85030400173132,95.0,12.109375,0
base,Base LLaMA-3B,1274,1,4,98.16126757274942,95.0,16.40625,0
base,Base LLaMA-3B,1274,1,5,98.32581507318288,95.0,19.53125,0
base,Base LLaMA-3B,1274,3,1,88.99731937834193,85.0,4.296875,0
base,Base LLaMA-3B,1274,3,2,96.31456363203735,100.0,7.8125,0
base,Base LLaMA-3B,1274,3,3,97.21808667885125,100.0,12.890625,0
base,Base LLaMA-3B,1274,3,4,98.2038617635502,100.0,14.453125,0
base,Base LLaMA-3B,1274,3,5,98.31268427806029,100.0,17.1875,0
base,Base LLaMA-3B,1274,5,1,88.99731937834193,100.0,23.4375,0
base,Base LLaMA-3B,1274,5,2,96.53785293376804,95.0,32.8125,0
base,Base LLaMA-3B,1274,5,3,97.83344372705258,95.0,35.9375,0
base,Base LLaMA-3B,1274,5,4,98.2038617635502,95.0,39.453125,0
base,Base LLaMA-3B,1274,5,5,98.36459752524158,95.0,49.21875,0
base,Base LLaMA-3B,1274,7,1,68.59500172470767,100.0,0.390625,0
base,Base LLaMA-3B,1274,7,2,84.33146500411543,100.0,-0.390625,0
base,Base LLaMA-3B,1274,7,3,88.88934496468151,100.0,-0.390625,0
base,Base LLaMA-3B,1274,7,4,90.19488134564551,100.0,-0.390625,0
base,Base LLaMA-3B,1274,7,5,90.7889434536633,95.0,-0.390625,0
base,Base LLaMA-3B,9-463,0,1,88.33336934633189,90.0,-12.5,0
base,Base LLaMA-3B,9-463,0,2,94.3141383230082,90.0,-16.015625,0
base,Base LLaMA-3B,9-463,0,3,96.2123995725281,95.0,-17.1875,0
base,Base LLaMA-3B,9-463,0,4,96.85996895759325,90.0,-17.1875,0
base,Base LLaMA-3B,9-463,0,5,97.0502138211233,90.0,-16.796875,0
base,Base LLaMA-3B,9-463,1,1,85.19427491574153,100.0,57.12890625,1
base,Base LLaMA-3B,9-463,1,2,93.00627068111767,100.0,69.921875,1
base,Base LLaMA-3B,9-463,1,3,95.04070330168683,95.0,71.77734375,1
base,Base LLaMA-3B,9-463,1,4,95.88859863140246,90.0,72.802734375,1
base,Base LLaMA-3B,9-463,1,5,96.53785293376804,95.0,74.755859375,1
base,Base LLaMA-3B,9-463,2,1,74.01514324119827,100.0,43.75,0
base,Base LLaMA-3B,9-463,2,2,91.29616323437764,95.0,47.65625,1
base,Base LLaMA-3B,9-463,2,3,94.46750474110137,85.0,43.9453125,0
base,Base LLaMA-3B,9-463,2,4,95.55451517064725,90.0,45.1171875,0
base,Base LLaMA-3B,9-463,2,5,96.25652645409988,100.0,46.875,1
base,Base LLaMA-3B,9-463,3,1,66.76486212449777,95.0,24.609375,0
base,Base LLaMA-3B,9-463,3,2,90.77093552870659,90.0,24.609375,0
base,Base LLaMA-3B,9-463,3,3,93.65696293560937,100.0,33.0078125,0
base,Base LLaMA-3B,9-463,3,4,94.82296402972531,100.0,39.453125,0
base,Base LLaMA-3B,9-463,3,5,95.70808643477497,95.0,39.6484375,0
base,Base LLaMA-3B,9-799,1,1,75.10803187963396,90.0,4.6875,0
base,Base LLaMA-3B,9-799,1,2,88.86762326086944,100.0,0.390625,0
base,Base LLaMA-3B,9-799,1,3,95.28625510782776,95.0,-1.171875,0
base,Base LLaMA-3B,9-799,1,4,97.59245468729877,95.0,-1.171875,0
base,Base LLaMA-3B,9-799,1,5,98.6282220310614,95.0,-1.171875,0
base,Base LLaMA-3B,9-799,3,1,95.13662478286872,100.0,-3.515625,0
base,Base LLaMA-3B,9-799,3,2,98.64948947721743,100.0,-4.296875,0
base,Base LLaMA-3B,9-799,3,3,99.38169122724652,100.0,-4.296875,0
base,Base LLaMA-3B,9-799,3,4,99.60078985199428,95.0,-4.296875,0
base,Base LLaMA-3B,9-799,3,5,99.70793161648491,85.0,-3.90625,0
base,Base LLaMA-3B,9-799,5,1,95.50211320221104,85.0,91.11328125,1
base,Base LLaMA-3B,9-799,5,2,98.26591016324294,85.0,91.89453125,1
base,Base LLaMA-3B,9-799,5,3,99.23050229950012,85.0,92.724609375,1
base,Base LLaMA-3B,9-799,5,4,99.53327605206846,80.0,92.889404296875,1
base,Base LLaMA-3B,9-799,5,5,99.63651502387273,80.0,92.901611328125,1
base,Base LLaMA-3B,9-799,7,1,67.02350001937425,95.0,1.171875,0
base,Base LLaMA-3B,9-799,7,2,75.49394607544741,100.0,-1.953125,0
base,Base LLaMA-3B,9-799,7,3,81.50186000926958,95.0,-2.734375,0
base,Base LLaMA-3B,9-799,7,4,84.90225815440854,95.0,-2.34375,0
base,Base LLaMA-3B,9-799,7,5,86.46647167633873,95.0,-1.171875,0
base,Base LLaMA-3B,1208,0,1,71.34952031398099,100.0,27.34375,0
base,Base LLaMA-3B,1208,0,2,86.5717904293102,95.0,28.3203125,0
base,Base LLaMA-3B,1208,0,3,90.77093552870659,95.0,31.640625,0
base,Base LLaMA-3B,1208,0,4,92.8123973627402,80.0,35.3515625,1
base,Base LLaMA-3B,1208,0,5,93.94743175066881,80.0,34.9609375,0
base,Base LLaMA-3B,1208,1,1,86.0368713718601,100.0,14.0625,0
base,Base LLaMA-3B,1208,1,2,93.50654214644392,100.0,6.25,0
base,Base LLaMA-3B,1208,1,3,95.74148637112124,90.0,6.25,0
base,Base LLaMA-3B,1208,1,4,96.41397199034334,90.0,10.546875,0
base,Base LLaMA-3B,1208,1,5,96.8353413888964,100.0,11.328125,0
base,Base LLaMA-3B,1208,2,1,64.55221349943872,100.0,39.453125,1
base,Base LLaMA-3B,1208,2,2,87.06097018004397,95.0,34.9609375,1
base,Base LLaMA-3B,1208,2,3,92.6275630399078,85.0,32.8125,1
base,Base LLaMA-3B,1208,2,4,94.25834032233563,85.0,33.59375,1
base,Base LLaMA-3B,1208,2,5,95.23999694053394,85.0,30.859375,1
base,Base LLaMA-3B,1208,3,1,86.72823380943798,100.0,50.1953125,1
base,Base LLaMA-3B,1208,3,2,95.8238534807669,95.0,61.1328125,1
base,Base LLaMA-3B,1208,3,3,97.30367715371018,95.0,63.623046875,1
base,Base LLaMA-3B,1208,3,4,97.90010165589617,95.0,64.9169921875,1
base,Base LLaMA-3B,1208,3,5,98.2038617635502,95.0,64.9169921875,1
base,Base LLaMA-3B,1208,4,1,79.03886128489022,95.0,-5.859375,0
base,Base LLaMA-3B,1208,4,2,90.84275667822239,95.0,-16.015625,0
base,Base LLaMA-3B,1208,4,3,93.30041766772024,90.0,-17.578125,0
base,Base LLaMA-3B,1208,4,4,94.6167343617248,95.0,-16.40625,0
base,Base LLaMA-3B,1208,4,5,95.09848085828932,95.0,-14.453125,0
base,Base LLaMA-3B,1208,5,1,70.78444023577237,85.0,17.1875,0
base,Base LLaMA-3B,1208,5,2,87.8211427506459,85.0,11.328125,0
base,Base LLaMA-3B,1208,5,3,92.61314967800327,85.0,8.203125,0
base,Base LLaMA-3B,1208,5,4,95.00180705560635,80.0,8.59375,0
base,Base LLaMA-3B,1208,5,5,96.28565839635523,90.0,8.59375,0
base,Base LLaMA-3B,850,0,1,77.06844439625308,100.0,20.41015625,1
base,Base LLaMA-3B,850,0,2,90.73481399166945,100.0,19.43359375,1
base,Base LLaMA-3B,850,0,3,93.42999932006033,100.0,18.84765625,1
base,Base LLaMA-3B,850,0,4,94.2918844896113,100.0,20.5078125,1
base,Base LLaMA-3B,850,0,5,94.63772172549265,95.0,21.77734375,1
base,Base LLaMA-3B,850,1,1,82.95871488698133,95.0,21.97265625,1
base,Base LLaMA-3B,850,1,2,91.82350204577817,90.0,23.14453125,1
base,Base LLaMA-3B,850,1,3,94.72085614451599,95.0,21.77734375,1
base,Base LLaMA-3B,850,1,4,95.62343602474063,100.0,20.1171875,1
base,Base LLaMA-3B,850,1,5,95.95234000151656,100.0,19.921875,1
base,Base LLaMA-3B,850,2,1,85.87227843009335,100.0,24.4140625,1
base,Base LLaMA-3B,850,2,2,96.37170102693061,100.0,22.75390625,1
base,Base LLaMA-3B,850,2,3,97.34547976481139,100.0,20.99609375,1
base,Base LLaMA-3B,850,2,4,97.58303182136781,100.0,22.75390625,1
base,Base LLaMA-3B,850,2,5,97.93265756215621,95.0,22.75390625,1
base,Base LLaMA-3B,850,3,1,77.33560511126521,100.0,6.8359375,1
base,Base LLaMA-3B,850,3,2,92.28882800316833,95.0,11.5234375,1
base,Base LLaMA-3B,850,3,3,95.3229377616041,90.0,11.71875,1
base,Base LLaMA-3B,850,3,4,96.88440487303002,95.0,12.109375,1
base,Base LLaMA-3B,850,3,5,97.85868487218013,90.0,14.453125,1
base,Base LLaMA-3B,850,4,1,73.50263786431033,95.0,-51.171875,0
base,Base LLaMA-3B,850,4,2,91.33009627811923,100.0,-54.6875,0
base,Base LLaMA-3B,850,4,3,95.13662478286872,100.0,-55.859375,0
base,Base LLaMA-3B,850,4,4,96.44187868171498,95.0,-53.90625,0
base,Base LLaMA-3B,850,4,5,97.22893233105657,95.0,-52.34375,0
base,Base LLaMA-3B,850,5,1,66.27443606626332,95.0,-0.1953125,0
base,Base LLaMA-3B,850,5,2,80.78375291619217,90.0,0.390625,0
base,Base LLaMA-3B,850,5,3,84.91699484610822,90.0,4.8828125,1
base,Base LLaMA-3B,850,5,4,87.68960997250016,85.0,2.734375,1
base,Base LLaMA-3B,850,5,5,89.30454779564019,90.0,2.1484375,1
base,Base LLaMA-3B,1239,0,1,77.77397419060624,100.0,-3.7109375,0
base,Base LLaMA-3B,1239,0,2,87.43454432210626,100.0,0.0,0
base,Base LLaMA-3B,1239,0,3,92.01291041688359,100.0,-4.1015625,0
base,Base LLaMA-3B,1239,0,4,93.58219322188921,95.0,-7.2265625,0
base,Base LLaMA-3B,1239,0,5,94.1565204311951,90.0,-6.8359375,0
base,Base LLaMA-3B,1239,1,1,83.35347583144328,100.0,31.25,1
base,Base LLaMA-3B,1239,1,2,91.36389702946049,100.0,36.572265625,1
base,Base LLaMA-3B,1239,1,3,95.00180705560635,95.0,38.720703125,1
base,Base LLaMA-3B,1239,1,4,96.16775253723986,100.0,40.7958984375,1
base,Base LLaMA-3B,1239,1,5,96.72210503964239,100.0,40.7958984375,1
base,Base LLaMA-3B,1239,2,1,77.37982830675976,100.0,24.8046875,1
base,Base LLaMA-3B,1239,2,2,84.5743831234571,100.0,23.4375,1
base,Base LLaMA-3B,1239,2,3,86.80577068381452,100.0,21.38671875,1
base,Base LLaMA-3B,1239,2,4,88.35613349647544,100.0,21.09375,1
base,Base LLaMA-3B,1239,2,5,89.5625055234075,100.0,23.14453125,1
base,Base LLaMA-3B,1239,3,1,90.17571200931246,100.0,35.83984375,1
base,Base LLaMA-3B,1239,3,2,95.96812033236124,100.0,36.962890625,1
base,Base LLaMA-3B,1239,3,3,96.85996895759325,100.0,38.427734375,1
base,Base LLaMA-3B,1239,3,4,97.70270421399762,95.0,39.16015625,1
base,Base LLaMA-3B,1239,3,5,98.2108642429147,95.0,40.4541015625,1
base,Base LLaMA-3B,1239,4,1,88.95425610396357,95.0,-52.5390625,0
base,Base LLaMA-3B,1239,4,2,95.80750850542988,95.0,-52.5390625,0
base,Base LLaMA-3B,1239,4,3,96.5781881688334,100.0,-51.7578125,0
base,Base LLaMA-3B,1239,4,4,97.53536139551885,100.0,-51.3671875,0
base,Base LLaMA-3B,1239,4,5,98.13959317674671,100.0,-51.3671875,0
base,Base LLaMA-3B,1239,5,1,97.15211550559322,100.0,37.646484375,1
base,Base LLaMA-3B,1239,5,2,99.69983518264776,95.0,42.724609375,1
base,Base LLaMA-3B,1239,5,3,99.81794083530883,100.0,42.431640625,1
base,Base LLaMA-3B,1239,5,4,99.88957553473313,100.0,42.3095703125,1
base,Base LLaMA-3B,1239,5,5,99.93089813536685,100.0,42.08984375,1
base,Base LLaMA-3B,1545,1,1,88.64805680378615,100.0,1.953125,0
base,Base LLaMA-3B,1545,1,2,97.83344372705258,100.0,-1.953125,0
base,Base LLaMA-3B,1545,1,3,99.27429455092602,100.0,-2.734375,0
base,Base LLaMA-3B,1545,1,4,99.586505499304,100.0,-3.125,0
base,Base LLaMA-3B,1545,1,5,99.71580966283261,100.0,-3.125,0
base,Base LLaMA-3B,1545,3,1,83.67544875460415,95.0,88.76953125,1
base,Base LLaMA-3B,1545,3,2,95.74148637112124,95.0,93.8232421875,1
base,Base LLaMA-3B,1545,3,3,97.57357207538233,95.0,94.091796875,1
base,Base LLaMA-3B,1545,3,4,98.22478740783714,90.0,93.5546875,1
base,Base LLaMA-3B,1545,3,5,98.52829707013649,90.0,92.8955078125,1
base,Base LLaMA-3B,1545,5,1,84.54422552430152,95.0,68.1640625,1
base,Base LLaMA-3B,1545,5,2,94.48907389602414,95.0,59.1796875,1
base,Base LLaMA-3B,1545,5,3,95.96812033236124,95.0,43.75,0
base,Base LLaMA-3B,1545,5,4,96.90865062666418,95.0,28.90625,0
base,Base LLaMA-3B,1545,5,5,97.35582875844248,95.0,21.484375,0
base,Base LLaMA-3B,1545,7,1,68.7784773353463,100.0,3.515625,0
base,Base LLaMA-3B,1545,7,2,85.48064356162975,90.0,0.78125,0
base,Base LLaMA-3B,1545,7,3,91.1935651608324,90.0,-1.171875,0
base,Base LLaMA-3B,1545,7,4,94.48907389602414,90.0,-2.34375,0
base,Base LLaMA-3B,1545,7,5,96.27112087435374,95.0,-2.734375,0
base,Base LLaMA-3B,1545,9,1,69.26252217876483,95.0,90.283203125,1
base,Base LLaMA-3B,1545,9,2,91.39756600416064,95.0,90.869140625,1
base,Base LLaMA-3B,1545,9,3,93.60721387932924,85.0,86.9140625,1
base,Base LLaMA-3B,1545,9,4,94.78236003336916,90.0,78.90625,1
base,Base LLaMA-3B,1545,9,5,95.80750850542988,90.0,75.29296875,1
base,Base LLaMA-3B,1545,11,1,93.16828024629558,95.0,92.822265625,1
base,Base LLaMA-3B,1545,11,2,98.24546926098378,90.0,95.4254150390625,1
base,Base LLaMA-3B,1545,11,3,98.9358233133784,90.0,95.123291015625,1
base,Base LLaMA-3B,1545,11,4,99.19671729342457,90.0,94.854736328125,1
base,Base LLaMA-3B,1545,11,5,99.24538573231088,90.0,94.3115234375,1
base,Base LLaMA-3B,8-135,0,1,84.96111867170004,90.0,23.828125,0
base,Base LLaMA-3B,8-135,0,2,88.28770744500207,95.0,29.8828125,1
base,Base LLaMA-3B,8-135,0,3,93.92374266832815,90.0,33.984375,1
base,Base LLaMA-3B,8-135,0,4,96.48333205068475,95.0,42.08984375,1
base,Base LLaMA-3B,8-135,0,5,97.30367715371018,95.0,43.45703125,1
base,Base LLaMA-3B,8-135,1,1,88.24186682804344,95.0,-2.734375,0
base,Base LLaMA-3B,8-135,1,2,94.26954355717314,100.0,2.734375,0
base,Base LLaMA-3B,8-135,1,3,96.5781881688334,100.0,4.6875,0
base,Base LLaMA-3B,8-135,1,4,97.64822541439909,100.0,0.78125,0
base,Base LLaMA-3B,8-135,1,5,98.16843611112658,100.0,-0.390625,0
base,Base LLaMA-3B,8-135,2,1,92.16739471370042,95.0,6.25,0
base,Base LLaMA-3B,8-135,2,2,97.20719857796341,95.0,1.5625,0
base,Base LLaMA-3B,8-135,2,3,97.95674283109362,100.0,0.0,0
base,Base LLaMA-3B,8-135,2,4,98.40870971683945,100.0,0.78125,0
base,Base LLaMA-3B,8-135,2,5,98.63889729190892,100.0,5.46875,0
base,Base LLaMA-3B,8-135,3,1,75.20507646649686,90.0,-20.703125,0
base,Base LLaMA-3B,8-135,3,2,94.46750474110137,100.0,-27.34375,0
base,Base LLaMA-3B,8-135,3,3,96.89655142731077,100.0,-26.171875,0
base,Base LLaMA-3B,8-135,3,4,97.99626300219846,100.0,-25.0,0
base,Base LLaMA-3B,8-135,3,5,98.48749996208883,100.0,-25.78125,0
base,Base LLaMA-3B,8-135,4,1,83.41837447878325,95.0,-6.25,0
base,Base LLaMA-3B,8-135,4,2,95.3229377616041,100.0,-8.203125,0
base,Base LLaMA-3B,8-135,4,3,97.37640586229477,100.0,-9.765625,0
base,Base LLaMA-3B,8-135,4,4,98.40870971683945,90.0,-10.9375,0
base,Base LLaMA-3B,8-135,4,5,98.83578715864881,90.0,-7.03125,0
base,Base LLaMA-3B,8-135,5,1,72.01320796107638,85.0,54.4921875,1
base,Base LLaMA-3B,8-135,5,2,90.69855107893365,90.0,59.3017578125,1
base,Base LLaMA-3B,8-135,5,3,93.30041766772024,80.0,57.861328125,1
base,Base LLaMA-3B,8-135,5,4,94.86325204327493,80.0,56.3720703125,1
base,Base LLaMA-3B,8-135,5,5,96.1225792168278,85.0,56.201171875,1
base,Base LLaMA-3B,8-135,6,1,69.50172312889407,100.0,3.515625,0
base,Base LLaMA-3B,8-135,6,2,88.14964664660944,95.0,-2.34375,0
base,Base LLaMA-3B,8-135,6,3,94.04126812380139,95.0,1.953125,0
base,Base LLaMA-3B,8-135,6,4,97.0037614479853,95.0,5.078125,0
base,Base LLaMA-3B,8-135,6,5,98.34531991837699,100.0,6.25,0
base,Base LLaMA-3B,8-135,7,1,90.0014927086395,95.0,-10.9375,0
base,Base LLaMA-3B,8-135,7,2,97.62514635842415,85.0,-3.515625,0
base,Base LLaMA-3B,8-135,7,3,99.22899790564743,85.0,-5.078125,0
base,Base LLaMA-3B,8-135,7,4,99.65786989456417,85.0,-10.546875,0
base,Base LLaMA-3B,8-135,7,5,99.79248760144246,85.0,-10.546875,0
base,Base LLaMA-3B,1554,0,1,96.48333205068475,95.0,1.5625,0
base,Base LLaMA-3B,1554,0,2,99.50896313081255,95.0,-1.5625,0
base,Base LLaMA-3B,1554,0,3,99.76068774272672,95.0,-2.34375,0
base,Base LLaMA-3B,1554,0,4,99.84058366885438,95.0,-1.953125,0
base,Base LLaMA-3B,1554,0,5,99.8719053793098,95.0,-1.5625,0
base,Base LLaMA-3B,1554,1,1,82.21051262373308,95.0,3.90625,0
base,Base LLaMA-3B,1554,1,2,91.05488399129757,95.0,3.90625,0
base,Base LLaMA-3B,1554,1,3,94.74143757592263,90.0,6.640625,0
base,Base LLaMA-3B,1554,1,4,96.15275354475345,90.0,4.296875,0
base,Base LLaMA-3B,1554,1,5,96.90865062666418,95.0,3.125,0
base,Base LLaMA-3B,1554,2,1,89.66393809804971,100.0,8.203125,0
base,Base LLaMA-3B,1554,2,2,95.75808874236671,100.0,9.765625,0
base,Base LLaMA-3B,1554,2,3,97.50630901556111,100.0,9.765625,0
base,Base LLaMA-3B,1554,2,4,98.11766328982257,100.0,13.671875,0
base,Base LLaMA-3B,1554,2,5,98.28611292177744,95.0,14.453125,0
base,Base LLaMA-3B,1554,3,1,77.81734203207127,95.0,9.765625,0
base,Base LLaMA-3B,1554,3,2,87.93949805610472,95.0,20.703125,0
base,Base LLaMA-3B,1554,3,3,92.6849357995037,95.0,33.59375,0
base,Base LLaMA-3B,1554,3,4,94.64818470416884,100.0,42.578125,0
base,Base LLaMA-3B,1554,3,5,95.49331968243283,100.0,51.5625,1
base,Base LLaMA-3B,1554,4,1,82.75783761062472,90.0,14.84375,0
base,Base LLaMA-3B,1554,4,2,95.77462638710077,95.0,26.171875,0
base,Base LLaMA-3B,1554,4,3,97.0502138211233,90.0,26.5625,0
base,Base LLaMA-3B,1554,4,4,97.73832048393311,90.0,33.59375,0
base,Base LLaMA-3B,1554,4,5,98.1826894543901,85.0,35.9375,0
base,Base LLaMA-3B,1554,6,1,77.51198083158357,95.0,3.90625,0
base,Base LLaMA-3B,1554,6,2,90.02100198496345,90.0,3.90625,0
base,Base LLaMA-3B,1554,6,3,92.34883681973356,90.0,2.34375,0
base,Base LLaMA-3B,1554,6,4,93.24787219224557,90.0,4.6875,0
base,Base LLaMA-3B,1554,6,5,93.55707463636479,90.0,7.421875,0
base,Base LLaMA-3B,1554,8,1,95.06003776720162,85.0,22.65625,0
base,Base LLaMA-3B,1554,8,2,98.86275612007152,100.0,32.03125,0
base,Base LLaMA-3B,1554,8,3,99.41000564741141,100.0,33.203125,0
base,Base LLaMA-3B,1554,8,4,99.63079096839303,90.0,32.421875,0
base,Base LLaMA-3B,1554,8,5,99.7829532072754,90.0,34.375,0
base,Base LLaMA-3B,8-332,0,1,77.9899688459296,100.0,4.6875,0
base,Base LLaMA-3B,8-332,0,2,89.8440391295133,95.0,4.6875,0
base,Base LLaMA-3B,8-332,0,3,94.56390587648032,95.0,2.734375,0
base,Base LLaMA-3B,8-332,0,4,96.08452828633422,90.0,2.734375,0
base,Base LLaMA-3B,8-332,0,5,96.6509195655116,80.0,2.734375,0
base,Base LLaMA-3B,8-332,1,1,85.19427491574153,100.0,35.9375,0
base,Base LLaMA-3B,8-332,1,2,89.50116880728385,100.0,45.3125,0
base,Base LLaMA-3B,8-332,1,3,92.43797557077322,100.0,45.3125,0
base,Base LLaMA-3B,8-332,1,4,94.46750474110137,100.0,51.3671875,0
base,Base LLaMA-3B,8-332,1,5,95.8238534807669,100.0,54.6875,1
base,Base LLaMA-3B,8-332,2,1,69.62062464221258,100.0,0.0,0
base,Base LLaMA-3B,8-332,2,2,81.57397742258348,95.0,-2.734375,0
base,Base LLaMA-3B,8-332,2,3,87.5323294739798,100.0,-4.6875,0
base,Base LLaMA-3B,8-332,2,4,89.981945291025,100.0,-5.078125,0
base,Base LLaMA-3B,8-332,2,5,91.15909774940654,100.0,-4.6875,0
base,Base LLaMA-3B,8-332,3,1,71.62794842963696,95.0,0.390625,0
base,Base LLaMA-3B,8-332,3,2,87.50795475929988,95.0,5.078125,0
base,Base LLaMA-3B,8-332,3,3,89.80428982254163,90.0,11.71875,0
base,Base LLaMA-3B,8-332,3,4,91.27914694113025,95.0,9.765625,0
base,Base LLaMA-3B,8-332,3,5,91.6785038782887,100.0,12.109375,0
base,Base LLaMA-3B,7-891,0,1,86.46647167633873,90.0,-8.59375,0
base,Base LLaMA-3B,7-891,0,2,91.79150013761011,95.0,-17.3828125,0
base,Base LLaMA-3B,7-891,0,3,93.8038992309468,100.0,-15.4296875,0
base,Base LLaMA-3B,7-891,0,4,95.0212931632136,100.0,-19.3359375,0
base,Base LLaMA-3B,7-891,0,5,95.74148637112124,100.0,-15.0390625,0
base,Base LLaMA-3B,7-891,1,1,87.0862170594796,95.0,-1.3671875,1
base,Base LLaMA-3B,7-891,1,2,93.9945332104692,95.0,1.953125,1
base,Base LLaMA-3B,7-891,1,3,95.24928474843205,95.0,5.2734375,1
base,Base LLaMA-3B,7-891,1,4,96.06151872426645,95.0,0.1953125,1
base,Base LLaMA-3B,7-891,1,5,96.2418749129002,95.0,-1.171875,1
base,Base LLaMA-3B,7-891,2,1,73.6574418753006,95.0,-40.4296875,0
base,Base LLaMA-3B,7-891,2,2,90.0014927086395,90.0,-52.1484375,0
base,Base LLaMA-3B,7-891,2,3,91.7109463171231,90.0,-52.9296875,0
base,Base LLaMA-3B,7-891,2,4,93.12813313473457,90.0,-51.7578125,0
base,Base LLaMA-3B,7-891,2,5,93.6445620850795,95.0,-49.0234375,0
base,Base LLaMA-3B,7-891,3,1,81.21055669129983,100.0,-41.2109375,0
base,Base LLaMA-3B,7-891,3,2,88.86762326086944,100.0,-35.7421875,0
base,Base LLaMA-3B,7-891,3,3,92.69920909097175,100.0,-35.7421875,0
base,Base LLaMA-3B,7-891,3,4,94.98224468153028,100.0,-41.2109375,0
base,Base LLaMA-3B,7-891,3,5,95.77462638710077,95.0,-40.8203125,0
base,Base LLaMA-3B,7-1197,1,1,97.27189375322432,100.0,-7.421875,0
base,Base LLaMA-3B,7-1197,1,2,99.88382322367076,100.0,-10.546875,0
base,Base LLaMA-3B,7-1197,1,3,99.98273186380196,100.0,-11.71875,0
base,Base LLaMA-3B,7-1197,1,4,99.99473351601185,100.0,-12.109375,0
base,Base LLaMA-3B,7-1197,1,5,99.99766301189668,100.0,-12.109375,0
base,Base LLaMA-3B,7-1197,3,1,73.70884197239096,90.0,1.171875,0
base,Base LLaMA-3B,7-1197,3,2,88.86762326086944,90.0,18.359375,0
base,Base LLaMA-3B,7-1197,3,3,93.75530261031417,90.0,20.703125,0
base,Base LLaMA-3B,7-1197,3,4,96.27112087435374,90.0,19.140625,0
base,Base LLaMA-3B,7-1197,3,5,97.09594601696809,95.0,16.40625,0
base,Base LLaMA-3B,7-1197,5,1,78.03291523454247,95.0,-13.28125,0
base,Base LLaMA-3B,7-1197,5,2,85.59363408985467,95.0,-13.28125,0
base,Base LLaMA-3B,7-1197,5,3,91.26209738045796,100.0,-13.671875,0
base,Base LLaMA-3B,7-1197,5,4,94.35838604962227,90.0,-14.0625,0
base,Base LLaMA-3B,7-1197,5,5,95.60630663765926,90.0,-14.0625,0
base,Base LLaMA-3B,7-1197,7,1,75.87387722621557,95.0,-5.859375,0
base,Base LLaMA-3B,7-1197,7,2,91.79150013761011,95.0,-10.15625,0
base,Base LLaMA-3B,7-1197,7,3,95.0212931632136,90.0,-10.9375,0
base,Base LLaMA-3B,7-1197,7,4,95.99949666886207,95.0,-10.9375,0
base,Base LLaMA-3B,7-1197,7,5,96.5781881688334,95.0,-11.328125,0
base,Base LLaMA-3B,7-1197,9,1,77.06844439625308,90.0,-10.9375,0
base,Base LLaMA-3B,7-1197,9,2,74.8146132362621,95.0,-6.640625,0
base,Base LLaMA-3B,7-1197,9,3,79.12058102022604,100.0,-7.03125,0
base,Base LLaMA-3B,7-1197,9,4,84.48373333336518,100.0,-9.375,0
base,Base LLaMA-3B,7-1197,9,5,88.10326567496395,100.0,-10.15625,0
base,Base LLaMA-3B,7-1197,11,1,79.12058102022604,100.0,2.34375,0
base,Base LLaMA-3B,7-1197,11,2,91.56395213930173,100.0,-4.6875,0
base,Base LLaMA-3B,7-1197,11,3,94.20199474997456,95.0,-4.6875,0
base,Base LLaMA-3B,7-1197,11,4,95.11759007045801,95.0,-6.25,0
base,Base LLaMA-3B,7-1197,11,5,95.62343602474063,100.0,-6.25,0
base,Base LLaMA-3B,8-279,0,1,73.76014177664078,100.0,17.1875,0
base,Base LLaMA-3B,8-279,0,2,81.82418142375916,95.0,20.703125,0
base,Base LLaMA-3B,8-279,0,3,87.50795475929988,90.0,25.0,0
base,Base LLaMA-3B,8-279,0,4,90.57050954248125,95.0,25.390625,0
base,Base LLaMA-3B,8-279,0,5,92.30387418765206,90.0,28.90625,0
base,Base LLaMA-3B,8-279,1,1,73.08536512708162,100.0,32.8125,0
base,Base LLaMA-3B,8-279,1,2,86.0368713718601,95.0,40.234375,0
base,Base LLaMA-3B,8-279,1,3,91.53093438152196,95.0,47.65625,1
base,Base LLaMA-3B,8-279,1,4,93.9945332104692,95.0,51.5625,1
base,Base LLaMA-3B,8-279,1,5,94.78236003336916,95.0,54.296875,1
base,Base LLaMA-3B,8-279,2,1,72.33926396448128,100.0,-3.125,0
base,Base LLaMA-3B,8-279,2,2,90.6621462371703,95.0,-3.515625,0
base,Base LLaMA-3B,8-279,2,3,93.58219322188921,95.0,0.0,0
base,Base LLaMA-3B,8-279,2,4,94.24711518479769,90.0,3.125,0
base,Base LLaMA-3B,8-279,2,5,94.923096969658,90.0,5.859375,0
base,Base LLaMA-3B,8-279,3,1,73.81134148374335,100.0,-1.171875,0
base,Base LLaMA-3B,8-279,3,2,92.07506644114036,95.0,-4.6875,0
base,Base LLaMA-3B,8-279,3,3,93.73086155577948,95.0,-3.515625,0
base,Base LLaMA-3B,8-279,3,4,94.55327812986499,95.0,-3.125,0
base,Base LLaMA-3B,8-279,3,5,94.80270168383701,85.0,-1.5625,0
base,Base LLaMA-3B,8-279,4,1,78.91568158713034,100.0,1.5625,0
base,Base LLaMA-3B,8-279,4,2,87.7973326756234,100.0,-0.78125,0
base,Base LLaMA-3B,8-279,4,3,91.48116528465314,100.0,-1.171875,0
base,Base LLaMA-3B,8-279,4,4,93.26104707158879,95.0,0.78125,0
base,Base LLaMA-3B,8-279,4,5,94.41321179630002,95.0,1.171875,0
base,Base LLaMA-3B,8-279,5,1,87.80477832022994,90.0,1.171875,0
base,Base LLaMA-3B,8-279,5,2,99.87664708330144,95.0,-0.390625,0
base,Base LLaMA-3B,8-279,5,3,99.88044225356616,90.0,2.734375,0
base,Base LLaMA-3B,8-279,5,4,99.92518267405734,90.0,4.296875,0
base,Base LLaMA-3B,8-279,5,5,99.95169430375384,85.0,7.03125,0
base,Base LLaMA-3B,8-466,1,1,95.90462746629869,95.0,45.751953125,1
base,Base LLaMA-3B,8-466,1,2,98.86275612007152,95.0,50.68359375,1
base,Base LLaMA-3B,8-466,1,3,99.41000564741141,95.0,51.30615234375,1
base,Base LLaMA-3B,8-466,1,4,99.51087750214207,100.0,51.092529296875,1
base,Base LLaMA-3B,8-466,1,5,99.51087750214207,95.0,50.439453125,1
base,Base LLaMA-3B,8-466,2,1,89.25219620042508,100.0,-16.40625,0
base,Base LLaMA-3B,8-466,2,2,95.58911020805243,100.0,-32.421875,0
base,Base LLaMA-3B,8-466,2,3,96.96844273606588,100.0,-32.421875,0
base,Base LLaMA-3B,8-466,2,4,97.48675075476731,95.0,-33.59375,0
base,Base LLaMA-3B,8-466,2,5,97.85030400173132,100.0,-33.984375,0
base,Base LLaMA-3B,8-466,4,1,87.33599223178122,95.0,2.734375,0
base,Base LLaMA-3B,8-466,4,2,94.63772172549265,95.0,-1.171875,0
base,Base LLaMA-3B,8-466,4,3,95.8238534807669,90.0,9.5703125,0
base,Base LLaMA-3B,8-466,4,4,96.4279525886228,85.0,9.375,0
base,Base LLaMA-3B,8-466,4,5,96.7980373946154,85.0,12.3046875,1
base,Base LLaMA-3B,8-466,5,1,86.5717904293102,100.0,-3.515625,0
base,Base LLaMA-3B,8-466,5,2,96.44187868171498,100.0,26.3671875,1
base,Base LLaMA-3B,8-466,5,3,98.2108642429147,95.0,29.00390625,1
base,Base LLaMA-3B,8-466,5,4,98.94822134731076,95.0,33.203125,1
base,Base LLaMA-3B,8-466,5,5,99.34181373750361,90.0,35.05859375,1
base,Base LLaMA-3B,8-466,7,1,75.87387722621557,85.0,34.47265625,1
base,Base LLaMA-3B,8-466,7,2,87.483532391234,75.0,49.42626953125,1
base,Base LLaMA-3B,8-466,7,3,88.42415978637368,75.0,50.32958984375,1
base,Base LLaMA-3B,8-466,7,4,89.46007754381357,75.0,50.76904296875,1
base,Base LLaMA-3B,8-466,7,5,90.25216522500516,65.0,50.946044921875,1
base,Base LLaMA-3B,1204,0,1,82.62260565495548,100.0,5.078125,0
base,Base LLaMA-3B,1204,0,2,89.29409791644729,100.0,1.5625,0
base,Base LLaMA-3B,1204,0,3,91.91876113231778,95.0,1.5625,0
base,Base LLaMA-3B,1204,0,4,93.08775009567289,95.0,1.5625,0
base,Base LLaMA-3B,1204,0,5,93.60721387932924,95.0,2.34375,0
base,Base LLaMA-3B,1204,1,1,81.78864708789864,100.0,2.34375,0
base,Base LLaMA-3B,1204,1,2,91.12449543634658,100.0,0.390625,0
base,Base LLaMA-3B,1204,1,3,93.89996086954065,100.0,0.78125,0
base,Base LLaMA-3B,1204,1,4,95.17447186907204,100.0,0.78125,0
base,Base LLaMA-3B,1204,1,5,95.74148637112124,100.0,1.5625,0
base,Base LLaMA-3B,1204,2,1,79.76297320824692,95.0,2.734375,0
base,Base LLaMA-3B,1204,2,2,93.6321369904703,95.0,1.171875,0
base,Base LLaMA-3B,1204,2,3,95.04070330168683,90.0,0.390625,0
base,Base LLaMA-3B,1204,2,4,96.13769584787028,90.0,0.78125,0
base,Base LLaMA-3B,1204,2,5,96.74761382060034,100.0,0.390625,0
base,Base LLaMA-3B,1204,3,1,73.60594128929388,95.0,-0.390625,0
base,Base LLaMA-3B,1204,3,2,93.11469840418007,95.0,-1.953125,0
base,Base LLaMA-3B,1204,3,3,95.8238534807669,95.0,-1.953125,0
base,Base LLaMA-3B,1204,3,4,96.13769584787028,90.0,-1.171875,0
base,Base LLaMA-3B,1204,3,5,96.19757532359709,95.0,-0.390625,0
base,Base LLaMA-3B,1204,4,1,91.91876113231778,95.0,1.953125,0
base,Base LLaMA-3B,1204,4,2,97.16321835502869,95.0,2.34375,0
base,Base LLaMA-3B,1204,4,3,97.57357207538233,100.0,5.078125,0
base,Base LLaMA-3B,1204,4,4,97.57357207538233,100.0,9.375,0
base,Base LLaMA-3B,1204,4,5,97.98842059732591,100.0,8.203125,0
base,Base LLaMA-3B,1204,5,1,91.57218644597873,90.0,3.90625,0
base,Base LLaMA-3B,1204,5,2,98.4410112506194,100.0,8.203125,0
base,Base LLaMA-3B,1204,5,3,99.49387045592968,95.0,7.03125,0
base,Base LLaMA-3B,1204,5,4,99.77540637626623,95.0,5.859375,0
base,Base LLaMA-3B,1204,5,5,99.85945290160826,95.0,7.8125,0
base,Base LLaMA-3B,9-24,1,1,77.8606252533847,100.0,5.46875,0
base,Base LLaMA-3B,9-24,1,2,89.86385563223553,95.0,-0.78125,0
base,Base LLaMA-3B,9-24,1,3,93.85211766967733,95.0,0.390625,0
base,Base LLaMA-3B,9-24,1,4,95.21202442691384,100.0,-5.859375,0
base,Base LLaMA-3B,9-24,1,5,95.90462746629869,100.0,-9.765625,0
base,Base LLaMA-3B,9-24,3,1,64.06424769046792,95.0,-17.1875,0
base,Base LLaMA-3B,9-24,3,2,71.57248011577123,95.0,-19.53125,0
base,Base LLaMA-3B,9-24,3,3,79.68376772484682,100.0,-20.3125,0
base,Base LLaMA-3B,9-24,3,4,83.15725187218158,90.0,-19.921875,0
base,Base LLaMA-3B,9-24,3,5,86.46647167633873,90.0,-19.921875,0
base,Base LLaMA-3B,9-24,5,1,88.24186682804344,100.0,40.0390625,1
base,Base LLaMA-3B,9-24,5,2,96.68346625110897,95.0,49.4140625,1
base,Base LLaMA-3B,9-24,5,3,97.98842059732591,100.0,51.7578125,1
base,Base LLaMA-3B,9-24,5,4,98.22478740783714,100.0,56.4453125,1
base,Base LLaMA-3B,9-24,5,5,98.4333803859871,100.0,54.78515625,1
base,Base LLaMA-3B,9-24,7,1,83.77082073908558,100.0,-5.859375,0
base,Base LLaMA-3B,9-24,7,2,93.23467155557066,90.0,-10.9375,0
base,Base LLaMA-3B,9-24,7,3,94.81284275050159,90.0,-9.375,0
base,Base LLaMA-3B,9-24,7,4,95.6319756590535,90.0,-7.8125,0
base,Base LLaMA-3B,9-24,7,5,96.08452828633422,90.0,-5.859375,0
base,Base LLaMA-3B,9-24,9,1,63.53397068602546,85.0,7.03125,0
base,Base LLaMA-3B,9-24,9,2,82.90871604226855,90.0,-3.515625,0
base,Base LLaMA-3B,9-24,9,3,86.05050058368928,90.0,-5.078125,0
base,Base LLaMA-3B,9-24,9,4,87.49574953775866,90.0,-4.296875,0
base,Base LLaMA-3B,9-24,9,5,88.25334377507905,80.0,-3.90625,0
base,Base LLaMA-3B,8-165,1,1,94.26954355717314,100.0,48.046875,0
base,Base LLaMA-3B,8-165,1,2,97.89188288615556,100.0,59.5703125,1
base,Base LLaMA-3B,8-165,1,3,98.87160622215829,100.0,66.9921875,1
base,Base LLaMA-3B,8-165,1,4,99.17444947652486,95.0,69.7265625,1
base,Base LLaMA-3B,8-165,1,5,99.35706060585255,95.0,70.1171875,1
base,Base LLaMA-3B,8-165,3,1,95.34117189923688,90.0,7.8125,0
base,Base LLaMA-3B,8-165,3,2,98.57913770688037,100.0,21.875,0
base,Base LLaMA-3B,8-165,3,3,99.57999390840484,100.0,23.4375,0
base,Base LLaMA-3B,8-165,3,4,99.77518693942609,100.0,24.21875,0
base,Base LLaMA-3B,8-165,3,5,99.84548839373537,95.0,24.609375,0
base,Base LLaMA-3B,8-165,5,1,89.12550449027789,90.0,48.2421875,0
base,Base LLaMA-3B,8-165,5,2,97.25049695074132,95.0,66.6015625,1
base,Base LLaMA-3B,8-165,5,3,98.38365054118341,95.0,68.9453125,1
base,Base LLaMA-3B,8-165,5,4,98.65999923348592,95.0,72.16796875,1
base,Base LLaMA-3B,8-165,5,5,98.98851435473955,95.0,75.9765625,1
base,Base LLaMA-3B,8-165,7,1,95.80750850542988,100.0,39.84375,0
base,Base LLaMA-3B,8-165,7,2,99.39601433454051,90.0,70.1171875,1
base,Base LLaMA-3B,8-165,7,3,99.69629693476517,95.0,70.1171875,1
base,Base LLaMA-3B,8-165,7,4,99.78464227881679,95.0,69.3359375,1
base,Base LLaMA-3B,8-165,7,5,99.82146217831415,95.0,63.28125,1
base,Base LLaMA-3B,7-664,0,1,88.91102428469475,100.0,6.25,0
base,Base LLaMA-3B,7-664,0,2,97.98054749814854,95.0,6.640625,0
base,Base LLaMA-3B,7-664,0,3,98.8847524078647,95.0,5.078125,0
base,Base LLaMA-3B,7-664,0,4,99.04607818327621,95.0,5.859375,0
base,Base LLaMA-3B,7-664,0,5,99.04607818327621,95.0,10.15625,0
base,Base LLaMA-3B,7-664,1,1,72.1223181229528,95.0,-1.171875,0
base,Base LLaMA-3B,7-664,1,2,88.55902240981617,100.0,-1.953125,0
base,Base LLaMA-3B,7-664,1,3,90.36573094000977,100.0,-2.34375,0
base,Base LLaMA-3B,7-664,1,4,91.36389702946049,100.0,-1.953125,0
base,Base LLaMA-3B,7-664,1,5,91.75937297751489,95.0,-0.78125,0
base,Base LLaMA-3B,7-664,2,1,84.17770239505016,100.0,5.46875,0
base,Base LLaMA-3B,7-664,2,2,93.30041766772024,100.0,3.125,0
base,Base LLaMA-3B,7-664,2,3,96.2418749129002,95.0,5.46875,0
base,Base LLaMA-3B,7-664,2,4,97.0731692392864,95.0,10.546875,0
base,Base LLaMA-3B,7-664,2,5,97.41708091928093,95.0,22.265625,0
base,Base LLaMA-3B,7-664,3,1,52.48575499191821,90.0,25.390625,0
base,Base LLaMA-3B,7-664,3,2,82.52048609874389,95.0,41.40625,0
base,Base LLaMA-3B,7-664,3,3,89.39813890201498,95.0,48.046875,0
base,Base LLaMA-3B,7-664,3,4,93.04712974266496,100.0,51.5625,1
base,Base LLaMA-3B,7-664,3,5,94.49982691915353,95.0,49.4140625,0
base,Base LLaMA-3B,9-633,0,1,83.48302011027535,90.0,11.71875,0
base,Base LLaMA-3B,9-633,0,2,92.55521389287837,80.0,37.5,0
base,Base LLaMA-3B,9-633,0,3,94.20199474997456,85.0,49.21875,0
base,Base LLaMA-3B,9-633,0,4,94.46750474110137,85.0,58.203125,1
base,Base LLaMA-3B,9-633,0,5,94.80270168383701,85.0,63.8671875,1
base,Base LLaMA-3B,9-633,1,1,79.36383361939829,90.0,1.5625,0
base,Base LLaMA-3B,9-633,1,2,91.26209738045796,85.0,1.171875,0
base,Base LLaMA-3B,9-633,1,3,93.60721387932924,85.0,1.5625,0
base,Base LLaMA-3B,9-633,1,4,94.70019415966442,85.0,2.34375,0
base,Base LLaMA-3B,9-633,1,5,95.3229377616041,90.0,1.953125,0
base,Base LLaMA-3B,9-633,2,1,83.0582742044113,85.0,0.390625,0
base,Base LLaMA-3B,9-633,2,2,90.49655313221565,90.0,0.390625,0
base,Base LLaMA-3B,9-633,2,3,91.99729538845425,90.0,0.78125,0
base,Base LLaMA-3B,9-633,2,4,93.56964619405744,85.0,0.390625,0
base,Base LLaMA-3B,9-633,2,5,94.83306556011779,85.0,0.0,0
base,Base LLaMA-3B,9-633,3,1,59.59634763366579,100.0,1.171875,0
base,Base LLaMA-3B,9-633,3,2,83.02515256139138,100.0,0.0,0
base,Base LLaMA-3B,9-633,3,3,89.54209987109985,95.0,0.0,0
base,Base LLaMA-3B,9-633,3,4,92.46745711008072,90.0,0.0,0
base,Base LLaMA-3B,9-633,3,5,94.04126812380139,90.0,0.0,0
base,Base LLaMA-3B,8-213,1,1,87.5323294739798,100.0,4.6875,0
base,Base LLaMA-3B,8-213,1,2,95.62343602474063,100.0,2.34375,0
base,Base LLaMA-3B,8-213,1,3,98.02732806496847,95.0,1.5625,0
base,Base LLaMA-3B,8-213,1,4,98.60116613494839,100.0,-1.5625,0
base,Base LLaMA-3B,8-213,1,5,98.80351398984872,100.0,-0.78125,0
base,Base LLaMA-3B,8-213,3,1,95.87250706142024,100.0,31.8359375,1
base,Base LLaMA-3B,8-213,3,2,99.28274927549913,95.0,40.4296875,1
base,Base LLaMA-3B,8-213,3,3,99.67161868956865,85.0,41.50390625,1
base,Base LLaMA-3B,8-213,3,4,99.75975110103444,90.0,40.0390625,1
base,Base LLaMA-3B,8-213,3,5,99.81865061672653,85.0,41.50390625,1
base,Base LLaMA-3B,8-213,5,1,83.09133121985563,100.0,-23.046875,0
base,Base LLaMA-3B,8-213,5,2,92.84041916981849,100.0,-37.109375,0
base,Base LLaMA-3B,8-213,5,3,93.37847016608114,100.0,-39.0625,0
base,Base LLaMA-3B,8-213,5,4,94.24711518479769,100.0,-40.234375,0
base,Base LLaMA-3B,8-213,5,5,94.67945130609063,100.0,-39.84375,0
base,Base LLaMA-3B,8-213,7,1,82.75783761062472,100.0,-15.625,0
base,Base LLaMA-3B,8-213,7,2,92.8123973627402,95.0,-22.65625,0
base,Base LLaMA-3B,8-213,7,3,94.48907389602414,100.0,-23.828125,0
base,Base LLaMA-3B,8-213,7,4,95.06003776720162,95.0,-22.65625,0
base,Base LLaMA-3B,8-213,7,5,95.50211320221104,95.0,-23.4375,0
base,Base LLaMA-3B,8-213,9,1,83.41837447878325,100.0,53.40576171875,1
base,Base LLaMA-3B,8-213,9,2,96.8353413888964,100.0,54.62646484375,1
base,Base LLaMA-3B,8-213,9,3,97.53536139551885,100.0,54.72412109375,1
base,Base LLaMA-3B,8-213,9,4,97.45712536795878,100.0,54.62646484375,1
base,Base LLaMA-3B,8-213,9,5,97.45712536795878,100.0,54.5013427734375,1
base,Base LLaMA-3B,8-213,11,1,65.64282723503412,100.0,-5.46875,0
base,Base LLaMA-3B,8-213,11,2,90.38452950781529,95.0,-4.6875,0
base,Base LLaMA-3B,8-213,11,3,95.73316083392905,100.0,-0.78125,0
base,Base LLaMA-3B,8-213,11,4,98.01573551095511,100.0,-6.25,0
base,Base LLaMA-3B,8-213,11,5,99.06269982358346,100.0,0.78125,0
base,Base LLaMA-3B,473,1,1,98.00407483243194,95.0,45.703125,1
base,Base LLaMA-3B,473,1,2,99.33144881204606,100.0,45.5078125,1
base,Base LLaMA-3B,473,1,3,99.44575159819209,100.0,44.7265625,1
base,Base LLaMA-3B,473,1,4,99.52592621934599,100.0,46.09375,1
base,Base LLaMA-3B,473,1,5,99.61907101565039,100.0,48.33984375,1
base,Base LLaMA-3B,473,3,1,89.58287135982084,95.0,-16.015625,0
base,Base LLaMA-3B,473,3,2,93.16828024629558,95.0,-18.359375,0
base,Base LLaMA-3B,473,3,3,95.72481902003196,100.0,-17.96875,0
base,Base LLaMA-3B,473,3,4,96.51069897778454,100.0,-19.140625,0
base,Base LLaMA-3B,473,3,5,97.19626786225358,100.0,-21.09375,0
base,Base LLaMA-3B,473,5,1,87.91591936968007,95.0,-15.625,0
base,Base LLaMA-3B,473,5,2,96.89655142731077,95.0,-21.875,0
base,Base LLaMA-3B,473,5,3,98.0579115085809,85.0,-23.4375,0
base,Base LLaMA-3B,473,5,4,98.38995209053051,85.0,-24.609375,0
base,Base LLaMA-3B,473,5,5,98.57913770688037,85.0,-24.609375,0
base,Base LLaMA-3B,473,7,1,66.8297111534161,100.0,12.109375,0
base,Base LLaMA-3B,473,7,2,86.06411649223809,95.0,12.890625,0
base,Base LLaMA-3B,473,7,3,90.71670024179629,95.0,7.421875,0
base,Base LLaMA-3B,473,7,4,93.51921230408557,90.0,1.953125,0
base,Base LLaMA-3B,473,7,5,94.36939407334657,90.0,-2.34375,0
base,Base LLaMA-3B,473,9,1,77.94693849568436,95.0,46.484375,1
base,Base LLaMA-3B,473,9,2,90.94944179438548,90.0,38.4765625,0
base,Base LLaMA-3B,473,9,3,95.00180705560635,95.0,39.84375,1
base,Base LLaMA-3B,473,9,4,96.67048570502892,90.0,41.796875,1
base,Base LLaMA-3B,473,9,5,97.40697165982908,95.0,45.703125,1
base,Base LLaMA-3B,9-540,0,1,83.09133121985563,95.0,14.0625,0
base,Base LLaMA-3B,9-540,0,2,90.51509643728818,95.0,18.1640625,0
base,Base LLaMA-3B,9-540,0,3,93.37847016608114,90.0,17.1875,0
base,Base LLaMA-3B,9-540,0,4,94.76193876793243,90.0,19.7265625,0
base,Base LLaMA-3B,9-540,0,5,95.449093535953,90.0,23.4375,0
base,Base LLaMA-3B,9-540,1,1,84.11577567314599,100.0,6.640625,0
base,Base LLaMA-3B,9-540,1,2,91.36389702946049,100.0,0.0,0
base,Base LLaMA-3B,9-540,1,3,94.51055896078103,90.0,-1.953125,0
base,Base LLaMA-3B,9-540,1,4,95.72481902003196,90.0,0.0,0
base,Base LLaMA-3B,9-540,1,5,96.16775253723986,85.0,1.5625,0
base,Base LLaMA-3B,9-540,2,1,75.39803209226713,100.0,44.7265625,1
base,Base LLaMA-3B,9-540,2,2,87.91591936968007,90.0,52.44140625,1
base,Base LLaMA-3B,9-540,2,3,93.82805553857126,90.0,54.150390625,1
base,Base LLaMA-3B,9-540,2,4,95.69128836003091,90.0,56.15234375,1
base,Base LLaMA-3B,9-540,2,5,96.31456363203735,90.0,56.34765625,1
base,Base LLaMA-3B,9-540,3,1,81.9303689606251,100.0,28.3203125,0
base,Base LLaMA-3B,9-540,3,2,90.02100198496345,100.0,33.3984375,1
base,Base LLaMA-3B,9-540,3,3,93.65696293560937,100.0,43.1640625,1
base,Base LLaMA-3B,9-540,3,4,95.21202442691384,95.0,47.16796875,1
base,Base LLaMA-3B,9-540,3,5,96.09216822871508,95.0,48.046875,1
base,Base LLaMA-3B,9-540,4,1,72.01320796107638,100.0,5.46875,0
base,Base LLaMA-3B,9-540,4,2,90.77093552870659,90.0,0.390625,0
base,Base LLaMA-3B,9-540,4,3,93.94743175066881,85.0,0.390625,0
base,Base LLaMA-3B,9-540,4,4,94.74143757592263,85.0,0.390625,0
base,Base LLaMA-3B,9-540,4,5,95.13662478286872,80.0,0.78125,0
base,Base LLaMA-3B,1160,0,1,80.46207036095238,100.0,-12.3046875,0
base,Base LLaMA-3B,1160,0,2,89.7042345845394,100.0,-16.9921875,0
base,Base LLaMA-3B,1160,0,3,92.8123973627402,100.0,-26.3671875,0
base,Base LLaMA-3B,1160,0,4,93.94743175066881,100.0,-30.2734375,0
base,Base LLaMA-3B,1160,0,5,94.40228943769597,95.0,-31.0546875,0
base,Base LLaMA-3B,1160,1,1,75.63711638129288,85.0,44.7509765625,1
base,Base LLaMA-3B,1160,1,2,84.75409700355544,85.0,45.5413818359375,1
base,Base LLaMA-3B,1160,1,3,87.36070248299366,90.0,45.9320068359375,1
base,Base LLaMA-3B,1160,1,4,88.67020692981747,90.0,45.97320556640625,1
base,Base LLaMA-3B,1160,1,5,90.15650519628299,90.0,45.97320556640625,1
base,Base LLaMA-3B,1160,2,1,82.95871488698133,95.0,25.78125,1
base,Base LLaMA-3B,1160,2,2,93.42999932006033,95.0,28.41796875,1
base,Base LLaMA-3B,1160,2,3,95.19328482036607,90.0,29.00390625,1
base,Base LLaMA-3B,1160,2,4,96.19757532359709,85.0,27.9296875,1
base,Base LLaMA-3B,1160,2,5,96.5915285489059,85.0,28.22265625,1
base,Base LLaMA-3B,1160,3,1,47.917633530625025,100.0,8.3984375,0
base,Base LLaMA-3B,1160,3,2,79.52442554024402,95.0,12.5,1
base,Base LLaMA-3B,1160,3,3,85.25199696757207,100.0,10.9375,1
base,Base LLaMA-3B,1160,3,4,90.62559891088492,100.0,9.5703125,1
base,Base LLaMA-3B,1160,3,5,93.4556133252925,95.0,12.890625,1
base,Base LLaMA-3B,82,0,1,59.988994211219136,100.0,48.468017578125,1
base,Base LLaMA-3B,82,0,2,75.34993441860274,95.0,49.0997314453125,1
base,Base LLaMA-3B,82,0,3,78.24639347590978,90.0,49.06005859375,1
base,Base LLaMA-3B,82,0,4,79.56437786796519,90.0,49.10125732421875,1
base,Base LLaMA-3B,82,0,5,80.80250962244632,90.0,49.10125732421875,1
base,Base LLaMA-3B,82,1,1,77.8606252533847,100.0,15.625,1
base,Base LLaMA-3B,82,1,2,89.04021476492406,100.0,20.3125,1
base,Base LLaMA-3B,82,1,3,92.22834853162153,100.0,20.703125,1
base,Base LLaMA-3B,82,1,4,93.65696293560937,100.0,25.48828125,1
base,Base LLaMA-3B,82,1,5,94.04126812380139,90.0,27.63671875,1
base,Base LLaMA-3B,82,2,1,55.10219370473798,100.0,45.01953125,1
base,Base LLaMA-3B,82,2,2,72.33926396448128,100.0,48.20556640625,1
base,Base LLaMA-3B,82,2,3,81.28380978862263,100.0,48.577880859375,1
base,Base LLaMA-3B,82,2,4,84.72429075107223,90.0,48.760986328125,1
base,Base LLaMA-3B,82,2,5,86.93399347262284,90.0,48.9013671875,1
base,Base LLaMA-3B,35,0,1,79.36383361939829,90.0,4.296875,0
base,Base LLaMA-3B,35,0,2,88.24186682804344,100.0,9.1796875,0
base,Base LLaMA-3B,35,0,3,93.50654214644392,95.0,11.1328125,0
base,Base LLaMA-3B,35,0,4,95.3229377616041,95.0,14.84375,1
base,Base LLaMA-3B,35,0,5,96.06151872426645,95.0,18.26171875,1
base,Base LLaMA-3B,35,1,1,80.53824152993387,90.0,-4.4921875,0
base,Base LLaMA-3B,35,1,2,90.51509643728818,95.0,-10.9375,0
base,Base LLaMA-3B,35,1,3,93.06069631446834,95.0,-13.28125,0
base,Base LLaMA-3B,35,1,4,94.1565204311951,95.0,-14.84375,0
base,Base LLaMA-3B,35,1,5,94.84314738021332,95.0,-15.625,0
base,Base LLaMA-3B,35,2,1,93.22144511120763,90.0,-4.8828125,0
base,Base LLaMA-3B,35,2,2,97.21808667885125,90.0,-4.4921875,0
base,Base LLaMA-3B,35,2,3,97.96470873587272,95.0,-3.7109375,0
base,Base LLaMA-3B,35,2,4,98.46368155225446,95.0,-1.3671875,0
base,Base LLaMA-3B,35,2,5,98.76553344686153,90.0,-1.3671875,0
base,Base LLaMA-3B,35,3,1,81.9303689606251,100.0,-3.125,0
base,Base LLaMA-3B,35,3,2,92.22834853162153,95.0,-10.546875,0
base,Base LLaMA-3B,35,3,3,94.57451288603568,90.0,-10.15625,0
base,Base LLaMA-3B,35,3,4,95.77462638710077,85.0,-8.203125,0
base,Base LLaMA-3B,35,3,5,96.44187868171498,85.0,-8.203125,0
base,Base LLaMA-3B,35,4,1,86.25334961614806,100.0,14.6484375,1
base,Base LLaMA-3B,35,4,2,93.9945332104692,90.0,18.1640625,1
base,Base LLaMA-3B,35,4,3,95.80750850542988,85.0,21.875,1
base,Base LLaMA-3B,35,4,4,96.30013924192961,90.0,21.875,1
base,Base LLaMA-3B,35,4,5,96.68346625110897,80.0,21.77734375,1
base,Base LLaMA-3B,1780,0,1,85.25199696757207,95.0,9.375,0
base,Base LLaMA-3B,1780,0,2,93.03353664775798,95.0,39.6484375,1
base,Base LLaMA-3B,1780,0,3,95.77462638710077,95.0,54.19921875,1
base,Base LLaMA-3B,1780,0,4,96.65745435452794,95.0,55.6640625,1
base,Base LLaMA-3B,1780,0,5,96.76029367265431,90.0,55.95703125,1
base,Base LLaMA-3B,1780,1,1,87.58093631492906,100.0,69.62890625,1
base,Base LLaMA-3B,1780,1,2,95.96812033236124,95.0,70.4254150390625,1
base,Base LLaMA-3B,1780,1,3,96.81052066378429,95.0,70.34912109375,1
base,Base LLaMA-3B,1780,1,4,97.43718135503588,95.0,70.3033447265625,1
base,Base LLaMA-3B,1780,1,5,97.66652706942223,90.0,70.1934814453125,1
base,Base LLaMA-3B,1780,2,1,84.69442622636419,95.0,69.232177734375,1
base,Base LLaMA-3B,1780,2,2,92.54065908596112,100.0,70.428466796875,1
base,Base LLaMA-3B,1780,2,3,94.45668852702816,100.0,70.428466796875,1
base,Base LLaMA-3B,1780,2,4,95.68286468404084,95.0,70.39337158203125,1
base,Base LLaMA-3B,1780,2,5,96.63781163530578,95.0,70.3521728515625,1
base,Base LLaMA-3B,1780,3,1,85.36676683770854,85.0,59.765625,1
base,Base LLaMA-3B,1780,3,2,94.78236003336916,80.0,64.2578125,1
base,Base LLaMA-3B,1780,3,3,95.74148637112124,80.0,59.619140625,1
base,Base LLaMA-3B,1780,3,4,96.2418749129002,75.0,60.791015625,1
base,Base LLaMA-3B,1780,3,5,96.63123844411354,80.0,59.5703125,1
base,Base LLaMA-3B,1780,4,1,83.57951630953026,95.0,35.9375,0
base,Base LLaMA-3B,1780,4,2,95.51088956390731,100.0,58.740234375,1
base,Base LLaMA-3B,1780,4,3,96.3360948444308,100.0,59.814453125,1
base,Base LLaMA-3B,1780,4,4,96.55807963594866,100.0,58.740234375,1
base,Base LLaMA-3B,1780,4,5,96.96251593978185,100.0,59.1796875,1
base,Base LLaMA-3B,1780,5,1,93.98866563224544,95.0,65.4052734375,1
base,Base LLaMA-3B,1780,5,2,99.49089614784874,90.0,65.72265625,1
base,Base LLaMA-3B,1780,5,3,99.59092356244442,85.0,62.98828125,1
base,Base LLaMA-3B,1780,5,4,99.7440065066717,85.0,64.404296875,1
base,Base LLaMA-3B,1780,5,5,99.82947157003768,80.0,66.6748046875,1
base,Base LLaMA-3B,162,0,1,89.14672301136314,95.0,7.8125,0
base,Base LLaMA-3B,162,0,2,96.53108431995655,90.0,7.8125,0
base,Base LLaMA-3B,162,0,3,97.72502955527675,95.0,12.109375,0
base,Base LLaMA-3B,162,0,4,97.79502303752278,95.0,14.453125,0
base,Base LLaMA-3B,162,0,5,98.1139832583246,95.0,16.40625,0
base,Base LLaMA-3B,162,1,1,79.07976105475997,100.0,0.0,0
base,Base LLaMA-3B,162,1,2,89.64373074983271,100.0,7.421875,0
base,Base LLaMA-3B,162,1,3,92.77015887882436,95.0,6.25,0
base,Base LLaMA-3B,162,1,4,94.87327496293423,100.0,4.296875,0
base,Base LLaMA-3B,162,1,5,95.81568897404085,100.0,3.515625,0
base,Base LLaMA-3B,162,2,1,89.33583627316015,100.0,7.8125,0
base,Base LLaMA-3B,162,2,2,95.34117189923688,100.0,7.8125,0
base,Base LLaMA-3B,162,2,3,96.4279525886228,95.0,10.15625,0
base,Base LLaMA-3B,162,2,4,96.6443720007632,90.0,17.578125,0
base,Base LLaMA-3B,162,2,5,96.4279525886228,85.0,21.484375,0
base,Base LLaMA-3B,162,3,1,83.6115562675315,100.0,4.6875,0
base,Base LLaMA-3B,162,3,2,92.84041916981849,95.0,-0.390625,0
base,Base LLaMA-3B,162,3,3,94.59566485573767,90.0,-1.953125,0
base,Base LLaMA-3B,162,3,4,95.51964880100084,85.0,-0.390625,0
base,Base LLaMA-3B,162,3,5,95.92059381068981,80.0,1.171875,0
base,Base LLaMA-3B,7-171,1,1,91.9816498321198,100.0,14.453125,0
base,Base LLaMA-3B,7-171,1,2,96.65745435452794,100.0,11.328125,0
base,Base LLaMA-3B,7-171,1,3,98.2108642429147,100.0,10.15625,0
base,Base LLaMA-3B,7-171,1,4,98.731312773431,95.0,11.71875,0
base,Base LLaMA-3B,7-171,1,5,98.91483430893959,95.0,13.28125,0
base,Base LLaMA-3B,7-171,3,1,86.14553330092446,100.0,5.859375,0
base,Base LLaMA-3B,7-171,3,2,96.38584642407857,95.0,2.734375,0
base,Base LLaMA-3B,7-171,3,3,98.23860222183055,100.0,1.171875,0
base,Base LLaMA-3B,7-171,3,4,98.58467712399509,90.0,1.953125,0
base,Base LLaMA-3B,7-171,3,5,98.8266561241651,90.0,1.953125,0
base,Base LLaMA-3B,7-171,5,1,89.04021476492406,100.0,71.38671875,1
base,Base LLaMA-3B,7-171,5,2,97.09594601696809,95.0,92.4560546875,1
base,Base LLaMA-3B,7-171,5,3,98.06548299406528,90.0,93.75,1
base,Base LLaMA-3B,7-171,5,4,98.23860222183055,85.0,93.5546875,1
base,Base LLaMA-3B,7-171,5,5,98.29279473426537,80.0,93.756103515625,1
base,Base LLaMA-3B,7-171,7,1,80.91466601356836,100.0,6.25,0
base,Base LLaMA-3B,7-171,7,2,94.35838604962227,95.0,4.296875,0
base,Base LLaMA-3B,7-171,7,3,95.67442453948122,100.0,5.46875,0
base,Base LLaMA-3B,7-171,7,4,96.35750026626357,90.0,5.46875,0
base,Base LLaMA-3B,7-171,7,5,96.93270769834665,90.0,5.46875,0
base,Base LLaMA-3B,7-171,9,1,81.82418142375916,100.0,4.296875,0
base,Base LLaMA-3B,7-171,9,2,95.74979566336798,95.0,1.953125,0
base,Base LLaMA-3B,7-171,9,3,96.986153828272,90.0,5.859375,0
base,Base LLaMA-3B,7-171,9,4,97.68920398366991,95.0,8.59375,0
base,Base LLaMA-3B,7-171,9,5,98.08428281628709,90.0,9.765625,0
base,Base LLaMA-3B,9-916,0,1,86.77997552229397,100.0,1.953125,0
base,Base LLaMA-3B,9-916,0,2,94.22459903025472,100.0,0.78125,0
base,Base LLaMA-3B,9-916,0,3,97.84189032948301,95.0,-0.390625,0
base,Base LLaMA-3B,9-916,0,4,99.10036604406056,95.0,-1.171875,0
base,Base LLaMA-3B,9-916,0,5,99.47113248039213,90.0,-0.78125,0
base,Base LLaMA-3B,9-916,1,1,90.17571200931246,100.0,20.703125,0
base,Base LLaMA-3B,9-916,1,2,96.32893178677742,100.0,26.953125,0
base,Base LLaMA-3B,9-916,1,3,98.37097335525833,100.0,35.15625,0
base,Base LLaMA-3B,9-916,1,4,98.94822134731076,100.0,41.40625,0
base,Base LLaMA-3B,9-916,1,5,99.20607582042352,100.0,47.8515625,0
base,Base LLaMA-3B,9-916,2,1,93.55707463636479,100.0,3.515625,0
base,Base LLaMA-3B,9-916,2,2,98.06548299406528,100.0,4.6875,0
base,Base LLaMA-3B,9-916,2,3,98.8266561241651,100.0,7.03125,0
base,Base LLaMA-3B,9-916,2,4,99.24243225557402,100.0,8.984375,0
base,Base LLaMA-3B,9-916,2,5,99.37195428087661,95.0,10.15625,0
base,Base LLaMA-3B,9-916,3,1,94.67945130609063,100.0,-1.953125,0
base,Base LLaMA-3B,9-916,3,2,98.71635788986843,100.0,-2.734375,0
base,Base LLaMA-3B,9-916,3,3,99.03105610049197,100.0,-2.734375,0
base,Base LLaMA-3B,9-916,3,4,99.08976144366872,100.0,-2.734375,0
base,Base LLaMA-3B,9-916,3,5,99.19671729342457,100.0,-2.734375,0
base,Base LLaMA-3B,44,0,1,74.96175236918421,95.0,-8.59375,0
base,Base LLaMA-3B,44,0,2,88.88934496468151,95.0,-13.28125,0
base,Base LLaMA-3B,44,0,3,92.36376591388068,95.0,-13.28125,0
base,Base LLaMA-3B,44,0,4,94.2358681017388,100.0,-16.796875,0
base,Base LLaMA-3B,44,0,5,95.58048677034296,95.0,-16.40625,0
base,Base LLaMA-3B,44,1,1,86.28017234008595,95.0,-28.90625,0
base,Base LLaMA-3B,44,1,2,94.95275746750232,90.0,-29.296875,0
base,Base LLaMA-3B,44,1,3,96.13014491351419,80.0,-31.25,0
base,Base LLaMA-3B,44,1,4,97.34029008858359,70.0,-30.46875,0
base,Base LLaMA-3B,44,1,5,97.99234562906022,70.0,-30.859375,0
base,Base LLaMA-3B,44,2,1,89.04021476492406,90.0,21.484375,0
base,Base LLaMA-3B,44,2,2,94.3141383230082,95.0,21.6796875,0
base,Base LLaMA-3B,44,2,3,96.65745435452794,100.0,16.015625,0
base,Base LLaMA-3B,44,2,4,97.77338457478403,100.0,16.015625,0
base,Base LLaMA-3B,44,2,5,98.15407097750632,100.0,14.0625,0
base,Base LLaMA-3B,44,3,1,84.96111867170004,90.0,5.46875,0
base,Base LLaMA-3B,44,3,2,93.6321369904703,90.0,8.984375,0
base,Base LLaMA-3B,44,3,3,94.46750474110137,95.0,18.1640625,0
base,Base LLaMA-3B,44,3,4,94.80270168383701,95.0,24.21875,1
base,Base LLaMA-3B,44,3,5,94.96260574248689,95.0,33.0078125,1
base,Base LLaMA-3B,44,4,1,80.72737276953458,95.0,5.46875,0
base,Base LLaMA-3B,44,4,2,90.45935769284227,95.0,-3.125,0
base,Base LLaMA-3B,44,4,3,92.21315469194329,95.0,-0.390625,0
base,Base LLaMA-3B,44,4,4,92.79834535814558,90.0,8.203125,0
base,Base LLaMA-3B,44,4,5,93.54447850085455,95.0,8.203125,0
base,Base LLaMA-3B,8-367,1,1,93.30041766772024,100.0,5.859375,0
base,Base LLaMA-3B,8-367,1,2,97.0731692392864,100.0,0.390625,0
base,Base LLaMA-3B,8-367,1,3,97.98842059732591,100.0,0.390625,0
base,Base LLaMA-3B,8-367,1,4,98.38365054118341,100.0,2.34375,0
base,Base LLaMA-3B,8-367,1,5,98.61746304310535,100.0,1.171875,0
base,Base LLaMA-3B,8-367,3,1,94.40228943769597,90.0,28.515625,0
base,Base LLaMA-3B,8-367,3,2,98.6282220310614,100.0,47.4609375,0
base,Base LLaMA-3B,8-367,3,3,99.16797460352042,100.0,54.1015625,1
base,Base LLaMA-3B,8-367,3,4,99.37195428087661,95.0,56.0546875,1
base,Base LLaMA-3B,8-367,3,5,99.47933181129815,95.0,54.8828125,1
base,Base LLaMA-3B,8-367,5,1,89.981945291025,95.0,8.59375,0
base,Base LLaMA-3B,8-367,5,2,97.21808667885125,95.0,5.859375,0
base,Base LLaMA-3B,8-367,5,3,98.2038617635502,95.0,10.546875,0
base,Base LLaMA-3B,8-367,5,4,98.41491356971929,95.0,14.84375,0
base,Base LLaMA-3B,8-367,5,5,98.46368155225446,95.0,14.84375,0
base,Base LLaMA-3B,8-367,7,1,86.41350294412253,95.0,76.171875,1
base,Base LLaMA-3B,8-367,7,2,95.92059381068981,100.0,88.9892578125,1
base,Base LLaMA-3B,8-367,7,3,97.5640753049979,95.0,90.1123046875,1
base,Base LLaMA-3B,8-367,7,4,98.27267073882207,90.0,90.91796875,1
base,Base LLaMA-3B,8-367,7,5,98.65475461877247,85.0,91.192626953125,1
base,Base LLaMA-3B,8-445,0,1,72.33926396448128,95.0,15.625,0
base,Base LLaMA-3B,8-445,0,2,82.69035369507888,90.0,13.28125,0
base,Base LLaMA-3B,8-445,0,3,88.82405237023967,85.0,12.890625,0
base,Base LLaMA-3B,8-445,0,4,91.15909774940654,90.0,14.6484375,0
base,Base LLaMA-3B,8-445,0,5,92.07506644114036,85.0,16.2109375,0
base,Base LLaMA-3B,8-445,1,1,67.40768788109882,95.0,5.078125,0
base,Base LLaMA-3B,8-445,1,2,82.00081577585891,85.0,13.0859375,0
base,Base LLaMA-3B,8-445,1,3,90.6621462371703,85.0,13.8671875,0
base,Base LLaMA-3B,8-445,1,4,93.48112747098187,85.0,18.9453125,1
base,Base LLaMA-3B,8-445,1,5,94.51055896078103,85.0,22.0703125,1
base,Base LLaMA-3B,8-445,2,1,85.53724916791462,100.0,-2.734375,0
base,Base LLaMA-3B,8-445,2,2,93.16828024629558,100.0,11.5234375,0
base,Base LLaMA-3B,8-445,2,3,96.34324392539078,100.0,19.921875,1
base,Base LLaMA-3B,8-445,2,4,97.15211550559322,90.0,24.609375,1
base,Base LLaMA-3B,8-445,2,5,97.5640753049979,85.0,27.5390625,1
base,Base LLaMA-3B,8-445,3,1,76.34051868213501,100.0,23.828125,1
base,Base LLaMA-3B,8-445,3,2,89.16790013046916,90.0,32.2265625,1
base,Base LLaMA-3B,8-445,3,3,93.82805553857126,90.0,36.42578125,1
base,Base LLaMA-3B,8-445,3,4,95.69128836003091,90.0,39.16015625,1
base,Base LLaMA-3B,8-445,3,5,96.5915285489059,95.0,39.16015625,1
base,Base LLaMA-3B,8-445,4,1,82.55459245650016,100.0,-27.734375,0
base,Base LLaMA-3B,8-445,4,2,91.88713205767291,95.0,-30.859375,0
base,Base LLaMA-3B,8-445,4,3,91.36389702946049,95.0,-31.25,0
base,Base LLaMA-3B,8-445,4,4,92.25864732930377,95.0,-33.203125,0
base,Base LLaMA-3B,8-445,4,5,92.84041916981849,95.0,-34.765625,0
base,Base LLaMA-3B,1911,0,1,74.8146132362621,95.0,1.5625,0
base,Base LLaMA-3B,1911,0,2,89.25219620042508,95.0,3.515625,0
base,Base LLaMA-3B,1911,0,3,92.13673876337887,90.0,7.03125,0
base,Base LLaMA-3B,1911,0,4,92.496823711759,90.0,21.875,0
base,Base LLaMA-3B,1911,0,5,93.37847016608114,95.0,34.375,0
base,Base LLaMA-3B,1911,1,1,98.98851435473955,90.0,-0.78125,0
base,Base LLaMA-3B,1911,1,2,99.47524816008186,85.0,-0.78125,0
base,Base LLaMA-3B,1911,1,3,99.62789522606866,85.0,-0.78125,0
base,Base LLaMA-3B,1911,1,4,99.69151430739697,85.0,-0.78125,0
base,Base LLaMA-3B,1911,1,5,99.74425637829005,90.0,-0.78125,0
base,Base LLaMA-3B,1911,2,1,97.59715233519752,100.0,2.734375,0
base,Base LLaMA-3B,1911,2,2,99.684814977322,95.0,1.171875,0
base,Base LLaMA-3B,1911,2,3,99.92276058838043,100.0,0.390625,0
base,Base LLaMA-3B,1911,2,4,99.96463722051695,100.0,0.0,0
base,Base LLaMA-3B,1911,2,5,99.97985089561581,95.0,-0.390625,0
base,Base LLaMA-3B,8-41,1,1,93.27419624385854,100.0,-8.203125,0
base,Base LLaMA-3B,8-41,1,2,96.34324392539078,100.0,-8.59375,0
base,Base LLaMA-3B,8-41,1,3,97.91644319445719,100.0,-8.203125,0
base,Base LLaMA-3B,8-41,1,4,98.61205194644988,100.0,-7.03125,0
base,Base LLaMA-3B,8-41,1,5,99.01579745432566,100.0,-7.421875,0
base,Base LLaMA-3B,8-41,3,1,92.04404912817724,100.0,-5.859375,0
base,Base LLaMA-3B,8-41,3,2,97.75592101356268,100.0,-1.953125,0
base,Base LLaMA-3B,8-41,3,3,99.67670976990117,100.0,-3.125,0
base,Base LLaMA-3B,8-41,3,4,99.94884805766604,95.0,-3.515625,0
base,Base LLaMA-3B,8-41,3,5,99.98439953900203,95.0,-1.171875,0
base,Base LLaMA-3B,8-41,5,1,94.40228943769597,95.0,66.9921875,1
base,Base LLaMA-3B,8-41,5,2,99.16797460352042,95.0,79.248046875,1
base,Base LLaMA-3B,8-41,5,3,99.72130640153105,90.0,81.4697265625,1
base,Base LLaMA-3B,8-41,5,4,99.83096378786294,90.0,80.126953125,1
base,Base LLaMA-3B,8-41,5,5,99.8801353769178,95.0,80.126953125,1
base,Base LLaMA-3B,9-159,1,1,66.5695533536264,100.0,-1.171875,0
base,Base LLaMA-3B,9-159,1,2,83.0582742044113,100.0,-2.734375,0
base,Base LLaMA-3B,9-159,1,3,90.49655313221565,100.0,-2.34375,0
base,Base LLaMA-3B,9-159,1,4,94.14509623234977,95.0,-1.953125,0
base,Base LLaMA-3B,9-159,1,5,96.03837394478802,100.0,-1.5625,0
base,Base LLaMA-3B,9-159,3,1,94.78236003336916,95.0,8.203125,0
base,Base LLaMA-3B,9-159,3,2,98.93997214509805,90.0,1.953125,0
base,Base LLaMA-3B,9-159,3,3,99.67670976990117,95.0,0.390625,0
base,Base LLaMA-3B,9-159,3,4,99.85654083001815,95.0,1.171875,0
base,Base LLaMA-3B,9-159,3,5,99.9102255453942,95.0,1.171875,0
base,Base LLaMA-3B,9-159,5,1,90.55207457189076,100.0,82.373046875,1
base,Base LLaMA-3B,9-159,5,2,95.80750850542988,95.0,88.5498046875,1
base,Base LLaMA-3B,9-159,5,3,97.89188288615556,95.0,90.46630859375,1
base,Base LLaMA-3B,9-159,5,4,98.72136233618845,95.0,90.73486328125,1
base,Base LLaMA-3B,9-159,5,5,99.00419598615896,95.0,90.6982421875,1
base,Base LLaMA-3B,9-159,7,1,83.22291552423981,90.0,2.734375,0
base,Base LLaMA-3B,9-159,7,2,93.73086155577948,85.0,0.390625,0
base,Base LLaMA-3B,9-159,7,3,96.37170102693061,90.0,0.78125,0
base,Base LLaMA-3B,9-159,7,4,97.65739411459792,90.0,3.90625,0
base,Base LLaMA-3B,9-159,7,5,98.28611292177744,95.0,6.640625,0
base,Base LLaMA-3B,9-159,9,1,70.61275281599258,100.0,17.96875,0
base,Base LLaMA-3B,9-159,9,2,79.16132133700432,100.0,24.609375,0
base,Base LLaMA-3B,9-159,9,3,83.77082073908558,95.0,26.953125,0
base,Base LLaMA-3B,9-159,9,4,85.89984470732888,85.0,28.515625,0
base,Base LLaMA-3B,9-159,9,5,87.7495727860831,85.0,28.515625,0
base,Base LLaMA-3B,9-159,11,1,82.00081577585891,100.0,18.359375,0
base,Base LLaMA-3B,9-159,11,2,92.13673876337887,90.0,14.453125,0
base,Base LLaMA-3B,9-159,11,3,96.39993667354933,90.0,9.375,0
base,Base LLaMA-3B,9-159,11,4,97.78206532565909,95.0,8.203125,0
base,Base LLaMA-3B,9-159,11,5,98.37732432826951,95.0,8.203125,0
base,Base LLaMA-3B,7-424,0,1,81.32032917255914,100.0,9.375,0
base,Base LLaMA-3B,7-424,0,2,92.45273073570526,100.0,90.234375,1
base,Base LLaMA-3B,7-424,0,3,93.93559877642954,100.0,94.7265625,1
base,Base LLaMA-3B,7-424,0,4,94.56390587648032,90.0,94.56787109375,1
base,Base LLaMA-3B,7-424,0,5,95.76636563975302,90.0,94.15283203125,1
base,Base LLaMA-3B,7-424,1,1,82.07098794498813,95.0,89.453125,1
base,Base LLaMA-3B,7-424,1,2,91.12449543634658,95.0,94.47021484375,1
base,Base LLaMA-3B,7-424,1,3,90.55207457189076,95.0,94.287109375,1
base,Base LLaMA-3B,7-424,1,4,92.40837864398334,95.0,94.49462890625,1
base,Base LLaMA-3B,7-424,1,5,93.89996086954065,95.0,94.683837890625,1
base,Base LLaMA-3B,7-424,2,1,87.5323294739798,100.0,5.46875,0
base,Base LLaMA-3B,7-424,2,2,94.72085614451599,100.0,5.859375,0
base,Base LLaMA-3B,7-424,2,3,96.89655142731077,100.0,8.203125,0
base,Base LLaMA-3B,7-424,2,4,97.72946852058841,100.0,8.203125,0
base,Base LLaMA-3B,7-424,2,5,97.99626300219846,100.0,8.984375,0
base,Base LLaMA-3B,7-424,3,1,73.60594128929388,100.0,5.078125,0
base,Base LLaMA-3B,7-424,3,2,88.55902240981617,100.0,18.75,0
base,Base LLaMA-3B,7-424,3,3,89.25219620042508,100.0,26.171875,0
base,Base LLaMA-3B,7-424,3,4,89.903372714123,100.0,34.375,0
base,Base LLaMA-3B,7-424,3,5,88.91102428469475,100.0,49.4140625,0
base,Base LLaMA-3B,7-424,4,1,95.8644376740787,100.0,5.46875,0
base,Base LLaMA-3B,7-424,4,2,99.8371216521473,95.0,0.78125,0
base,Base LLaMA-3B,7-424,4,3,99.96131300140512,95.0,1.5625,0
base,Base LLaMA-3B,7-424,4,4,99.9833609292419,100.0,4.6875,0
base,Base LLaMA-3B,7-424,4,5,99.9885641450589,100.0,10.9375,0
base,Base LLaMA-3B,1502,0,1,88.0099584312134,100.0,-4.296875,0
base,Base LLaMA-3B,1502,0,2,95.51964880100084,85.0,-4.6875,0
base,Base LLaMA-3B,1502,0,3,97.8836319490597,80.0,-3.125,0
base,Base LLaMA-3B,1502,0,4,98.79412983376496,85.0,-3.125,0
base,Base LLaMA-3B,1502,0,5,99.19671729342457,85.0,-3.125,0
base,Base LLaMA-3B,1502,1,1,89.981945291025,100.0,24.609375,0
base,Base LLaMA-3B,1502,1,2,96.48333205068475,95.0,60.7421875,1
base,Base LLaMA-3B,1502,1,3,97.93265756215621,85.0,69.921875,1
base,Base LLaMA-3B,1502,1,4,98.62285304389418,85.0,71.97265625,1
base,Base LLaMA-3B,1502,1,5,99.02345657930053,85.0,77.490234375,1
base,Base LLaMA-3B,1502,2,1,85.53724916791462,95.0,2.34375,0
base,Base LLaMA-3B,1502,2,2,95.23069097465941,95.0,1.171875,0
base,Base LLaMA-3B,1502,2,3,96.82295526529889,95.0,5.078125,0
base,Base LLaMA-3B,1502,2,4,97.60184081695694,95.0,5.859375,0
base,Base LLaMA-3B,1502,2,5,98.13231175031618,100.0,7.8125,0
base,Base LLaMA-3B,1502,3,1,88.0099584312134,100.0,5.078125,0
base,Base LLaMA-3B,1502,3,2,97.36613740517106,100.0,-1.171875,0
base,Base LLaMA-3B,1502,3,3,98.49927033076524,95.0,0.78125,0
base,Base LLaMA-3B,1502,3,4,98.75585140568714,95.0,2.734375,0
base,Base LLaMA-3B,1502,3,5,99.0608673702537,95.0,2.734375,0
base,Base LLaMA-3B,1502,4,1,92.43797557077322,100.0,13.28125,0
base,Base LLaMA-3B,1502,4,2,97.90010165589617,100.0,22.65625,0
base,Base LLaMA-3B,1502,4,3,99.096844976312,95.0,29.296875,0
base,Base LLaMA-3B,1502,4,4,99.64631941096236,95.0,32.421875,0
base,Base LLaMA-3B,1502,4,5,99.77867234287271,95.0,33.203125,0
base,Base LLaMA-3B,1502,5,1,91.9816498321198,100.0,-8.984375,0
base,Base LLaMA-3B,1502,5,2,97.8079050472936,95.0,-10.15625,0
base,Base LLaMA-3B,1502,5,3,98.29279473426537,100.0,-9.765625,0
base,Base LLaMA-3B,1502,5,4,98.8266561241651,95.0,-9.375,0
base,Base LLaMA-3B,1502,5,5,99.16797460352042,85.0,-9.375,0
base,Base LLaMA-3B,8-318,0,1,69.1422190920326,100.0,32.2265625,0
base,Base LLaMA-3B,8-318,0,2,81.13701688946043,95.0,44.921875,0
base,Base LLaMA-3B,8-318,0,3,85.07815217469374,85.0,50.1953125,1
base,Base LLaMA-3B,8-318,0,4,86.83151551332855,90.0,55.859375,1
base,Base LLaMA-3B,8-318,0,5,88.19584679598286,90.0,57.12890625,1
base,Base LLaMA-3B,8-318,1,1,77.37982830675976,90.0,22.265625,0
base,Base LLaMA-3B,8-318,1,2,89.14672301136314,90.0,21.09375,0
base,Base LLaMA-3B,8-318,1,3,92.54065908596112,85.0,20.3125,0
base,Base LLaMA-3B,8-318,1,4,93.81598917982737,85.0,21.875,0
base,Base LLaMA-3B,8-318,1,5,94.36939407334657,95.0,25.390625,0
base,Base LLaMA-3B,8-318,2,1,80.27033558563211,95.0,25.390625,0
base,Base LLaMA-3B,8-318,2,2,90.60727164186017,85.0,33.984375,0
base,Base LLaMA-3B,8-318,2,3,92.90999666455086,85.0,37.3046875,0
base,Base LLaMA-3B,8-318,2,4,94.21330792735738,85.0,39.2578125,0
base,Base LLaMA-3B,8-318,2,5,94.81284275050159,85.0,37.3046875,0
base,Base LLaMA-3B,8-318,3,1,72.44710295446836,90.0,-8.59375,0
base,Base LLaMA-3B,8-318,3,2,93.24787219224557,95.0,-10.15625,0
base,Base LLaMA-3B,8-318,3,3,97.0502138211233,95.0,-12.890625,0
base,Base LLaMA-3B,8-318,3,4,98.26591016324294,95.0,-14.84375,0
base,Base LLaMA-3B,8-318,3,5,98.5623890317877,100.0,-15.234375,0
base,Base LLaMA-3B,1890,0,1,79.92045900016946,100.0,5.859375,0
base,Base LLaMA-3B,1890,0,2,92.496823711759,100.0,5.078125,0
base,Base LLaMA-3B,1890,0,3,96.56479557598956,100.0,5.078125,0
base,Base LLaMA-3B,1890,0,4,97.98054749814854,95.0,5.078125,0
base,Base LLaMA-3B,1890,0,5,98.47563727726674,95.0,5.859375,0
base,Base LLaMA-3B,1890,1,1,85.3094939824491,100.0,91.9677734375,1
base,Base LLaMA-3B,1890,1,2,94.51055896078103,95.0,94.49462890625,1
base,Base LLaMA-3B,1890,1,3,96.87221077847997,95.0,95.05615234375,1
base,Base LLaMA-3B,1890,1,4,97.71166052148509,95.0,95.068359375,1
base,Base LLaMA-3B,1890,1,5,98.21783942219938,100.0,95.4742431640625,1
base,Base LLaMA-3B,1890,2,1,93.4556133252925,100.0,0.390625,0
base,Base LLaMA-3B,1890,2,2,98.31926249864739,100.0,0.0,0
base,Base LLaMA-3B,1890,2,3,99.07180859679715,95.0,-0.78125,0
base,Base LLaMA-3B,1890,2,4,99.32092066276287,90.0,-0.78125,0
base,Base LLaMA-3B,1890,2,5,99.41915266202321,90.0,0.78125,0
base,Base LLaMA-3B,1890,3,1,89.54209987109985,100.0,47.4609375,0
base,Base LLaMA-3B,1890,3,2,96.44187868171498,100.0,69.3359375,1
base,Base LLaMA-3B,1890,3,3,97.70270421399762,100.0,77.9296875,1
base,Base LLaMA-3B,1890,3,4,97.97264358453225,100.0,79.78515625,1
base,Base LLaMA-3B,1890,3,5,98.26591016324294,90.0,76.26953125,1
base,Base LLaMA-3B,8-28,0,1,71.34952031398099,100.0,0.78125,0
base,Base LLaMA-3B,8-28,0,2,79.36383361939829,100.0,0.390625,0
base,Base LLaMA-3B,8-28,0,3,85.70574531881294,100.0,-0.390625,0
base,Base LLaMA-3B,8-28,0,4,89.37741190744127,100.0,-0.390625,0
base,Base LLaMA-3B,8-28,0,5,91.1935651608324,100.0,-0.390625,0
base,Base LLaMA-3B,8-28,1,1,74.61708179969212,100.0,3.125,0
base,Base LLaMA-3B,8-28,1,2,89.981945291025,100.0,5.078125,0
base,Base LLaMA-3B,8-28,1,3,93.92374266832815,95.0,11.328125,0
base,Base LLaMA-3B,8-28,1,4,95.55451517064725,95.0,18.359375,0
base,Base LLaMA-3B,8-28,1,5,96.31456363203735,90.0,30.46875,0
base,Base LLaMA-3B,8-28,2,1,90.32802347705311,80.0,74.0234375,1
base,Base LLaMA-3B,8-28,2,2,99.01194539447538,90.0,80.76171875,1
base,Base LLaMA-3B,8-28,2,3,99.86628135010808,95.0,85.25390625,1
base,Base LLaMA-3B,8-28,2,4,99.98245993022529,95.0,87.353515625,1
base,Base LLaMA-3B,8-28,2,5,99.99556517584777,95.0,87.98828125,1
base,Base LLaMA-3B,8-28,3,1,77.68698398515703,100.0,12.890625,0
base,Base LLaMA-3B,8-28,3,2,93.30041766772024,95.0,29.296875,0
base,Base LLaMA-3B,8-28,3,3,96.46956820149143,95.0,46.875,1
base,Base LLaMA-3B,8-28,3,4,97.72058191163877,100.0,55.6640625,1
base,Base LLaMA-3B,8-28,3,5,98.38365054118341,95.0,66.796875,1
base,Base LLaMA-3B,8-28,4,1,85.3094939824491,90.0,0.78125,0
base,Base LLaMA-3B,8-28,4,2,96.34324392539078,85.0,0.78125,0
base,Base LLaMA-3B,8-28,4,3,98.10289994002939,85.0,2.734375,0
base,Base LLaMA-3B,8-28,4,4,99.01579745432566,90.0,3.125,0
base,Base LLaMA-3B,8-28,4,5,99.4030509806813,85.0,4.6875,0
base,Base LLaMA-3B,8-28,5,1,68.22480954285719,90.0,3.90625,0
base,Base LLaMA-3B,8-28,5,2,83.8971172140796,90.0,5.078125,0
base,Base LLaMA-3B,8-28,5,3,91.64593446333883,90.0,9.765625,0
base,Base LLaMA-3B,8-28,5,4,94.07608047946636,90.0,12.890625,0
base,Base LLaMA-3B,8-28,5,5,95.66596789415549,90.0,11.328125,0
base,Base LLaMA-3B,8-28,6,1,80.80250962244632,90.0,9.375,0
base,Base LLaMA-3B,8-28,6,2,93.313490019339,100.0,2.734375,0
base,Base LLaMA-3B,8-28,6,3,97.16875353696832,100.0,1.5625,0
base,Base LLaMA-3B,8-28,6,4,98.81976088121299,100.0,1.171875,0
base,Base LLaMA-3B,8-28,6,5,99.44249451604848,100.0,1.171875,0
base,Base LLaMA-3B,9-566,1,1,86.62414205710417,95.0,18.75,0
base,Base LLaMA-3B,9-566,1,2,94.67945130609063,100.0,11.328125,0
base,Base LLaMA-3B,9-566,1,3,98.10289994002939,100.0,7.03125,0
base,Base LLaMA-3B,9-566,1,4,98.8847524078647,100.0,6.640625,0
base,Base LLaMA-3B,9-566,1,5,99.15816695143339,95.0,6.640625,0
base,Base LLaMA-3B,9-566,3,1,88.0099584312134,100.0,-1.5625,0
base,Base LLaMA-3B,9-566,3,2,93.97102847802987,100.0,-4.6875,0
base,Base LLaMA-3B,9-566,3,3,96.04610394439207,100.0,-6.640625,0
base,Base LLaMA-3B,9-566,3,4,97.28252963152676,100.0,-7.8125,0
base,Base LLaMA-3B,9-566,3,5,97.8836319490597,100.0,-8.203125,0
base,Base LLaMA-3B,9-566,5,1,94.26954355717314,95.0,-6.25,0
base,Base LLaMA-3B,9-566,5,2,98.16843611112658,95.0,-7.421875,0
base,Base LLaMA-3B,9-566,5,3,98.11029603224142,100.0,-5.078125,0
base,Base LLaMA-3B,9-566,5,4,98.7411857757566,100.0,-5.46875,0
base,Base LLaMA-3B,9-566,5,5,99.21225418740566,95.0,-5.859375,0
base,Base LLaMA-3B,9-566,7,1,90.02100198496345,90.0,5.078125,0
base,Base LLaMA-3B,9-566,7,2,95.21202442691384,95.0,8.59375,0
base,Base LLaMA-3B,9-566,7,3,97.59245468729877,100.0,8.203125,0
base,Base LLaMA-3B,9-566,7,4,97.8753487187091,100.0,9.765625,0
base,Base LLaMA-3B,9-566,7,5,98.1826894543901,95.0,11.328125,0
base,Base LLaMA-3B,9-566,9,1,65.16987455569148,90.0,3.515625,0
base,Base LLaMA-3B,9-566,9,2,81.35677729918379,100.0,3.125,0
base,Base LLaMA-3B,9-566,9,3,94.08763934315263,95.0,3.125,0
base,Base LLaMA-3B,9-566,9,4,97.82496406555497,100.0,1.5625,0
base,Base LLaMA-3B,9-566,9,5,98.83578715864881,100.0,1.5625,0
base,Base LLaMA-3B,9-454,1,1,89.74437396991662,100.0,3.125,0
base,Base LLaMA-3B,9-454,1,2,96.34324392539078,85.0,1.5625,0
base,Base LLaMA-3B,9-454,1,3,98.65475461877247,90.0,0.78125,0
base,Base LLaMA-3B,9-454,1,4,99.20917103746844,90.0,0.78125,0
base,Base LLaMA-3B,9-454,1,5,99.4392182934183,90.0,0.78125,0
base,Base LLaMA-3B,9-454,3,1,91.72712007527028,100.0,6.25,0
base,Base LLaMA-3B,9-454,3,2,96.55135056601938,100.0,13.671875,0
base,Base LLaMA-3B,9-454,3,3,98.46967109025846,95.0,22.265625,0
base,Base LLaMA-3B,9-454,3,4,99.25417725482238,95.0,26.171875,0
base,Base LLaMA-3B,9-454,3,5,99.41915266202321,95.0,29.296875,0
base,Base LLaMA-3B,9-454,5,1,82.34895151281381,100.0,2.734375,0
base,Base LLaMA-3B,9-454,5,2,95.93649790820325,100.0,0.78125,0
base,Base LLaMA-3B,9-454,5,3,98.16843611112658,100.0,0.78125,0
base,Base LLaMA-3B,9-454,5,4,98.95640635372254,95.0,0.78125,0
base,Base LLaMA-3B,9-454,5,5,99.28274927549913,100.0,1.171875,0
base,Base LLaMA-3B,9-454,7,1,81.35677729918379,90.0,1.171875,0
base,Base LLaMA-3B,9-454,7,2,93.94743175066881,95.0,1.953125,0
base,Base LLaMA-3B,9-454,7,3,95.64049863067055,80.0,2.734375,0
base,Base LLaMA-3B,9-454,7,4,96.09216822871508,85.0,5.46875,0
base,Base LLaMA-3B,9-454,7,5,96.44187868171498,85.0,8.59375,0
base,Base LLaMA-3B,9-454,9,1,83.9285374631956,100.0,7.03125,0
base,Base LLaMA-3B,9-454,9,2,91.26209738045796,95.0,5.859375,0
base,Base LLaMA-3B,9-454,9,3,94.70019415966442,90.0,9.375,0
base,Base LLaMA-3B,9-454,9,4,95.67442453948122,85.0,14.84375,0
base,Base LLaMA-3B,9-454,9,5,96.06151872426645,80.0,16.796875,0
base,Base LLaMA-3B,9-454,11,1,99.01579745432566,90.0,49.609375,0
base,Base LLaMA-3B,9-454,11,2,99.92870460671885,85.0,65.0390625,1
base,Base LLaMA-3B,9-454,11,3,99.97027965836305,85.0,73.2421875,1
base,Base LLaMA-3B,9-454,11,4,99.98596110467467,85.0,76.85546875,1
base,Base LLaMA-3B,9-454,11,5,99.99248552083333,90.0,78.22265625,1
base,Base LLaMA-3B,1387,0,1,86.83151551332855,90.0,-16.796875,0
base,Base LLaMA-3B,1387,0,2,94.06449901781332,90.0,-13.28125,0
base,Base LLaMA-3B,1387,0,3,96.28565839635523,90.0,-2.34375,0
base,Base LLaMA-3B,1387,0,4,96.72210503964239,90.0,-5.46875,0
base,Base LLaMA-3B,1387,0,5,97.015442675079,95.0,-5.859375,0
base,Base LLaMA-3B,1387,1,1,83.9285374631956,85.0,25.78125,1
base,Base LLaMA-3B,1387,1,2,93.60721387932924,95.0,30.6640625,1
base,Base LLaMA-3B,1387,1,3,93.60721387932924,95.0,29.296875,1
base,Base LLaMA-3B,1387,1,4,93.70632484166201,95.0,31.25,1
base,Base LLaMA-3B,1387,1,5,94.35838604962227,95.0,34.375,1
base,Base LLaMA-3B,1387,2,1,76.66178697900156,95.0,-30.46875,0
base,Base LLaMA-3B,1387,2,2,86.59799180551731,90.0,-25.0,0
base,Base LLaMA-3B,1387,2,3,90.04047319441885,95.0,-19.140625,0
base,Base LLaMA-3B,1387,2,4,91.99729538845425,95.0,-14.84375,0
base,Base LLaMA-3B,1387,2,5,93.26104707158879,95.0,-14.84375,0
base,Base LLaMA-3B,1387,3,1,45.09739424841669,95.0,55.6396484375,1
base,Base LLaMA-3B,1387,3,2,79.16132133700432,90.0,56.11572265625,1
base,Base LLaMA-3B,1387,3,3,86.85721010904486,95.0,55.87158203125,1
base,Base LLaMA-3B,1387,3,4,89.76438494118119,95.0,55.31005859375,1
base,Base LLaMA-3B,1387,3,5,91.7754522446474,90.0,55.6396484375,1
base,Base LLaMA-3B,1387,4,1,44.328027887737775,95.0,3.90625,0
base,Base LLaMA-3B,1387,4,2,68.27906647153405,100.0,-1.5625,0
base,Base LLaMA-3B,1387,4,3,91.46242656253224,100.0,-14.453125,0
base,Base LLaMA-3B,1387,4,4,96.55050850780505,95.0,-24.609375,0
base,Base LLaMA-3B,1387,4,5,97.5154244835858,90.0,-26.5625,0
base,Base LLaMA-3B,9-436,0,1,90.2901684312592,100.0,1.5625,0
base,Base LLaMA-3B,9-436,0,2,97.03866868444739,100.0,5.46875,0
base,Base LLaMA-3B,9-436,0,3,98.02732806496847,100.0,10.15625,0
base,Base LLaMA-3B,9-436,0,4,98.36459752524158,95.0,14.453125,0
base,Base LLaMA-3B,9-436,0,5,98.55676238154652,90.0,16.40625,0
base,Base LLaMA-3B,9-436,1,1,81.50186000926958,100.0,0.0,0
base,Base LLaMA-3B,9-436,1,2,95.17447186907204,95.0,0.0,0
base,Base LLaMA-3B,9-436,1,3,97.41708091928093,95.0,-0.390625,0
base,Base LLaMA-3B,9-436,1,4,97.85868487218013,95.0,-0.390625,0
base,Base LLaMA-3B,9-436,1,5,98.22478740783714,95.0,0.0,0
base,Base LLaMA-3B,9-436,2,1,88.05670317332803,100.0,2.734375,0
base,Base LLaMA-3B,9-436,2,2,97.37640586229477,95.0,3.90625,0
base,Base LLaMA-3B,9-436,2,3,98.13959317674671,90.0,7.421875,0
base,Base LLaMA-3B,9-436,2,4,98.76070188138064,95.0,7.03125,0
base,Base LLaMA-3B,9-436,2,5,99.00419598615896,90.0,7.03125,0
base,Base LLaMA-3B,9-436,3,1,87.67758223527625,100.0,6.25,0
base,Base LLaMA-3B,9-436,3,2,96.30013924192961,90.0,15.234375,0
base,Base LLaMA-3B,9-436,3,3,97.29312404446934,95.0,25.390625,0
base,Base LLaMA-3B,9-436,3,4,97.61119035356347,100.0,31.25,0
base,Base LLaMA-3B,9-436,3,5,97.68468629983603,100.0,29.6875,0
base,Base LLaMA-3B,9-436,4,1,92.54065908596112,100.0,0.0,0
base,Base LLaMA-3B,9-436,4,2,97.68920398366991,95.0,-0.78125,0
base,Base LLaMA-3B,9-436,4,3,98.50803795718105,95.0,-0.390625,0
base,Base LLaMA-3B,9-436,4,4,98.76312002328316,90.0,0.0,0
base,Base LLaMA-3B,9-436,4,5,98.80117481950772,95.0,0.390625,0
base,Base LLaMA-3B,9-436,5,1,76.7073249411659,100.0,0.0,0
base,Base LLaMA-3B,9-436,5,2,91.01987379712082,100.0,0.78125,0
base,Base LLaMA-3B,9-436,5,3,94.55327812986499,100.0,1.171875,0
base,Base LLaMA-3B,9-436,5,4,96.25652645409988,95.0,0.78125,0
base,Base LLaMA-3B,9-436,5,5,96.94466593775795,95.0,0.78125,0
base,Base LLaMA-3B,9-436,6,1,92.58197490707455,90.0,8.59375,0
base,Base LLaMA-3B,9-436,6,2,98.21031815869067,90.0,2.734375,0
base,Base LLaMA-3B,9-436,6,3,99.84361934350676,85.0,2.734375,0
base,Base LLaMA-3B,9-436,6,4,99.9616772719922,80.0,1.953125,0
base,Base LLaMA-3B,9-436,6,5,99.98299439253157,90.0,2.34375,0
base,Base LLaMA-3B,1189,0,1,87.03567394211096,95.0,36.71875,0
base,Base LLaMA-3B,1189,0,2,94.923096969658,100.0,56.8359375,1
base,Base LLaMA-3B,1189,0,3,96.9207026557096,95.0,60.3515625,1
base,Base LLaMA-3B,1189,0,4,97.60184081695694,95.0,60.7421875,1
base,Base LLaMA-3B,1189,0,5,97.8836319490597,95.0,61.5234375,1
base,Base LLaMA-3B,1189,1,1,91.07233787064956,100.0,19.921875,0
base,Base LLaMA-3B,1189,1,2,96.81674403612243,95.0,33.59375,0
base,Base LLaMA-3B,1189,1,3,97.87949437842919,90.0,41.015625,0
base,Base LLaMA-3B,1189,1,4,98.2961258654333,90.0,45.8984375,0
base,Base LLaMA-3B,1189,1,5,98.49633635385088,95.0,48.046875,0
base,Base LLaMA-3B,1189,2,1,79.99874171173742,95.0,-5.078125,0
base,Base LLaMA-3B,1189,2,2,90.98472657691836,95.0,-5.078125,0
base,Base LLaMA-3B,1189,2,3,92.40837864398334,95.0,-5.078125,0
base,Base LLaMA-3B,1189,2,4,93.19491459749898,85.0,-5.078125,0
base,Base LLaMA-3B,1189,2,5,93.8038992309468,90.0,-5.078125,0
base,Base LLaMA-3B,1189,3,1,92.10596282906023,95.0,-2.734375,0
base,Base LLaMA-3B,1189,3,2,97.09594601696809,95.0,-1.953125,0
base,Base LLaMA-3B,1189,3,3,98.00407483243194,95.0,-0.390625,0
base,Base LLaMA-3B,1189,3,4,98.23860222183055,95.0,1.5625,0
base,Base LLaMA-3B,1189,3,5,98.29279473426537,100.0,4.296875,0
base,Base LLaMA-3B,1189,4,1,75.20507646649686,100.0,4.296875,0
base,Base LLaMA-3B,1189,4,2,92.78426588140995,95.0,-2.34375,0
base,Base LLaMA-3B,1189,4,3,94.38038061800702,95.0,-3.125,0
base,Base LLaMA-3B,1189,4,4,94.55327812986499,90.0,-3.90625,0
base,Base LLaMA-3B,1189,4,5,94.38038061800702,85.0,-3.515625,0
base,Base LLaMA-3B,1189,5,1,87.01666931410512,95.0,41.796875,0
base,Base LLaMA-3B,1189,5,2,98.00894175312784,100.0,78.61328125,1
base,Base LLaMA-3B,1189,5,3,98.9342633185147,100.0,81.8359375,1
base,Base LLaMA-3B,1189,5,4,99.17000343791132,100.0,80.6640625,1
base,Base LLaMA-3B,1189,5,5,99.35359802749876,95.0,79.4921875,1
base,Base LLaMA-3B,8-478,0,1,83.86563553732114,90.0,-1.171875,0
base,Base LLaMA-3B,8-478,0,2,90.36573094000977,95.0,-1.5625,0
base,Base LLaMA-3B,8-478,0,3,95.00180705560635,100.0,-2.34375,0
base,Base LLaMA-3B,8-478,0,4,96.22716602718964,95.0,-1.953125,0
base,Base LLaMA-3B,8-478,0,5,96.67048570502892,95.0,-1.953125,0
base,Base LLaMA-3B,8-478,1,1,91.75937297751489,90.0,6.640625,0
base,Base LLaMA-3B,8-478,1,2,96.39993667354933,90.0,8.984375,0
base,Base LLaMA-3B,8-478,1,3,98.29945049683515,85.0,7.03125,0
base,Base LLaMA-3B,8-478,1,4,99.0608673702537,90.0,5.078125,0
base,Base LLaMA-3B,8-478,1,5,99.37440279909134,85.0,4.296875,0
base,Base LLaMA-3B,8-478,2,1,85.53724916791462,100.0,6.640625,0
base,Base LLaMA-3B,8-478,2,2,97.5640753049979,95.0,2.34375,0
base,Base LLaMA-3B,8-478,2,3,99.01579745432566,90.0,1.5625,0
base,Base LLaMA-3B,8-478,2,4,99.23350228672795,90.0,2.734375,0
base,Base LLaMA-3B,8-478,2,5,99.4030509806813,90.0,3.515625,0
base,Base LLaMA-3B,8-478,3,1,71.40542367122424,100.0,5.078125,0
base,Base LLaMA-3B,8-478,3,2,85.73363653860143,90.0,2.734375,0
base,Base LLaMA-3B,8-478,3,3,88.71437760697813,95.0,3.515625,0
base,Base LLaMA-3B,8-478,3,4,90.93174764907617,90.0,4.6875,0
base,Base LLaMA-3B,8-478,3,5,92.48215475007628,90.0,4.6875,0
base,Base LLaMA-3B,9-461,0,1,90.55207457189076,100.0,-5.46875,0
base,Base LLaMA-3B,9-461,0,2,97.0731692392864,100.0,-6.25,0
base,Base LLaMA-3B,9-461,0,3,98.16843611112658,100.0,-7.8125,0
base,Base LLaMA-3B,9-461,0,4,98.57357660910007,100.0,-5.46875,0
base,Base LLaMA-3B,9-461,0,5,98.7411857757566,100.0,-6.25,0
base,Base LLaMA-3B,9-461,1,1,75.3017427123707,100.0,8.59375,0
base,Base LLaMA-3B,9-461,1,2,90.47797357435883,100.0,13.4765625,0
base,Base LLaMA-3B,9-461,1,3,95.84013473308404,100.0,17.578125,0
base,Base LLaMA-3B,9-461,1,4,97.77338457478403,95.0,19.3359375,1
base,Base LLaMA-3B,9-461,1,5,98.51675436099855,95.0,20.3125,1
base,Base LLaMA-3B,9-461,2,1,89.33583627316015,90.0,29.4921875,1
base,Base LLaMA-3B,9-461,2,2,93.73086155577948,85.0,39.35546875,1
base,Base LLaMA-3B,9-461,2,3,95.62343602474063,85.0,41.11328125,1
base,Base LLaMA-3B,9-461,2,4,96.53785293376804,85.0,42.822265625,1
base,Base LLaMA-3B,9-461,2,5,96.8476792235743,85.0,43.359375,1
base,Base LLaMA-3B,9-461,3,1,76.24791809045419,100.0,36.03515625,1
base,Base LLaMA-3B,9-461,3,2,88.05670317332803,95.0,47.216796875,1
base,Base LLaMA-3B,9-461,3,3,90.69855107893365,90.0,49.51171875,1
base,Base LLaMA-3B,9-461,3,4,92.16739471370042,90.0,47.94921875,1
base,Base LLaMA-3B,9-461,3,5,93.30041766772024,90.0,45.166015625,1
base,Base LLaMA-3B,9-461,4,1,78.20386444442973,90.0,-0.78125,0
base,Base LLaMA-3B,9-461,4,2,85.92735719672346,100.0,6.25,0
base,Base LLaMA-3B,9-461,4,3,89.04021476492406,100.0,10.7421875,0
base,Base LLaMA-3B,9-461,4,4,90.47797357435883,100.0,11.1328125,0
base,Base LLaMA-3B,9-461,4,5,91.1935651608324,100.0,9.375,0
base,Base LLaMA-3B,9-461,5,1,83.99119415770144,95.0,14.0625,0
base,Base LLaMA-3B,9-461,5,2,88.64805680378615,100.0,9.5703125,0
base,Base LLaMA-3B,9-461,5,3,92.43797557077322,100.0,12.5,0
base,Base LLaMA-3B,9-461,5,4,94.96260574248689,100.0,9.5703125,0
base,Base LLaMA-3B,9-461,5,5,96.4279525886228,100.0,7.8125,0
base,Base LLaMA-3B,664,1,1,77.51198083158357,95.0,4.8828125,0
base,Base LLaMA-3B,664,1,2,88.86762326086944,100.0,-11.328125,0
base,Base LLaMA-3B,664,1,3,93.24787219224557,95.0,-20.3125,0
base,Base LLaMA-3B,664,1,4,95.06003776720162,90.0,-25.390625,0
base,Base LLaMA-3B,664,1,5,95.77462638710077,95.0,-26.171875,0
base,Base LLaMA-3B,664,3,1,92.34883681973356,95.0,46.1181640625,1
base,Base LLaMA-3B,664,3,2,98.00407483243194,95.0,48.25439453125,1
base,Base LLaMA-3B,664,3,3,98.93165824359052,100.0,49.71923828125,1
base,Base LLaMA-3B,664,3,4,99.28833096492008,100.0,49.761962890625,1
base,Base LLaMA-3B,664,3,5,99.39127721625502,100.0,49.70703125,1
base,Base LLaMA-3B,664,5,1,84.78384509751571,95.0,38.4765625,1
base,Base LLaMA-3B,664,5,2,91.1935651608324,95.0,41.259765625,1
base,Base LLaMA-3B,664,5,3,93.35255423106061,95.0,43.017578125,1
base,Base LLaMA-3B,664,5,4,94.48907389602414,95.0,43.896484375,1
base,Base LLaMA-3B,664,5,5,95.13662478286872,95.0,43.896484375,1
base,Base LLaMA-3B,664,7,1,75.34993441860274,95.0,48.81591796875,1
base,Base LLaMA-3B,664,7,2,88.71437760697813,90.0,50.86212158203125,1
base,Base LLaMA-3B,664,7,3,90.49655313221565,85.0,50.6011962890625,1
base,Base LLaMA-3B,664,7,4,91.07233787064956,90.0,50.439453125,1
base,Base LLaMA-3B,664,7,5,91.48116528465314,95.0,50.4425048828125,1
base,Base LLaMA-3B,664,9,1,63.28383721443427,100.0,20.5078125,1
base,Base LLaMA-3B,664,9,2,78.7503152282865,85.0,20.3125,1
base,Base LLaMA-3B,664,9,3,85.62174406319116,90.0,17.578125,1
base,Base LLaMA-3B,664,9,4,88.2648095196294,85.0,18.1640625,1
base,Base LLaMA-3B,664,9,5,90.57050954248125,90.0,11.71875,0
base,Base LLaMA-3B,9-281,0,1,92.89613546986973,90.0,-1.5625,0
base,Base LLaMA-3B,9-281,0,2,95.75808874236671,100.0,-1.171875,0
base,Base LLaMA-3B,9-281,0,3,97.17427791855638,100.0,-1.5625,0
base,Base LLaMA-3B,9-281,0,4,98.17557670202117,100.0,-1.953125,0
base,Base LLaMA-3B,9-281,0,5,98.70629016002039,100.0,-2.34375,0
base,Base LLaMA-3B,9-281,1,1,95.70808643477497,95.0,-1.171875,0
base,Base LLaMA-3B,9-281,1,2,98.31926249864739,100.0,-0.78125,0
base,Base LLaMA-3B,9-281,1,3,98.60661967136092,95.0,0.390625,0
base,Base LLaMA-3B,9-281,1,4,99.01194539447538,95.0,0.78125,0
base,Base LLaMA-3B,9-281,1,5,99.25417725482238,90.0,0.390625,0
base,Base LLaMA-3B,9-281,2,1,74.71604041952536,100.0,5.078125,0
base,Base LLaMA-3B,9-281,2,2,91.26209738045796,100.0,6.25,0
base,Base LLaMA-3B,9-281,2,3,95.46683583883238,100.0,5.859375,0
base,Base LLaMA-3B,9-281,2,4,96.93270769834665,90.0,7.421875,0
base,Base LLaMA-3B,9-281,2,5,97.61119035356347,90.0,8.984375,0
base,Base LLaMA-3B,9-281,3,1,89.16790013046916,100.0,0.0,0
base,Base LLaMA-3B,9-281,3,2,97.65739411459792,95.0,-0.390625,0
base,Base LLaMA-3B,9-281,3,3,98.33884368364714,100.0,0.0,0
base,Base LLaMA-3B,9-281,3,4,98.74609342732269,95.0,0.390625,0
base,Base LLaMA-3B,9-281,3,5,98.92747687218039,95.0,0.390625,0
base,Base LLaMA-3B,9-1046,0,1,84.78384509751571,95.0,8.203125,0
base,Base LLaMA-3B,9-1046,0,2,92.22834853162153,100.0,1.953125,0
base,Base LLaMA-3B,9-1046,0,3,95.84013473308404,95.0,-1.171875,0
base,Base LLaMA-3B,9-1046,0,4,97.14096920083371,95.0,-1.5625,0
base,Base LLaMA-3B,9-1046,0,5,97.70270421399762,95.0,-1.953125,0
base,Base LLaMA-3B,9-1046,1,1,90.25216522500516,95.0,5.078125,0
base,Base LLaMA-3B,9-1046,1,2,97.20719857796341,85.0,-3.515625,0
base,Base LLaMA-3B,9-1046,1,3,98.45766857186152,95.0,-3.515625,0
base,Base LLaMA-3B,9-1046,1,4,98.83578715864881,95.0,-2.34375,0
base,Base LLaMA-3B,9-1046,1,5,99.00419598615896,95.0,-0.78125,0
base,Base LLaMA-3B,9-1046,2,1,88.14964664660944,85.0,23.046875,0
base,Base LLaMA-3B,9-1046,2,2,95.77462638710077,90.0,38.4765625,1
base,Base LLaMA-3B,9-1046,2,3,97.14096920083371,95.0,41.40625,1
base,Base LLaMA-3B,9-1046,2,4,97.62978021771657,90.0,49.0234375,1
base,Base LLaMA-3B,9-1046,2,5,97.97264358453225,90.0,49.0234375,1
base,Base LLaMA-3B,9-1046,3,1,82.17573357834576,95.0,-19.53125,0
base,Base LLaMA-3B,9-1046,3,2,94.30302227243588,95.0,-21.875,0
base,Base LLaMA-3B,9-1046,3,3,95.96023787217612,85.0,-20.703125,0
base,Base LLaMA-3B,9-1046,3,4,96.85383009142856,85.0,-19.921875,0
base,Base LLaMA-3B,9-1046,3,5,97.51117475252207,85.0,-20.3125,0
base,Base LLaMA-3B,9-1046,4,1,72.7148646565174,100.0,2.34375,0
base,Base LLaMA-3B,9-1046,4,2,92.99259770537286,100.0,-1.953125,0
base,Base LLaMA-3B,9-1046,4,3,96.63781163530578,100.0,-1.171875,0
base,Base LLaMA-3B,9-1046,4,4,98.02347142507145,100.0,1.171875,0
base,Base LLaMA-3B,9-1046,4,5,98.72385723815476,95.0,3.515625,0
base,Base LLaMA-3B,9-1046,5,1,85.91532709430831,100.0,1.953125,0
base,Base LLaMA-3B,9-1046,5,2,99.35651098437303,95.0,-5.46875,0
base,Base LLaMA-3B,9-1046,5,3,99.89818525289233,85.0,-7.421875,0
base,Base LLaMA-3B,9-1046,5,4,99.95037945522428,85.0,-5.46875,0
base,Base LLaMA-3B,9-1046,5,5,99.96796256838502,80.0,-2.734375,0
base,Base LLaMA-3B,8-59,0,1,86.0368713718601,100.0,-5.6640625,0
base,Base LLaMA-3B,8-59,0,2,91.53093438152196,100.0,-8.7890625,0
base,Base LLaMA-3B,8-59,0,3,94.53196026320853,95.0,-16.9921875,0
base,Base LLaMA-3B,8-59,0,4,96.2418749129002,90.0,-16.9921875,0
base,Base LLaMA-3B,8-59,0,5,96.98026165776815,90.0,-20.8984375,0
base,Base LLaMA-3B,8-59,1,1,86.67628958524371,90.0,5.6640625,0
base,Base LLaMA-3B,8-59,1,2,95.0212931632136,90.0,3.125,0
base,Base LLaMA-3B,8-59,1,3,96.88440487303002,85.0,-1.953125,0
base,Base LLaMA-3B,8-59,1,4,97.72058191163877,90.0,-2.9296875,0
base,Base LLaMA-3B,8-59,1,5,98.11029603224142,90.0,2.1484375,0
base,Base LLaMA-3B,8-59,2,1,75.10803187963396,95.0,-11.9140625,0
base,Base LLaMA-3B,8-59,2,2,88.60362655434096,90.0,-17.3828125,0
base,Base LLaMA-3B,8-59,2,3,93.89996086954065,95.0,-17.3828125,0
base,Base LLaMA-3B,8-59,2,4,95.87250706142024,95.0,-16.2109375,0
base,Base LLaMA-3B,8-59,2,5,96.8353413888964,100.0,-15.8203125,0
base,Base LLaMA-3B,8-59,3,1,86.83151551332855,95.0,0.5859375,0
base,Base LLaMA-3B,8-59,3,2,95.58911020805243,90.0,-6.0546875,0
base,Base LLaMA-3B,8-59,3,3,97.63902082892231,85.0,-12.3046875,0
base,Base LLaMA-3B,8-59,3,4,98.56799374579846,75.0,-16.6015625,0
base,Base LLaMA-3B,8-59,3,5,98.95232184367681,80.0,-17.3828125,0
base,Base LLaMA-3B,8-59,4,1,61.29567170661896,100.0,-2.34375,0
base,Base LLaMA-3B,8-59,4,2,82.27986726232915,95.0,-17.7734375,0
base,Base LLaMA-3B,8-59,4,3,88.37885322877915,90.0,-18.9453125,0
base,Base LLaMA-3B,8-59,4,4,91.49778739589203,90.0,-20.1171875,0
base,Base LLaMA-3B,8-59,4,5,93.27419624385854,95.0,-22.0703125,0
base,Base LLaMA-3B,8-59,5,1,77.2468991777501,100.0,7.03125,0
base,Base LLaMA-3B,8-59,5,2,95.65749471580408,95.0,6.0546875,0
base,Base LLaMA-3B,8-59,5,3,97.48675075476731,95.0,2.34375,0
base,Base LLaMA-3B,8-59,5,4,98.10289994002939,95.0,3.90625,0
base,Base LLaMA-3B,8-59,5,5,98.52253698773008,95.0,5.859375,0
base,Base LLaMA-3B,8-59,6,1,67.08784438914577,95.0,8.984375,0
base,Base LLaMA-3B,8-59,6,2,75.54176275084622,100.0,5.46875,0
base,Base LLaMA-3B,8-59,6,3,81.1001391238528,100.0,2.1484375,0
base,Base LLaMA-3B,8-59,6,4,84.45339851082494,100.0,-0.390625,0
base,Base LLaMA-3B,8-59,6,5,86.28017234008595,100.0,-3.3203125,0
base,Base LLaMA-3B,9-550,0,1,80.46207036095238,95.0,14.453125,0
base,Base LLaMA-3B,9-550,0,2,94.13364969881192,100.0,13.671875,0
base,Base LLaMA-3B,9-550,0,3,95.13662478286872,100.0,17.1875,0
base,Base LLaMA-3B,9-550,0,4,95.21202442691384,95.0,21.875,0
base,Base LLaMA-3B,9-550,0,5,95.13662478286872,90.0,25.390625,0
base,Base LLaMA-3B,9-550,1,1,84.17770239505016,100.0,26.171875,0
base,Base LLaMA-3B,9-550,1,2,93.9945332104692,95.0,28.90625,0
base,Base LLaMA-3B,9-550,1,3,95.3229377616041,95.0,30.2734375,0
base,Base LLaMA-3B,9-550,1,4,96.2418749129002,100.0,24.609375,0
base,Base LLaMA-3B,9-550,1,5,96.78550526731239,100.0,27.734375,0
base,Base LLaMA-3B,9-550,2,1,84.90225815440854,100.0,42.7734375,1
base,Base LLaMA-3B,9-550,2,2,93.89996086954065,100.0,58.984375,1
base,Base LLaMA-3B,9-550,2,3,95.87250706142024,100.0,66.455078125,1
base,Base LLaMA-3B,9-550,2,4,96.78550526731239,100.0,65.13671875,1
base,Base LLaMA-3B,9-550,2,5,96.98026165776815,100.0,65.234375,1
base,Base LLaMA-3B,9-550,3,1,87.23666718783187,90.0,-12.5,0
base,Base LLaMA-3B,9-550,3,2,94.1565204311951,95.0,-16.796875,0
base,Base LLaMA-3B,9-550,3,3,95.79109955766818,95.0,-17.578125,0
base,Base LLaMA-3B,9-550,3,4,96.45575048211548,95.0,-18.359375,0
base,Base LLaMA-3B,9-550,3,5,96.67048570502892,95.0,-18.75,0
base,Base LLaMA-3B,9-550,4,1,92.16739471370042,100.0,23.4375,0
base,Base LLaMA-3B,9-550,4,2,97.61119035356347,95.0,19.921875,0
base,Base LLaMA-3B,9-550,4,3,98.13959317674671,85.0,32.2265625,0
base,Base LLaMA-3B,9-550,4,4,98.30608031104576,85.0,29.8828125,0
base,Base LLaMA-3B,9-550,4,5,98.25230952808853,85.0,33.0078125,0
base,Base LLaMA-3B,9-550,5,1,81.50186000926958,95.0,76.15966796875,1
base,Base LLaMA-3B,9-550,5,2,94.08763934315263,95.0,76.8798828125,1
base,Base LLaMA-3B,9-550,5,3,96.2418749129002,95.0,76.64794921875,1
base,Base LLaMA-3B,9-550,5,4,97.11854554435962,80.0,76.507568359375,1
base,Base LLaMA-3B,9-550,5,5,97.61119035356347,80.0,76.35498046875,1
base,Base LLaMA-3B,9-550,6,1,94.74143757592263,100.0,72.5830078125,1
base,Base LLaMA-3B,9-550,6,2,99.33144881204606,90.0,74.0966796875,1
base,Base LLaMA-3B,9-550,6,3,99.52592621934599,95.0,75.20751953125,1
base,Base LLaMA-3B,9-550,6,4,99.6841987800153,90.0,75.9765625,1
base,Base LLaMA-3B,9-550,6,5,99.76895489181878,95.0,76.348876953125,1
base,Base LLaMA-3B,406,0,1,97.39682283385446,100.0,1.171875,0
base,Base LLaMA-3B,406,0,2,99.23050229950012,100.0,-1.5625,0
base,Base LLaMA-3B,406,0,3,99.66904316303015,100.0,-2.734375,0
base,Base LLaMA-3B,406,0,4,99.80544051243292,95.0,-3.125,0
base,Base LLaMA-3B,406,0,5,99.8531387938417,100.0,-3.515625,0
base,Base LLaMA-3B,406,1,1,91.15909774940654,90.0,-3.515625,0
base,Base LLaMA-3B,406,1,2,97.38663428649805,95.0,-3.90625,0
base,Base LLaMA-3B,406,1,3,98.36459752524158,90.0,-3.90625,0
base,Base LLaMA-3B,406,1,4,98.72634727202123,90.0,-3.90625,0
base,Base LLaMA-3B,406,1,5,98.9441048020557,90.0,-3.515625,0
base,Base LLaMA-3B,406,2,1,92.46745711008072,95.0,13.28125,0
base,Base LLaMA-3B,406,2,2,98.9645276639091,95.0,44.53125,0
base,Base LLaMA-3B,406,2,3,98.8266561241651,100.0,66.796875,1
base,Base LLaMA-3B,406,2,4,98.8977454358685,100.0,73.53515625,1
base,Base LLaMA-3B,406,2,5,99.11431357576855,100.0,77.34375,1
base,Base LLaMA-3B,406,3,1,88.28770744500207,100.0,29.6875,0
base,Base LLaMA-3B,406,3,2,94.46750474110137,100.0,46.875,0
base,Base LLaMA-3B,406,3,3,95.8238534807669,100.0,57.6171875,0
base,Base LLaMA-3B,406,3,4,96.37170102693061,95.0,66.6015625,1
base,Base LLaMA-3B,406,3,5,96.69639619083578,95.0,70.8984375,1
base,Base LLaMA-3B,8-464,0,1,76.24791809045419,95.0,0.390625,0
base,Base LLaMA-3B,8-464,0,2,92.9788979985012,95.0,3.125,0
base,Base LLaMA-3B,8-464,0,3,94.35838604962227,90.0,-0.78125,0
base,Base LLaMA-3B,8-464,0,4,94.1793019990428,90.0,4.296875,0
base,Base LLaMA-3B,8-464,0,5,94.78236003336916,85.0,4.296875,0
base,Base LLaMA-3B,8-464,1,1,73.08536512708162,95.0,-3.515625,0
base,Base LLaMA-3B,8-464,1,2,95.90462746629869,95.0,-4.6875,0
base,Base LLaMA-3B,8-464,1,3,98.93165824359052,95.0,-3.515625,0
base,Base LLaMA-3B,8-464,1,4,99.14156328231036,100.0,0.0,0
base,Base LLaMA-3B,8-464,1,5,99.14156328231036,100.0,1.5625,0
base,Base LLaMA-3B,8-464,2,1,85.81698409126575,95.0,46.6796875,1
base,Base LLaMA-3B,8-464,2,2,98.27940495741487,95.0,56.0302734375,1
base,Base LLaMA-3B,8-464,2,3,98.65999923348592,100.0,57.5927734375,1
base,Base LLaMA-3B,8-464,2,4,99.04979717199402,100.0,58.30078125,1
base,Base LLaMA-3B,8-464,2,5,99.04979717199402,100.0,57.97119140625,1
base,Base LLaMA-3B,8-464,3,1,83.41837447878325,80.0,-23.4375,0
base,Base LLaMA-3B,8-464,3,2,96.78550526731239,80.0,-32.8125,0
base,Base LLaMA-3B,8-464,3,3,97.57357207538233,80.0,-33.203125,0
base,Base LLaMA-3B,8-464,3,4,97.85868487218013,85.0,-32.03125,0
base,Base LLaMA-3B,8-464,3,5,97.98842059732591,80.0,-32.421875,0
base,Base LLaMA-3B,8-464,4,1,88.51424368960568,100.0,50.68359375,1
base,Base LLaMA-3B,8-464,4,2,98.31926249864739,95.0,58.36181640625,1
base,Base LLaMA-3B,8-464,4,3,98.98058117450084,95.0,58.38623046875,1
base,Base LLaMA-3B,8-464,4,4,98.88038745220422,100.0,58.06884765625,1
base,Base LLaMA-3B,8-464,4,5,98.80817864673648,100.0,58.935546875,1
base,Base LLaMA-3B,8-464,5,1,86.0368713718601,100.0,-8.984375,0
base,Base LLaMA-3B,8-464,5,2,95.74148637112124,95.0,-9.375,0
base,Base LLaMA-3B,8-464,5,3,96.78550526731239,95.0,-11.71875,0
base,Base LLaMA-3B,8-464,5,4,97.25049695074132,90.0,-15.625,0
base,Base LLaMA-3B,8-464,5,5,97.49654898500398,100.0,-12.890625,0
base,Base LLaMA-3B,8-464,6,1,75.01060747099716,95.0,7.03125,0
base,Base LLaMA-3B,8-464,6,2,87.03567394211096,95.0,4.6875,0
base,Base LLaMA-3B,8-464,6,3,90.80691624121661,95.0,9.375,0
base,Base LLaMA-3B,8-464,6,4,92.25864732930377,95.0,10.15625,0
base,Base LLaMA-3B,8-464,6,5,92.84041916981849,95.0,14.0625,0
base,Base LLaMA-3B,8-464,7,1,84.36203774561758,95.0,-8.59375,0
base,Base LLaMA-3B,8-464,7,2,93.37847016608114,90.0,1.5625,0
base,Base LLaMA-3B,8-464,7,3,94.59566485573767,90.0,-1.171875,0
base,Base LLaMA-3B,8-464,7,4,95.72481902003196,90.0,1.171875,0
base,Base LLaMA-3B,8-464,7,5,96.39993667354933,90.0,0.78125,0
base,Base LLaMA-3B,9-490,0,1,71.46121794878069,90.0,0.390625,0
base,Base LLaMA-3B,9-490,0,2,79.44428640766944,90.0,6.640625,0
base,Base LLaMA-3B,9-490,0,3,86.72823380943798,85.0,2.734375,0
base,Base LLaMA-3B,9-490,0,4,91.43110371596812,90.0,1.5625,0
base,Base LLaMA-3B,9-490,0,5,93.11469840418007,90.0,-4.296875,0
base,Base LLaMA-3B,9-490,1,1,82.95871488698133,100.0,-10.9375,0
base,Base LLaMA-3B,9-490,1,2,95.75808874236671,100.0,-19.921875,0
base,Base LLaMA-3B,9-490,1,3,98.2591231275191,90.0,-17.96875,0
base,Base LLaMA-3B,9-490,1,4,99.15156437300188,90.0,-20.3125,0
base,Base LLaMA-3B,9-490,1,5,99.54586513428659,100.0,-22.65625,0
base,Base LLaMA-3B,9-490,2,1,92.01291041688359,100.0,-34.375,0
base,Base LLaMA-3B,9-490,2,2,97.8836319490597,95.0,-35.9375,0
base,Base LLaMA-3B,9-490,2,3,99.08976144366872,100.0,-35.9375,0
base,Base LLaMA-3B,9-490,2,4,99.29110549954741,90.0,-35.9375,0
base,Base LLaMA-3B,9-490,2,5,99.41230581740686,85.0,-35.546875,0
base,Base LLaMA-3B,9-490,3,1,93.85211766967733,100.0,-25.390625,0
base,Base LLaMA-3B,9-490,3,2,98.39622907246495,100.0,-30.859375,0
base,Base LLaMA-3B,9-490,3,3,99.41000564741141,100.0,-32.421875,0
base,Base LLaMA-3B,9-490,3,4,99.72130640153105,100.0,-32.03125,0
base,Base LLaMA-3B,9-490,3,5,99.84120517422994,100.0,-32.421875,0
base,Base LLaMA-3B,9-520,0,1,86.83151551332855,100.0,5.46875,0
base,Base LLaMA-3B,9-520,0,2,92.95141818223408,100.0,6.8359375,1
base,Base LLaMA-3B,9-520,0,3,95.23069097465941,100.0,9.9609375,1
base,Base LLaMA-3B,9-520,0,4,96.34324392539078,95.0,12.109375,1
base,Base LLaMA-3B,9-520,0,5,96.87221077847997,95.0,13.37890625,1
base,Base LLaMA-3B,9-520,1,1,85.36676683770854,90.0,2.34375,0
base,Base LLaMA-3B,9-520,1,2,95.67442453948122,85.0,-6.25,0
base,Base LLaMA-3B,9-520,1,3,96.88440487303002,90.0,-7.03125,0
base,Base LLaMA-3B,9-520,1,4,97.41708091928093,90.0,-6.8359375,0
base,Base LLaMA-3B,9-520,1,5,97.79071223349376,90.0,-4.8828125,0
base,Base LLaMA-3B,9-520,2,1,84.54422552430152,100.0,15.33203125,1
base,Base LLaMA-3B,9-520,2,2,94.04126812380139,100.0,20.3125,1
base,Base LLaMA-3B,9-520,2,3,95.5718464735231,95.0,21.97265625,1
base,Base LLaMA-3B,9-520,2,4,96.09216822871508,85.0,23.53515625,1
base,Base LLaMA-3B,9-520,2,5,96.38584642407857,80.0,23.6328125,1
base,Base LLaMA-3B,9-520,3,1,64.8280703625238,80.0,37.359619140625,1
base,Base LLaMA-3B,9-520,3,2,86.75412993036618,75.0,37.694376707077026,1
base,Base LLaMA-3B,9-520,3,3,90.60727164186017,75.0,37.69524395465851,1
base,Base LLaMA-3B,9-520,3,4,91.96597368819717,65.0,37.69529163837433,1
base,Base LLaMA-3B,9-520,3,5,93.23467155557066,65.0,37.69530197605491,1
base,Base LLaMA-3B,9-520,4,1,89.46007754381357,90.0,11.328125,1
base,Base LLaMA-3B,9-520,4,2,91.12449543634658,95.0,18.26171875,1
base,Base LLaMA-3B,9-520,4,3,94.26954355717314,95.0,22.265625,1
base,Base LLaMA-3B,9-520,4,4,96.1225792168278,85.0,21.97265625,1
base,Base LLaMA-3B,9-520,4,5,96.2418749129002,90.0,22.8515625,1
base,Base LLaMA-3B,9-520,5,1,70.84144618794002,100.0,-11.5234375,0
base,Base LLaMA-3B,9-520,5,2,94.68983286122076,100.0,-21.2890625,0
base,Base LLaMA-3B,9-520,5,3,98.61476013691382,95.0,-25.1953125,0
base,Base LLaMA-3B,9-520,5,4,99.30345765377612,95.0,-25.1953125,0
base,Base LLaMA-3B,9-520,5,5,99.55027846056593,95.0,-25.1953125,0
base,Base LLaMA-3B,8-43,0,1,85.92735719672346,95.0,-14.453125,0
base,Base LLaMA-3B,8-43,0,2,93.35255423106061,95.0,-15.625,0
base,Base LLaMA-3B,8-43,0,3,95.90462746629869,90.0,-15.625,0
base,Base LLaMA-3B,8-43,0,4,97.0502138211233,95.0,-16.015625,0
base,Base LLaMA-3B,8-43,0,5,97.70270421399762,95.0,-16.40625,0
base,Base LLaMA-3B,8-43,1,1,88.33336934633189,100.0,31.8359375,0
base,Base LLaMA-3B,8-43,1,2,96.49704223971541,95.0,46.484375,1
base,Base LLaMA-3B,8-43,1,3,98.6282220310614,100.0,57.2265625,1
base,Base LLaMA-3B,8-43,1,4,99.08619887068775,100.0,61.9140625,1
base,Base LLaMA-3B,8-43,1,5,99.26574016473505,100.0,64.35546875,1
base,Base LLaMA-3B,8-43,2,1,87.483532391234,95.0,-13.28125,0
base,Base LLaMA-3B,8-43,2,2,97.41708091928093,95.0,-16.40625,0
base,Base LLaMA-3B,8-43,2,3,98.27940495741487,90.0,-15.625,0
base,Base LLaMA-3B,8-43,2,4,98.65999923348592,95.0,-15.234375,0
base,Base LLaMA-3B,8-43,2,5,98.88910034617578,95.0,-14.84375,0
base,Base LLaMA-3B,8-43,3,1,88.42415978637368,100.0,-3.90625,0
base,Base LLaMA-3B,8-43,3,2,96.18269305419625,90.0,-9.765625,0
base,Base LLaMA-3B,8-43,3,3,97.82496406555497,90.0,-10.9375,0
base,Base LLaMA-3B,8-43,3,4,98.45766857186152,90.0,-10.9375,0
base,Base LLaMA-3B,8-43,3,5,98.79883107601012,95.0,-11.328125,0
base,Base LLaMA-3B,8-43,4,1,71.01179752561914,100.0,-16.40625,0
base,Base LLaMA-3B,8-43,4,2,90.94944179438548,100.0,-17.96875,0
base,Base LLaMA-3B,8-43,4,3,92.496823711759,100.0,-17.578125,0
base,Base LLaMA-3B,8-43,4,4,94.76193876793243,95.0,-17.578125,0
base,Base LLaMA-3B,8-43,4,5,96.45575048211548,95.0,-17.578125,0
base,Base LLaMA-3B,485,0,1,88.95425610396357,90.0,-28.90625,0
base,Base LLaMA-3B,485,0,2,93.9945332104692,90.0,-39.0625,0
base,Base LLaMA-3B,485,0,3,95.53711603496986,90.0,-40.625,0
base,Base LLaMA-3B,485,0,4,96.35750026626357,90.0,-41.796875,0
base,Base LLaMA-3B,485,0,5,96.88440487303002,95.0,-42.578125,0
base,Base LLaMA-3B,485,1,1,75.49394607544741,95.0,3.125,0
base,Base LLaMA-3B,485,1,2,87.67758223527625,95.0,0.0,0
base,Base LLaMA-3B,485,1,3,92.9788979985012,95.0,4.296875,0
base,Base LLaMA-3B,485,1,4,95.0212931632136,100.0,1.171875,0
base,Base LLaMA-3B,485,1,5,95.87250706142024,100.0,1.5625,0
base,Base LLaMA-3B,485,2,1,73.19029534429782,90.0,-14.453125,0
base,Base LLaMA-3B,485,2,2,92.95141818223408,90.0,-21.484375,0
base,Base LLaMA-3B,485,2,3,95.07929685477889,90.0,-20.3125,0
base,Base LLaMA-3B,485,2,4,95.9838391415263,95.0,-17.578125,0
base,Base LLaMA-3B,485,2,5,96.51069897778454,95.0,-14.84375,0
base,Base LLaMA-3B,485,3,1,74.61708179969212,100.0,-1.171875,0
base,Base LLaMA-3B,485,3,2,88.10326567496395,100.0,-2.734375,0
base,Base LLaMA-3B,485,3,3,91.69474093873545,95.0,-5.46875,0
base,Base LLaMA-3B,485,3,4,93.00627068111767,90.0,-9.765625,0
base,Base LLaMA-3B,485,3,5,93.73086155577948,90.0,-12.5,0
base,Base LLaMA-3B,7-93,0,1,95.68286468404084,95.0,12.5,0
base,Base LLaMA-3B,7-93,0,2,99.5231402893538,95.0,40.8203125,0
base,Base LLaMA-3B,7-93,0,3,99.88673589093369,90.0,64.84375,1
base,Base LLaMA-3B,7-93,0,4,99.94304722931071,90.0,76.66015625,1
base,Base LLaMA-3B,7-93,0,5,99.96435986679997,90.0,79.443359375,1
base,Base LLaMA-3B,9-110,1,1,95.11759007045801,95.0,0.390625,0
base,Base LLaMA-3B,9-110,1,2,99.11084709711562,95.0,-0.390625,0
base,Base LLaMA-3B,9-110,1,3,99.60544079109428,95.0,0.0,0
base,Base LLaMA-3B,9-110,1,4,99.6927169791362,95.0,0.0,0
base,Base LLaMA-3B,9-110,1,5,99.65180272025447,90.0,0.390625,0
base,Base LLaMA-3B,9-110,3,1,75.25345678973414,90.0,1.171875,0
base,Base LLaMA-3B,9-110,3,2,86.95948811140892,95.0,0.390625,0
base,Base LLaMA-3B,9-110,3,3,91.83945618306113,95.0,0.0,0
base,Base LLaMA-3B,9-110,3,4,94.30302227243588,95.0,0.0,0
base,Base LLaMA-3B,9-110,3,5,95.20266377383557,95.0,0.390625,0
base,Base LLaMA-3B,9-110,5,1,92.72767217730197,90.0,0.78125,0
base,Base LLaMA-3B,9-110,5,2,97.91644319445719,90.0,-0.390625,0
base,Base LLaMA-3B,9-110,5,3,99.01579745432566,90.0,0.0,0
base,Base LLaMA-3B,9-110,5,4,99.34437976256093,90.0,0.0,0
base,Base LLaMA-3B,9-110,5,5,99.47319433945033,90.0,0.0,0
base,Base LLaMA-3B,9-110,7,1,78.79177801467326,95.0,3.90625,0
base,Base LLaMA-3B,9-110,7,2,88.28770744500207,95.0,4.6875,0
base,Base LLaMA-3B,9-110,7,3,91.69474093873545,90.0,5.46875,0
base,Base LLaMA-3B,9-110,7,4,94.11068945291309,90.0,6.640625,0
base,Base LLaMA-3B,9-110,7,5,95.55451517064725,90.0,8.203125,0
base,Base LLaMA-3B,970,0,1,90.44070541665205,95.0,-8.203125,0
base,Base LLaMA-3B,970,0,2,94.80270168383701,95.0,-14.453125,0
base,Base LLaMA-3B,970,0,3,98.02732806496847,100.0,-17.1875,0
base,Base LLaMA-3B,970,0,4,99.06817575836021,100.0,-17.96875,0
base,Base LLaMA-3B,970,0,5,99.33923766930819,100.0,-17.96875,0
base,Base LLaMA-3B,970,1,1,94.42411284299162,95.0,11.328125,0
base,Base LLaMA-3B,970,1,2,98.95232184367681,95.0,4.296875,0
base,Base LLaMA-3B,970,1,3,99.53509563630088,90.0,3.515625,0
base,Base LLaMA-3B,970,1,4,99.6145807453243,90.0,7.03125,0
base,Base LLaMA-3B,970,1,5,99.67033344145884,95.0,7.8125,0
base,Base LLaMA-3B,970,2,1,65.03355329906168,90.0,55.37109375,1
base,Base LLaMA-3B,970,2,2,80.23176342896281,70.0,70.9228515625,1
base,Base LLaMA-3B,970,2,3,88.37885322877915,70.0,75.7354736328125,1
base,Base LLaMA-3B,970,2,4,93.27419624385854,75.0,76.14288330078125,1
base,Base LLaMA-3B,970,2,5,94.76193876793243,75.0,76.1685848236084,1
base,Base LLaMA-3B,970,3,1,88.86762326086944,95.0,-7.421875,0
base,Base LLaMA-3B,970,3,2,99.60078985199428,95.0,-7.8125,0
base,Base LLaMA-3B,970,3,3,99.8531387938417,85.0,-9.765625,0
base,Base LLaMA-3B,970,3,4,99.92139086099769,85.0,-9.765625,0
base,Base LLaMA-3B,970,3,5,99.95520986272959,85.0,-10.546875,0
base,Base LLaMA-3B,9-983,0,1,96.70927572150482,85.0,14.453125,0
base,Base LLaMA-3B,9-983,0,2,98.6282220310614,100.0,26.171875,0
base,Base LLaMA-3B,9-983,0,3,99.08619887068775,95.0,31.25,0
base,Base LLaMA-3B,9-983,0,4,99.16797460352042,95.0,42.96875,0
base,Base LLaMA-3B,9-983,0,5,99.16797460352042,95.0,51.3671875,1
base,Base LLaMA-3B,9-983,1,1,89.39813890201498,100.0,3.515625,0
base,Base LLaMA-3B,9-983,1,2,96.09979326389602,90.0,1.5625,0
base,Base LLaMA-3B,9-983,1,3,96.96251593978185,95.0,1.953125,0
base,Base LLaMA-3B,9-983,1,4,97.48183726807032,90.0,3.515625,0
base,Base LLaMA-3B,9-983,1,5,97.70718674093698,90.0,5.078125,0
base,Base LLaMA-3B,9-983,2,1,87.38536451909708,100.0,3.90625,0
base,Base LLaMA-3B,9-983,2,2,93.75530261031417,95.0,3.90625,0
base,Base LLaMA-3B,9-983,2,3,95.43128179166355,85.0,4.6875,0
base,Base LLaMA-3B,9-983,2,4,96.2123995725281,85.0,6.25,0
base,Base LLaMA-3B,9-983,2,5,96.65745435452794,90.0,4.296875,0
base,Base LLaMA-3B,9-983,3,1,85.10726796608185,100.0,-1.5625,0
base,Base LLaMA-3B,9-983,3,2,93.28731975921494,100.0,-3.125,0
base,Base LLaMA-3B,9-983,3,3,94.68983286122076,100.0,-2.34375,0
base,Base LLaMA-3B,9-983,3,4,95.38644683855642,100.0,-1.953125,0
base,Base LLaMA-3B,9-983,3,5,95.79931204372801,100.0,-1.953125,0
base,Base LLaMA-3B,9-983,4,1,88.10326567496395,100.0,-3.515625,0
base,Base LLaMA-3B,9-983,4,2,95.69128836003091,100.0,-4.6875,0
base,Base LLaMA-3B,9-983,4,3,96.69639619083578,95.0,-4.6875,0
base,Base LLaMA-3B,9-983,4,4,97.0845798710459,90.0,-4.6875,0
base,Base LLaMA-3B,9-983,4,5,97.26121624727118,85.0,-4.296875,0
base,Base LLaMA-3B,9-983,5,1,98.60389556601339,100.0,91.259765625,1
base,Base LLaMA-3B,9-983,5,2,99.95222793330241,100.0,93.475341796875,1
base,Base LLaMA-3B,9-983,5,3,99.98900224578182,95.0,93.682861328125,1
base,Base LLaMA-3B,9-983,5,4,99.99703999460796,95.0,93.82476806640625,1
base,Base LLaMA-3B,9-983,5,5,99.99860179245687,95.0,93.8934326171875,1
base,Base LLaMA-3B,7-902,1,1,86.93399347262284,100.0,3.90625,0
base,Base LLaMA-3B,7-902,1,2,95.04070330168683,100.0,5.46875,0
base,Base LLaMA-3B,7-902,1,3,98.02732806496847,90.0,4.6875,0
base,Base LLaMA-3B,7-902,1,4,98.68591719446465,90.0,2.734375,0
base,Base LLaMA-3B,7-902,1,5,99.0080782580891,100.0,1.171875,0
base,Base LLaMA-3B,7-902,3,1,73.60594128929388,95.0,10.546875,0
base,Base LLaMA-3B,7-902,3,2,97.58303182136781,95.0,3.125,0
base,Base LLaMA-3B,7-902,3,3,99.49337594737683,95.0,5.46875,0
base,Base LLaMA-3B,7-902,3,4,99.86783921956679,95.0,4.6875,0
base,Base LLaMA-3B,7-902,3,5,99.94983742579069,90.0,4.6875,0
base,Base LLaMA-3B,7-902,5,1,89.7042345845394,95.0,93.84765625,1
base,Base LLaMA-3B,7-902,5,2,94.22459903025472,95.0,97.4609375,1
base,Base LLaMA-3B,7-902,5,3,96.0306288327751,100.0,98.3154296875,1
base,Base LLaMA-3B,7-902,5,4,96.90865062666418,90.0,98.51531982421875,1
base,Base LLaMA-3B,7-902,5,5,97.35582875844248,90.0,98.553466796875,1
base,Base LLaMA-3B,7-902,7,1,84.17770239505016,100.0,6.25,0
base,Base LLaMA-3B,7-902,7,2,93.30041766772024,100.0,5.859375,0
base,Base LLaMA-3B,7-902,7,3,95.09848085828932,100.0,7.421875,0
base,Base LLaMA-3B,7-902,7,4,96.06151872426645,90.0,14.84375,0
base,Base LLaMA-3B,7-902,7,5,96.35750026626357,90.0,18.359375,0
base,Base LLaMA-3B,7-902,9,1,84.66450331550716,100.0,0.78125,0
base,Base LLaMA-3B,7-902,9,2,95.46683583883238,100.0,0.0,0
base,Base LLaMA-3B,7-902,9,3,97.16321835502869,100.0,1.5625,0
base,Base LLaMA-3B,7-902,9,4,98.48158020431622,95.0,1.5625,0
base,Base LLaMA-3B,7-902,9,5,99.13483047968793,90.0,0.78125,0
base,Base LLaMA-3B,7-902,11,1,92.93763796801142,95.0,1.171875,0
base,Base LLaMA-3B,7-902,11,2,97.44218197519405,95.0,2.734375,0
base,Base LLaMA-3B,7-902,11,3,98.82894557490306,95.0,2.34375,0
base,Base LLaMA-3B,7-902,11,4,99.19514684875014,100.0,3.125,0
base,Base LLaMA-3B,7-902,11,5,99.33275330175462,95.0,5.46875,0
base,Base LLaMA-3B,1359,0,1,77.70876340364646,100.0,1.953125,0
base,Base LLaMA-3B,1359,0,2,88.43545879983792,100.0,2.34375,0
base,Base LLaMA-3B,1359,0,3,92.64913036812223,100.0,1.5625,0
base,Base LLaMA-3B,1359,0,4,94.09341031454082,100.0,1.171875,0
base,Base LLaMA-3B,1359,0,5,95.0261528083491,100.0,1.171875,0
base,Base LLaMA-3B,1359,1,1,81.21055669129983,100.0,4.296875,0
base,Base LLaMA-3B,1359,1,2,92.28882800316833,85.0,4.6875,0
base,Base LLaMA-3B,1359,1,3,96.30013924192961,80.0,3.90625,0
base,Base LLaMA-3B,1359,1,4,97.82496406555497,80.0,4.6875,0
base,Base LLaMA-3B,1359,1,5,98.40870971683945,85.0,7.421875,0
base,Base LLaMA-3B,1359,2,1,63.14013421636282,100.0,2.734375,0
base,Base LLaMA-3B,1359,2,2,72.60807365620119,100.0,1.171875,0
base,Base LLaMA-3B,1359,2,3,77.46801599871421,90.0,0.78125,0
base,Base LLaMA-3B,1359,2,4,80.42387305220939,90.0,0.78125,0
base,Base LLaMA-3B,1359,2,5,82.17573357834576,90.0,1.5625,0
base,Base LLaMA-3B,1359,3,1,88.33336934633189,100.0,8.984375,0
base,Base LLaMA-3B,1359,3,2,93.85211766967733,95.0,8.984375,0
base,Base LLaMA-3B,1359,3,3,96.65745435452794,90.0,10.15625,0
base,Base LLaMA-3B,1359,3,4,97.84189032948301,95.0,12.890625,0
base,Base LLaMA-3B,1359,3,5,98.51675436099855,95.0,14.453125,0
base,Base LLaMA-3B,1508,0,1,84.42300438268767,100.0,1.171875,0
base,Base LLaMA-3B,1508,0,2,95.53711603496986,100.0,0.390625,0
base,Base LLaMA-3B,1508,0,3,97.85868487218013,100.0,0.0,0
base,Base LLaMA-3B,1508,0,4,98.22478740783714,100.0,0.78125,0
base,Base LLaMA-3B,1508,0,5,98.38365054118341,100.0,1.953125,0
base,Base LLaMA-3B,1508,1,1,89.54209987109985,95.0,2.34375,0
base,Base LLaMA-3B,1508,1,2,94.65862726728336,95.0,0.390625,0
base,Base LLaMA-3B,1508,1,3,96.15275354475345,90.0,0.0,0
base,Base LLaMA-3B,1508,1,4,96.81052066378429,90.0,0.0,0
base,Base LLaMA-3B,1508,1,5,97.35582875844248,95.0,0.0,0
base,Base LLaMA-3B,1508,2,1,71.06835985394748,100.0,0.78125,0
base,Base LLaMA-3B,1508,2,2,87.7495727860831,95.0,-0.390625,0
base,Base LLaMA-3B,1508,2,3,91.7109463171231,95.0,-0.390625,0
base,Base LLaMA-3B,1508,2,4,93.54447850085455,95.0,-0.390625,0
base,Base LLaMA-3B,1508,2,5,94.39134572551396,90.0,0.0,0
base,Base LLaMA-3B,1508,3,1,82.62260565495548,100.0,0.0,0
base,Base LLaMA-3B,1508,3,2,94.4458511668931,95.0,-0.78125,0
base,Base LLaMA-3B,1508,3,3,97.02707836138413,100.0,-0.78125,0
base,Base LLaMA-3B,1508,3,4,97.75592101356268,90.0,-0.78125,0
base,Base LLaMA-3B,1508,3,5,98.01960724531389,90.0,-0.390625,0
base,Base LLaMA-3B,1508,4,1,82.21051262373308,100.0,0.0,0
base,Base LLaMA-3B,1508,4,2,97.18529436493206,100.0,0.0,0
base,Base LLaMA-3B,1508,4,3,98.8266561241651,85.0,0.78125,0
base,Base LLaMA-3B,1508,4,4,99.37195428087661,80.0,1.171875,0
base,Base LLaMA-3B,1508,4,5,99.66383135120678,80.0,1.5625,0
base,Base LLaMA-3B,1508,5,1,90.40329139550015,100.0,-0.390625,0
base,Base LLaMA-3B,1508,5,2,97.16321835502869,100.0,-0.390625,0
base,Base LLaMA-3B,1508,5,3,98.27940495741487,95.0,0.0,0
base,Base LLaMA-3B,1508,5,4,98.61746304310535,85.0,0.390625,0
base,Base LLaMA-3B,1508,5,5,98.81745347409033,90.0,0.0,0
base,Base LLaMA-3B,1508,6,1,66.10935776590487,100.0,2.34375,0
base,Base LLaMA-3B,1508,6,2,94.59566485573767,95.0,1.953125,0
base,Base LLaMA-3B,1508,6,3,97.60184081695694,90.0,2.734375,0
base,Base LLaMA-3B,1508,6,4,98.24546926098378,80.0,3.515625,0
base,Base LLaMA-3B,1508,6,5,98.63357008653132,80.0,3.125,0
base,Base LLaMA-3B,147,0,1,83.02515256139138,100.0,-2.34375,0
base,Base LLaMA-3B,147,0,2,90.40329139550015,100.0,-11.328125,0
base,Base LLaMA-3B,147,0,3,94.35838604962227,100.0,-19.53125,0
base,Base LLaMA-3B,147,0,4,96.2418749129002,95.0,-21.484375,0
base,Base LLaMA-3B,147,0,5,97.02707836138413,95.0,-23.4375,0
base,Base LLaMA-3B,147,1,1,78.20386444442973,100.0,-7.421875,0
base,Base LLaMA-3B,147,1,2,90.91401891111842,100.0,-20.703125,0
base,Base LLaMA-3B,147,1,3,95.13662478286872,100.0,-23.4375,0
base,Base LLaMA-3B,147,1,4,96.70927572150482,100.0,-23.4375,0
base,Base LLaMA-3B,147,1,5,97.39682283385446,100.0,-23.046875,0
base,Base LLaMA-3B,147,2,1,74.91280175400613,95.0,18.9453125,0
base,Base LLaMA-3B,147,2,2,84.54422552430152,95.0,23.2421875,0
base,Base LLaMA-3B,147,2,3,87.58093631492906,100.0,22.265625,0
base,Base LLaMA-3B,147,2,4,89.7042345845394,95.0,23.828125,0
base,Base LLaMA-3B,147,2,5,90.91401891111842,95.0,24.8046875,0
base,Base LLaMA-3B,147,3,1,62.26602768924923,100.0,10.3515625,0
base,Base LLaMA-3B,147,3,2,83.64353370856136,95.0,13.28125,0
base,Base LLaMA-3B,147,3,3,90.38452950781529,95.0,12.6953125,0
base,Base LLaMA-3B,147,3,4,93.79178564581007,95.0,14.6484375,0
base,Base LLaMA-3B,147,3,5,96.05381886107484,95.0,14.6484375,0
base,Base LLaMA-3B,147,4,1,93.45880804657378,100.0,6.4453125,0
base,Base LLaMA-3B,147,4,2,99.92733392123341,95.0,26.171875,1
base,Base LLaMA-3B,147,4,3,99.92502725228375,95.0,31.15234375,1
base,Base LLaMA-3B,147,4,4,99.97154355468646,95.0,35.9375,1
base,Base LLaMA-3B,147,4,5,99.99184709191609,95.0,36.03515625,1
base,Base LLaMA-3B,474,0,1,81.71736986789908,100.0,40.234375,0
base,Base LLaMA-3B,474,0,2,91.22789819655581,100.0,58.7890625,0
base,Base LLaMA-3B,474,0,3,93.77964837820748,100.0,66.40625,1
base,Base LLaMA-3B,474,0,4,94.51055896078103,100.0,68.5546875,1
base,Base LLaMA-3B,474,0,5,94.67945130609063,100.0,72.0703125,1
base,Base LLaMA-3B,474,1,1,83.64353370856136,100.0,2.34375,0
base,Base LLaMA-3B,474,1,2,92.51146405108656,100.0,3.515625,0
base,Base LLaMA-3B,474,1,3,95.59771681954732,95.0,7.8125,0
base,Base LLaMA-3B,474,1,4,96.82915437500763,95.0,13.28125,0
base,Base LLaMA-3B,474,1,5,97.45215396263544,95.0,17.1875,0
base,Base LLaMA-3B,474,2,1,83.02515256139138,95.0,25.78125,0
base,Base LLaMA-3B,474,2,2,93.14154165118899,100.0,60.3515625,1
base,Base LLaMA-3B,474,2,3,94.74143757592263,90.0,69.921875,1
base,Base LLaMA-3B,474,2,4,96.09216822871508,90.0,72.265625,1
base,Base LLaMA-3B,474,2,5,97.09594601696809,85.0,71.09375,1
base,Base LLaMA-3B,474,3,1,64.34390193360531,100.0,-0.390625,0
base,Base LLaMA-3B,474,3,2,81.35677729918379,100.0,-2.34375,0
base,Base LLaMA-3B,474,3,3,87.38536451909708,100.0,-1.5625,0
base,Base LLaMA-3B,474,3,4,90.17571200931246,100.0,-0.390625,0
base,Base LLaMA-3B,474,3,5,91.596841173043,100.0,0.78125,0
base,Base LLaMA-3B,7-459,0,1,92.75602429657485,90.0,-0.78125,0
base,Base LLaMA-3B,7-459,0,2,96.18269305419625,90.0,-0.78125,0
base,Base LLaMA-3B,7-459,0,3,98.40870971683945,90.0,-0.78125,0
base,Base LLaMA-3B,7-459,0,4,99.09331012749392,90.0,-0.78125,0
base,Base LLaMA-3B,7-459,0,5,99.14824368984709,90.0,-0.78125,0
base,Base LLaMA-3B,7-459,1,1,84.78384509751571,95.0,-0.78125,0
base,Base LLaMA-3B,7-459,1,2,95.70808643477497,95.0,-0.78125,0
base,Base LLaMA-3B,7-459,1,3,96.76029367265431,90.0,-0.390625,0
base,Base LLaMA-3B,7-459,1,4,97.55454136530511,85.0,-0.390625,0
base,Base LLaMA-3B,7-459,1,5,98.15407097750632,85.0,-0.390625,0
base,Base LLaMA-3B,7-459,2,1,89.74437396991662,85.0,-0.390625,0
base,Base LLaMA-3B,7-459,2,2,94.67945130609063,90.0,0.0,0
base,Base LLaMA-3B,7-459,2,3,97.5640753049979,90.0,-0.390625,0
base,Base LLaMA-3B,7-459,2,4,98.81282511785048,100.0,-0.390625,0
base,Base LLaMA-3B,7-459,2,5,99.2570849421466,100.0,-0.78125,0
base,Base LLaMA-3B,7-459,3,1,84.66450331550716,100.0,-0.390625,0
base,Base LLaMA-3B,7-459,3,2,92.75602429657485,100.0,-0.78125,0
base,Base LLaMA-3B,7-459,3,3,93.89996086954065,100.0,-0.78125,0
base,Base LLaMA-3B,7-459,3,4,94.1793019990428,90.0,-0.390625,0
base,Base LLaMA-3B,7-459,3,5,94.6167343617248,90.0,-0.390625,0
base,Base LLaMA-3B,7-163,0,1,83.80248742026966,100.0,-1.171875,0
base,Base LLaMA-3B,7-163,0,2,92.46745711008072,100.0,0.390625,0
base,Base LLaMA-3B,7-163,0,3,94.90322653301573,100.0,4.296875,0
base,Base LLaMA-3B,7-163,0,4,95.43128179166355,100.0,14.453125,0
base,Base LLaMA-3B,7-163,0,5,95.96812033236124,95.0,14.453125,0
base,Base LLaMA-3B,7-163,1,1,87.13656312790778,95.0,65.52734375,1
base,Base LLaMA-3B,7-163,1,2,96.53785293376804,95.0,74.1455078125,1
base,Base LLaMA-3B,7-163,1,3,98.38995209053051,95.0,76.3916015625,1
base,Base LLaMA-3B,7-163,1,4,98.9924577635567,90.0,76.5625,1
base,Base LLaMA-3B,7-163,1,5,99.23946721925601,85.0,76.0498046875,1
base,Base LLaMA-3B,7-163,2,1,81.06318926097465,100.0,40.234375,0
base,Base LLaMA-3B,7-163,2,2,92.46745711008072,95.0,42.1875,0
base,Base LLaMA-3B,7-163,2,3,94.40228943769597,85.0,43.1640625,0
base,Base LLaMA-3B,7-163,2,4,95.43128179166355,85.0,44.7265625,0
base,Base LLaMA-3B,7-163,2,5,96.0306288327751,85.0,44.7265625,0
base,Base LLaMA-3B,7-163,3,1,84.42300438268767,100.0,-12.109375,0
base,Base LLaMA-3B,7-163,3,2,96.52430247327771,95.0,-16.40625,0
base,Base LLaMA-3B,7-163,3,3,97.02707836138413,95.0,-14.0625,0
base,Base LLaMA-3B,7-163,3,4,97.11854554435962,90.0,-12.890625,0
base,Base LLaMA-3B,7-163,3,5,97.02707836138413,90.0,-12.109375,0
base,Base LLaMA-3B,7-163,4,1,85.01974971358183,95.0,63.28125,1
base,Base LLaMA-3B,7-163,4,2,93.24787219224557,95.0,67.28515625,1
base,Base LLaMA-3B,7-163,4,3,95.35933494870397,95.0,68.212890625,1
base,Base LLaMA-3B,7-163,4,4,95.77462638710077,100.0,66.796875,1
base,Base LLaMA-3B,7-163,4,5,96.32893178677742,95.0,66.796875,1
base,Base LLaMA-3B,508,0,1,83.35347583144328,95.0,61.1328125,1
base,Base LLaMA-3B,508,0,2,89.25219620042508,100.0,64.94140625,1
base,Base LLaMA-3B,508,0,3,93.58219322188921,95.0,65.13671875,1
base,Base LLaMA-3B,508,0,4,95.65749471580408,95.0,66.796875,1
base,Base LLaMA-3B,508,0,5,96.6180534841765,100.0,69.287109375,1
base,Base LLaMA-3B,508,1,1,85.98222123159245,95.0,65.625,1
base,Base LLaMA-3B,508,1,2,94.42411284299162,90.0,74.951171875,1
base,Base LLaMA-3B,508,1,3,95.9838391415263,90.0,76.45263671875,1
base,Base LLaMA-3B,508,1,4,96.82295526529889,80.0,76.1474609375,1
base,Base LLaMA-3B,508,1,5,97.36613740517106,80.0,75.29296875,1
base,Base LLaMA-3B,508,2,1,88.46928971043957,100.0,5.46875,0
base,Base LLaMA-3B,508,2,2,94.72085614451599,95.0,-6.640625,0
base,Base LLaMA-3B,508,2,3,96.37170102693061,85.0,-9.765625,0
base,Base LLaMA-3B,508,2,4,97.65739411459792,90.0,-1.953125,0
base,Base LLaMA-3B,508,2,5,98.48749996208883,100.0,-3.515625,0
base,Base LLaMA-3B,508,3,1,76.15495507030485,100.0,30.46875,0
base,Base LLaMA-3B,508,3,2,89.25219620042508,100.0,35.15625,0
base,Base LLaMA-3B,508,3,3,91.88713205767291,95.0,40.625,0
base,Base LLaMA-3B,508,3,4,92.95141818223408,95.0,48.828125,1
base,Base LLaMA-3B,508,3,5,93.58219322188921,90.0,53.90625,1
base,Base LLaMA-3B,508,4,1,84.11577567314599,100.0,-5.859375,0
base,Base LLaMA-3B,508,4,2,99.42141717118824,95.0,-12.5,0
base,Base LLaMA-3B,508,4,3,99.84427654418792,90.0,-6.640625,0
base,Base LLaMA-3B,508,4,4,99.9192117353927,90.0,5.46875,0
base,Base LLaMA-3B,508,4,5,99.94447509188326,85.0,10.9375,0
base,Base LLaMA-3B,1674,0,1,78.03291523454247,95.0,-16.796875,0
base,Base LLaMA-3B,1674,0,2,91.26209738045796,95.0,-23.046875,0
base,Base LLaMA-3B,1674,0,3,93.60721387932924,85.0,-25.78125,0
base,Base LLaMA-3B,1674,0,4,93.70632484166201,90.0,-22.65625,0
base,Base LLaMA-3B,1674,0,5,93.9945332104692,90.0,-23.046875,0
base,Base LLaMA-3B,1674,1,1,82.14088653875645,95.0,5.859375,0
base,Base LLaMA-3B,1674,1,2,93.11469840418007,95.0,-0.390625,0
base,Base LLaMA-3B,1674,1,3,95.55451517064725,95.0,2.734375,0
base,Base LLaMA-3B,1674,1,4,96.53785293376804,100.0,4.296875,0
base,Base LLaMA-3B,1674,1,5,96.8476792235743,100.0,6.25,0
base,Base LLaMA-3B,1674,2,1,80.76497788389526,95.0,53.3935546875,1
base,Base LLaMA-3B,1674,2,2,90.62559891088492,95.0,56.35986328125,1
base,Base LLaMA-3B,1674,2,3,92.92383081300706,95.0,55.712890625,1
base,Base LLaMA-3B,1674,2,4,94.48907389602414,95.0,56.103515625,1
base,Base LLaMA-3B,1674,2,5,95.35933494870397,95.0,57.0556640625,1
base,Base LLaMA-3B,1674,3,1,81.50186000926958,85.0,-29.6875,0
base,Base LLaMA-3B,1674,3,2,91.79150013761011,90.0,-35.9375,0
base,Base LLaMA-3B,1674,3,3,93.50654214644392,85.0,-35.546875,0
base,Base LLaMA-3B,1674,3,4,94.70019415966442,85.0,-35.15625,0
base,Base LLaMA-3B,1674,3,5,95.46683583883238,80.0,-35.15625,0
base,Base LLaMA-3B,1674,4,1,60.95399764835771,95.0,-11.328125,0
base,Base LLaMA-3B,1674,4,2,81.11858701001664,95.0,-15.234375,0
base,Base LLaMA-3B,1674,4,3,83.46688236862762,95.0,-5.859375,0
base,Base LLaMA-3B,1674,4,4,84.10025615867225,90.0,0.390625,0
base,Base LLaMA-3B,1674,4,5,85.96852530813976,90.0,7.421875,0
base,Base LLaMA-3B,9-440,1,1,77.2468991777501,100.0,12.890625,0
base,Base LLaMA-3B,9-440,1,2,87.43454432210626,95.0,24.609375,0
base,Base LLaMA-3B,9-440,1,3,92.01291041688359,95.0,31.25,0
base,Base LLaMA-3B,9-440,1,4,93.27419624385854,95.0,35.15625,0
base,Base LLaMA-3B,9-440,1,5,93.97102847802987,90.0,37.5,0
base,Base LLaMA-3B,9-440,3,1,79.76297320824692,80.0,3.125,0
base,Base LLaMA-3B,9-440,3,2,87.5323294739798,80.0,3.125,0
base,Base LLaMA-3B,9-440,3,3,91.56395213930173,95.0,2.34375,0
base,Base LLaMA-3B,9-440,3,4,93.00627068111767,100.0,3.90625,0
base,Base LLaMA-3B,9-440,3,5,93.82805553857126,100.0,4.6875,0
base,Base LLaMA-3B,9-440,5,1,83.86563553732114,90.0,3.125,0
base,Base LLaMA-3B,9-440,5,2,94.33630539693081,95.0,2.734375,0
base,Base LLaMA-3B,9-440,5,3,96.10740342096426,95.0,2.34375,0
base,Base LLaMA-3B,9-440,5,4,96.9207026557096,85.0,3.90625,0
base,Base LLaMA-3B,9-440,5,5,97.10726785048675,85.0,4.296875,0
base,Base LLaMA-3B,9-440,7,1,80.98907267932087,100.0,11.71875,0
base,Base LLaMA-3B,9-440,7,2,95.11759007045801,100.0,14.0625,0
base,Base LLaMA-3B,9-440,7,3,96.53785293376804,100.0,23.828125,0
base,Base LLaMA-3B,9-440,7,4,96.74761382060034,95.0,29.296875,0
base,Base LLaMA-3B,9-440,7,5,96.99203450186144,100.0,31.640625,0
base,Base LLaMA-3B,9-440,8,1,59.04016055236521,95.0,1.5625,0
base,Base LLaMA-3B,9-440,8,2,82.65651275510439,100.0,-0.78125,0
base,Base LLaMA-3B,9-440,8,3,93.61968760438376,100.0,-1.171875,0
base,Base LLaMA-3B,9-440,8,4,96.68993753441751,100.0,-0.78125,0
base,Base LLaMA-3B,9-440,8,5,98.25571965475561,100.0,-1.171875,0
base,Base LLaMA-3B,7-658,0,1,75.82670984577217,90.0,9.375,0
base,Base LLaMA-3B,7-658,0,2,88.75837607898829,95.0,11.328125,0
base,Base LLaMA-3B,7-658,0,3,93.3913902201905,95.0,15.0390625,0
base,Base LLaMA-3B,7-658,0,4,95.16503779948174,95.0,8.984375,0
base,Base LLaMA-3B,7-658,0,5,96.11499872895024,95.0,11.328125,0
base,Base LLaMA-3B,7-658,1,1,52.01947564403224,100.0,0.78125,0
base,Base LLaMA-3B,7-658,1,2,78.70877138075957,100.0,-5.078125,0
base,Base LLaMA-3B,7-658,1,3,89.12550449027789,100.0,-7.421875,0
base,Base LLaMA-3B,7-658,1,4,93.19491459749898,95.0,-10.15625,0
base,Base LLaMA-3B,7-658,1,5,95.60630663765926,95.0,-11.328125,0
base,Base LLaMA-3B,7-658,2,1,79.56437786796519,100.0,28.90625,0
base,Base LLaMA-3B,7-658,2,2,93.41715474803814,90.0,27.5390625,0
base,Base LLaMA-3B,7-658,2,3,96.06920356333951,80.0,27.5390625,0
base,Base LLaMA-3B,7-658,2,4,96.89048408110322,85.0,27.734375,0
base,Base LLaMA-3B,7-658,2,5,97.29840575197349,90.0,27.9296875,0
base,Base LLaMA-3B,7-658,4,1,57.69866594542694,95.0,0.0,0
base,Base LLaMA-3B,7-658,4,2,82.90871604226855,90.0,-11.328125,0
base,Base LLaMA-3B,7-658,4,3,86.26676752663307,90.0,-9.765625,0
base,Base LLaMA-3B,7-658,4,4,88.43545879983792,85.0,-9.375,0
base,Base LLaMA-3B,7-658,4,5,90.10832372198718,85.0,-9.375,0
base,Base LLaMA-3B,9-877,0,1,88.14964664660944,100.0,-10.15625,0
base,Base LLaMA-3B,9-877,0,2,95.43128179166355,100.0,-12.5,0
base,Base LLaMA-3B,9-877,0,3,97.0037614479853,100.0,-12.109375,0
base,Base LLaMA-3B,9-877,0,4,97.43718135503588,100.0,-12.109375,0
base,Base LLaMA-3B,9-877,0,5,97.66652706942223,100.0,-12.109375,0
base,Base LLaMA-3B,9-877,1,1,71.84874148664106,95.0,22.65625,0
base,Base LLaMA-3B,9-877,1,2,91.48116528465314,90.0,28.90625,0
base,Base LLaMA-3B,9-877,1,3,94.2358681017388,90.0,27.734375,0
base,Base LLaMA-3B,9-877,1,4,94.91317145369543,95.0,32.03125,0
base,Base LLaMA-3B,9-877,1,5,95.36838990202595,85.0,38.4765625,0
base,Base LLaMA-3B,9-877,2,1,72.44710295446836,95.0,67.7734375,1
base,Base LLaMA-3B,9-877,2,2,91.79150013761011,100.0,80.7861328125,1
base,Base LLaMA-3B,9-877,2,3,94.4458511668931,95.0,82.568359375,1
base,Base LLaMA-3B,9-877,2,4,95.46683583883238,90.0,83.02001953125,1
base,Base LLaMA-3B,9-877,2,5,96.1225792168278,90.0,83.502197265625,1
base,Base LLaMA-3B,9-877,3,1,78.37348331701128,95.0,67.67578125,1
base,Base LLaMA-3B,9-877,3,2,91.12449543634658,90.0,80.1513671875,1
base,Base LLaMA-3B,9-877,3,3,93.30041766772024,90.0,81.54296875,1
base,Base LLaMA-3B,9-877,3,4,93.9945332104692,95.0,81.1279296875,1
base,Base LLaMA-3B,9-877,3,5,94.4458511668931,90.0,81.54296875,1
base,Base LLaMA-3B,9-877,4,1,85.81698409126575,85.0,84.5733642578125,1
base,Base LLaMA-3B,9-877,4,2,94.1793019990428,90.0,84.64889526367188,1
base,Base LLaMA-3B,9-877,4,3,95.53711603496986,85.0,84.59548950195312,1
base,Base LLaMA-3B,9-877,4,4,96.41397199034334,85.0,84.5184326171875,1
base,Base LLaMA-3B,9-877,4,5,96.88440487303002,85.0,84.48486328125,1
base,Base LLaMA-3B,7-671,1,1,73.81134148374335,100.0,25.0,0
base,Base LLaMA-3B,7-671,1,2,80.53824152993387,90.0,31.640625,1
base,Base LLaMA-3B,7-671,1,3,85.98222123159245,85.0,37.890625,1
base,Base LLaMA-3B,7-671,1,4,89.74437396991662,85.0,38.76953125,1
base,Base LLaMA-3B,7-671,1,5,92.13673876337887,75.0,36.5234375,1
base,Base LLaMA-3B,7-671,3,1,83.73909214847609,100.0,17.96875,0
base,Base LLaMA-3B,7-671,3,2,97.5449701108274,95.0,18.5546875,0
base,Base LLaMA-3B,7-671,3,3,98.31268427806029,90.0,27.9296875,1
base,Base LLaMA-3B,7-671,3,4,98.51094910170592,85.0,27.1484375,1
base,Base LLaMA-3B,7-671,3,5,98.84032599437539,85.0,31.640625,1
base,Base LLaMA-3B,7-671,5,1,80.53824152993387,100.0,43.75,1
base,Base LLaMA-3B,7-671,5,2,92.84041916981849,85.0,56.4697265625,1
base,Base LLaMA-3B,7-671,5,3,96.22716602718964,85.0,60.36376953125,1
base,Base LLaMA-3B,7-671,5,4,97.67562441823003,85.0,61.7462158203125,1
base,Base LLaMA-3B,7-671,5,5,98.45163205732874,85.0,62.2100830078125,1
base,Base LLaMA-3B,9-771,0,1,93.75530261031417,95.0,9.375,0
base,Base LLaMA-3B,9-771,0,2,98.06548299406528,100.0,4.6875,0
base,Base LLaMA-3B,9-771,0,3,99.14156328231036,100.0,2.734375,0
base,Base LLaMA-3B,9-771,0,4,99.37195428087661,100.0,3.515625,0
base,Base LLaMA-3B,9-771,0,5,99.39127721625502,100.0,3.515625,0
base,Base LLaMA-3B,9-771,1,1,84.30083249187668,90.0,2.34375,0
base,Base LLaMA-3B,9-771,1,2,95.21202442691384,90.0,4.296875,0
base,Base LLaMA-3B,9-771,1,3,97.47691417534179,90.0,6.25,0
base,Base LLaMA-3B,9-771,1,4,97.77338457478403,85.0,12.5,0
base,Base LLaMA-3B,9-771,1,5,98.0954749003309,85.0,12.890625,0
base,Base LLaMA-3B,9-771,2,1,87.58093631492906,100.0,1.953125,0
base,Base LLaMA-3B,9-771,2,2,96.27112087435374,95.0,0.78125,0
base,Base LLaMA-3B,9-771,2,3,97.73832048393311,95.0,0.390625,0
base,Base LLaMA-3B,9-771,2,4,98.29279473426537,90.0,1.171875,0
base,Base LLaMA-3B,9-771,2,5,98.6282220310614,90.0,1.953125,0
base,Base LLaMA-3B,9-771,3,1,75.96793606502914,80.0,12.5,0
base,Base LLaMA-3B,9-771,3,2,88.64805680378615,80.0,25.390625,0
base,Base LLaMA-3B,9-771,3,3,89.33583627316015,75.0,21.875,0
base,Base LLaMA-3B,9-771,3,4,90.44070541665205,80.0,12.890625,0
base,Base LLaMA-3B,9-771,3,5,91.01987379712082,85.0,10.9375,0
base,Base LLaMA-3B,9-771,4,1,77.64336128933141,95.0,2.34375,0
base,Base LLaMA-3B,9-771,4,2,88.49178865020077,100.0,2.34375,0
base,Base LLaMA-3B,9-771,4,3,94.64818470416884,100.0,1.5625,0
base,Base LLaMA-3B,9-771,4,4,96.26383079040633,95.0,1.5625,0
base,Base LLaMA-3B,9-771,4,5,96.90260693479779,90.0,1.5625,0
base,Base LLaMA-3B,9-771,5,1,53.58642129204707,95.0,5.46875,0
base,Base LLaMA-3B,9-771,5,2,71.84874148664106,95.0,0.78125,0
base,Base LLaMA-3B,9-771,5,3,77.55585987944045,100.0,0.390625,0
base,Base LLaMA-3B,9-771,5,4,80.95190567781283,100.0,1.953125,0
base,Base LLaMA-3B,9-771,5,5,82.65651275510439,100.0,2.734375,0
base,Base LLaMA-3B,9-771,6,1,92.59870813749205,100.0,1.171875,0
base,Base LLaMA-3B,9-771,6,2,98.7138483264243,95.0,-0.78125,0
base,Base LLaMA-3B,9-771,6,3,99.08798189671528,95.0,0.390625,0
base,Base LLaMA-3B,9-771,6,4,99.28971958698656,95.0,1.953125,0
base,Base LLaMA-3B,9-771,6,5,99.35328232446597,95.0,2.734375,0
base,Base LLaMA-3B,8-190,0,1,95.65749471580408,90.0,23.046875,0
base,Base LLaMA-3B,8-190,0,2,98.7751401417937,90.0,31.640625,0
base,Base LLaMA-3B,8-190,0,3,99.3645510766788,90.0,37.109375,0
base,Base LLaMA-3B,8-190,0,4,99.56326276778206,90.0,41.40625,0
base,Base LLaMA-3B,8-190,0,5,99.6490717751424,100.0,42.96875,0
base,Base LLaMA-3B,8-190,1,1,93.40428506444619,85.0,-4.296875,0
base,Base LLaMA-3B,8-190,1,2,98.83578715864881,85.0,-5.078125,0
base,Base LLaMA-3B,8-190,1,3,99.5581146474901,90.0,-5.46875,0
base,Base LLaMA-3B,8-190,1,4,99.75596773138525,90.0,-5.46875,0
base,Base LLaMA-3B,8-190,1,5,99.82146217831415,100.0,-5.46875,0
base,Base LLaMA-3B,8-190,2,1,93.92374266832815,95.0,-3.90625,0
base,Base LLaMA-3B,8-190,2,2,98.80351398984872,95.0,-5.46875,0
base,Base LLaMA-3B,8-190,2,3,99.20296848904162,100.0,-5.46875,0
base,Base LLaMA-3B,8-190,2,4,99.37927123513303,100.0,-5.46875,0
base,Base LLaMA-3B,8-190,2,5,99.46906255144573,100.0,-5.46875,0
base,Base LLaMA-3B,8-190,3,1,85.64979918781663,100.0,-3.90625,0
base,Base LLaMA-3B,8-190,3,2,93.73086155577948,100.0,-4.6875,0
base,Base LLaMA-3B,8-190,3,3,96.07687340760938,100.0,-4.6875,0
base,Base LLaMA-3B,8-190,3,4,96.8476792235743,100.0,-4.296875,0
base,Base LLaMA-3B,8-190,3,5,97.12977927067085,95.0,-4.296875,0
base,Base LLaMA-3B,530,0,1,87.8922945861314,95.0,1.171875,0
base,Base LLaMA-3B,530,0,2,93.20819280870158,100.0,2.34375,0
base,Base LLaMA-3B,530,0,3,96.74125529636869,100.0,1.171875,0
base,Base LLaMA-3B,530,0,4,98.30938551914527,100.0,3.515625,0
base,Base LLaMA-3B,530,0,5,99.06635401066688,100.0,5.078125,0
base,Base LLaMA-3B,530,1,1,84.33146500411543,95.0,8.203125,0
base,Base LLaMA-3B,530,1,2,92.36376591388068,95.0,4.6875,0
base,Base LLaMA-3B,530,1,3,94.49982691915353,95.0,6.25,0
base,Base LLaMA-3B,530,1,4,95.36838990202595,95.0,7.8125,0
base,Base LLaMA-3B,530,1,5,95.8482515407832,100.0,10.546875,0
base,Base LLaMA-3B,530,2,1,67.66132326624952,100.0,-7.03125,0
base,Base LLaMA-3B,530,2,2,76.34051868213501,100.0,-7.03125,0
base,Base LLaMA-3B,530,2,3,80.53824152993387,100.0,-7.421875,0
base,Base LLaMA-3B,530,2,4,82.95871488698133,100.0,-7.421875,0
base,Base LLaMA-3B,530,2,5,84.96111867170004,100.0,-7.421875,0
base,Base LLaMA-3B,530,3,1,73.34692413598336,100.0,0.390625,0
base,Base LLaMA-3B,530,3,2,88.71437760697813,85.0,-1.953125,0
base,Base LLaMA-3B,530,3,3,92.12136582352646,85.0,0.390625,0
base,Base LLaMA-3B,530,3,4,93.86411353382927,85.0,1.5625,0
base,Base LLaMA-3B,530,3,5,94.58509919899359,85.0,3.515625,0
base,Base LLaMA-3B,530,4,1,82.31444312010494,100.0,19.921875,0
base,Base LLaMA-3B,530,4,2,93.3913902201905,95.0,16.796875,0
base,Base LLaMA-3B,530,4,3,95.23999694053394,85.0,22.65625,0
base,Base LLaMA-3B,530,4,4,96.23452765211574,85.0,26.953125,0
base,Base LLaMA-3B,530,4,5,96.82915437500763,90.0,28.125,0
base,Base LLaMA-3B,7-107,0,1,72.33926396448128,100.0,-11.328125,0
base,Base LLaMA-3B,7-107,0,2,82.41776642933038,90.0,-13.28125,0
base,Base LLaMA-3B,7-107,0,3,85.87227843009335,95.0,-23.2421875,0
base,Base LLaMA-3B,7-107,0,4,87.91591936968007,90.0,-34.5703125,0
base,Base LLaMA-3B,7-107,0,5,89.66393809804971,95.0,-19.7265625,0
base,Base LLaMA-3B,7-107,1,1,73.70884197239096,90.0,-52.5390625,0
base,Base LLaMA-3B,7-107,1,2,90.17571200931246,85.0,-57.6171875,0
base,Base LLaMA-3B,7-107,1,3,93.35255423106061,90.0,-57.6171875,0
base,Base LLaMA-3B,7-107,1,4,94.57451288603568,90.0,-58.0078125,0
base,Base LLaMA-3B,7-107,1,5,95.35933494870397,95.0,-56.8359375,0
base,Base LLaMA-3B,7-107,2,1,73.96434197337742,100.0,-33.7890625,0
base,Base LLaMA-3B,7-107,2,2,87.60516862661883,100.0,-42.7734375,0
base,Base LLaMA-3B,7-107,2,3,90.7889434536633,95.0,-42.3828125,0
base,Base LLaMA-3B,7-107,2,4,92.12136582352646,95.0,-42.7734375,0
base,Base LLaMA-3B,7-107,2,5,92.48215475007628,90.0,-42.3828125,0
base,Base LLaMA-3B,7-107,3,1,78.95682170755353,95.0,-21.2890625,0
base,Base LLaMA-3B,7-107,3,2,91.75937297751489,95.0,-29.8828125,0
base,Base LLaMA-3B,7-107,3,3,93.68169209356077,95.0,-27.5390625,0
base,Base LLaMA-3B,7-107,3,4,95.00180705560635,90.0,-31.0546875,0
base,Base LLaMA-3B,7-107,3,5,95.449093535953,90.0,-29.4921875,0
base,Base LLaMA-3B,8-393,0,1,80.53824152993387,95.0,3.125,0
base,Base LLaMA-3B,8-393,0,2,89.41882545368529,100.0,1.953125,0
base,Base LLaMA-3B,8-393,0,3,92.61314967800327,100.0,0.78125,0
base,Base LLaMA-3B,8-393,0,4,94.1565204311951,90.0,0.78125,0
base,Base LLaMA-3B,8-393,0,5,95.07929685477889,85.0,0.78125,0
base,Base LLaMA-3B,8-393,1,1,57.2418076480063,95.0,7.8125,0
base,Base LLaMA-3B,8-393,1,2,73.6574418753006,100.0,4.296875,0
base,Base LLaMA-3B,8-393,1,3,83.38595684389584,90.0,2.734375,0
base,Base LLaMA-3B,8-393,1,4,88.75837607898829,90.0,3.515625,0
base,Base LLaMA-3B,8-393,1,5,91.64593446333883,90.0,3.90625,0
base,Base LLaMA-3B,8-393,2,1,77.15784605902755,95.0,2.34375,0
base,Base LLaMA-3B,8-393,2,2,86.25334961614806,95.0,1.953125,0
base,Base LLaMA-3B,8-393,2,3,90.98472657691836,95.0,2.734375,0
base,Base LLaMA-3B,8-393,2,4,93.40428506444619,95.0,3.515625,0
base,Base LLaMA-3B,8-393,2,5,94.35838604962227,95.0,4.296875,0
base,Base LLaMA-3B,8-393,3,1,83.09133121985563,95.0,5.078125,0
base,Base LLaMA-3B,8-393,3,2,96.45575048211548,95.0,8.203125,0
base,Base LLaMA-3B,8-393,3,3,97.36613740517106,100.0,16.40625,0
base,Base LLaMA-3B,8-393,3,4,98.07302496112518,100.0,21.09375,0
base,Base LLaMA-3B,8-393,3,5,98.49927033076524,100.0,21.875,0
base,Base LLaMA-3B,8-393,4,1,93.68169209356077,100.0,56.8359375,1
base,Base LLaMA-3B,8-393,4,2,96.67048570502892,100.0,80.2734375,1
base,Base LLaMA-3B,8-393,4,3,97.32466010457031,100.0,82.32421875,1
base,Base LLaMA-3B,8-393,4,4,97.85030400173132,100.0,88.232421875,1
base,Base LLaMA-3B,8-393,4,5,98.21783942219938,100.0,90.52734375,1
base,Base LLaMA-3B,8-393,5,1,79.2830659478169,95.0,6.640625,0
base,Base LLaMA-3B,8-393,5,2,88.7363983266053,85.0,5.46875,0
base,Base LLaMA-3B,8-393,5,3,92.13673876337887,85.0,7.421875,0
base,Base LLaMA-3B,8-393,5,4,93.77964837820748,85.0,10.546875,0
base,Base LLaMA-3B,8-393,5,5,94.84314738021332,95.0,14.84375,0
base,Base LLaMA-3B,8-393,6,1,87.7495727860831,90.0,8.984375,0
base,Base LLaMA-3B,8-393,6,2,95.56318928463271,90.0,23.046875,0
base,Base LLaMA-3B,8-393,6,3,97.3089382697882,100.0,32.421875,0
base,Base LLaMA-3B,8-393,6,4,98.31597660037458,100.0,37.109375,0
base,Base LLaMA-3B,8-393,6,5,98.72883244728658,100.0,45.703125,0
base,Base LLaMA-3B,948,0,1,85.19427491574153,95.0,28.125,0
base,Base LLaMA-3B,948,0,2,91.29616323437764,90.0,36.328125,0
base,Base LLaMA-3B,948,0,3,94.20199474997456,90.0,38.671875,0
base,Base LLaMA-3B,948,0,4,95.48450897102808,85.0,37.890625,0
base,Base LLaMA-3B,948,0,5,96.07687340760938,95.0,35.15625,0
base,Base LLaMA-3B,948,1,1,80.03776854478375,95.0,0.78125,0
base,Base LLaMA-3B,948,1,2,91.00231734874275,95.0,-8.203125,0
base,Base LLaMA-3B,948,1,3,95.54582409847757,95.0,-10.15625,0
base,Base LLaMA-3B,948,1,4,96.63781163530578,95.0,-9.765625,0
base,Base LLaMA-3B,948,1,5,97.21264794486115,100.0,-9.765625,0
base,Base LLaMA-3B,948,2,1,62.19225650585973,100.0,-7.03125,0
base,Base LLaMA-3B,948,2,2,80.53824152993387,100.0,-8.984375,0
base,Base LLaMA-3B,948,2,3,85.76147333651494,95.0,-7.421875,0
base,Base LLaMA-3B,948,2,4,88.0099584312134,95.0,-6.640625,0
base,Base LLaMA-3B,948,2,5,89.74437396991662,95.0,-6.25,0
base,Base LLaMA-3B,948,3,1,82.89201718286574,100.0,2.34375,0
base,Base LLaMA-3B,948,3,2,88.05670317332803,95.0,15.234375,0
base,Base LLaMA-3B,948,3,3,92.75602429657485,90.0,19.921875,0
base,Base LLaMA-3B,948,3,4,95.39544889064669,95.0,14.453125,0
base,Base LLaMA-3B,948,3,5,96.35750026626357,80.0,16.015625,0
base,Base LLaMA-3B,948,4,1,86.59799180551731,95.0,-3.125,0
base,Base LLaMA-3B,948,4,2,92.36376591388068,100.0,0.390625,0
base,Base LLaMA-3B,948,4,3,94.32523268373262,100.0,-1.171875,0
base,Base LLaMA-3B,948,4,4,95.91261843455837,100.0,-2.734375,0
base,Base LLaMA-3B,948,4,5,96.71569664488712,95.0,-4.6875,0
sft,DeepSeek-Revision SFT,7-527,0,1,93.06069631446834,100.0,6.25,0
sft,DeepSeek-Revision SFT,7-527,0,2,97.67562441823003,100.0,5.078125,0
sft,DeepSeek-Revision SFT,7-527,0,3,98.79412983376496,100.0,8.203125,0
sft,DeepSeek-Revision SFT,7-527,0,4,99.17121836313277,100.0,8.984375,0
sft,DeepSeek-Revision SFT,7-527,0,5,99.37440279909134,95.0,8.59375,0
sft,DeepSeek-Revision SFT,7-527,1,1,91.9816498321198,100.0,22.265625,0
sft,DeepSeek-Revision SFT,7-527,1,2,97.27189375322432,100.0,29.296875,0
sft,DeepSeek-Revision SFT,7-527,1,3,98.49339664091309,100.0,35.546875,0
sft,DeepSeek-Revision SFT,7-527,1,4,98.99638579847984,100.0,36.328125,0
sft,DeepSeek-Revision SFT,7-527,1,5,99.24243225557402,100.0,38.4765625,0
sft,DeepSeek-Revision SFT,7-527,2,1,89.903372714123,100.0,25.390625,0
sft,DeepSeek-Revision SFT,7-527,2,2,96.28565839635523,100.0,25.390625,0
sft,DeepSeek-Revision SFT,7-527,2,3,97.63902082892231,100.0,34.375,0
sft,DeepSeek-Revision SFT,7-527,2,4,98.16126757274942,100.0,34.375,0
sft,DeepSeek-Revision SFT,7-527,2,5,98.37732432826951,95.0,32.421875,0
sft,DeepSeek-Revision SFT,9-554,0,1,96.51069897778454,100.0,62.109375,1
sft,DeepSeek-Revision SFT,9-554,0,2,99.70448880680235,100.0,16.40625,0
sft,DeepSeek-Revision SFT,9-554,0,3,99.88427615399782,100.0,5.078125,0
sft,DeepSeek-Revision SFT,9-554,0,4,99.93609122250301,100.0,1.5625,0
sft,DeepSeek-Revision SFT,9-554,0,5,99.96123736702333,100.0,-1.5625,0
sft,DeepSeek-Revision SFT,9-554,1,1,95.24928474843205,100.0,-3.515625,0
sft,DeepSeek-Revision SFT,9-554,1,2,98.98851435473955,100.0,-3.125,0
sft,DeepSeek-Revision SFT,9-554,1,3,99.53690812664668,95.0,-2.34375,0
sft,DeepSeek-Revision SFT,9-554,1,4,99.69151430739697,95.0,-2.734375,0
sft,DeepSeek-Revision SFT,9-554,1,5,99.76714278257623,95.0,-2.734375,0
sft,DeepSeek-Revision SFT,9-554,2,1,97.16321835502869,100.0,-4.296875,0
sft,DeepSeek-Revision SFT,9-554,2,2,99.50704126684549,100.0,-6.25,0
sft,DeepSeek-Revision SFT,9-554,2,3,99.80082666714677,100.0,-6.25,0
sft,DeepSeek-Revision SFT,9-554,2,4,99.88291203792087,100.0,-5.859375,0
sft,DeepSeek-Revision SFT,9-554,2,5,99.92440232982118,100.0,-5.078125,0
sft,DeepSeek-Revision SFT,8-186,0,1,91.33009627811923,100.0,0.78125,0
sft,DeepSeek-Revision SFT,8-186,0,2,97.0502138211233,100.0,1.171875,0
sft,DeepSeek-Revision SFT,8-186,0,3,98.46967109025846,95.0,1.5625,0
sft,DeepSeek-Revision SFT,8-186,0,4,99.04234463884812,100.0,1.953125,0
sft,DeepSeek-Revision SFT,8-186,0,5,99.29936437063674,100.0,3.125,0
sft,DeepSeek-Revision SFT,8-186,1,1,97.90828838369013,100.0,-0.78125,0
sft,DeepSeek-Revision SFT,8-186,1,2,99.67922563443165,100.0,-0.78125,0
sft,DeepSeek-Revision SFT,8-186,1,3,99.88199370565259,100.0,-0.78125,0
sft,DeepSeek-Revision SFT,8-186,1,4,99.9306276783156,100.0,-0.78125,0
sft,DeepSeek-Revision SFT,8-186,1,5,99.94924612523938,100.0,-1.171875,0
sft,DeepSeek-Revision SFT,8-186,2,1,93.49384721821845,100.0,1.953125,0
sft,DeepSeek-Revision SFT,8-186,2,2,98.95436609308872,100.0,4.6875,0
sft,DeepSeek-Revision SFT,8-186,2,3,99.59052387860949,95.0,8.59375,0
sft,DeepSeek-Revision SFT,8-186,2,4,99.75928140636677,95.0,14.453125,0
sft,DeepSeek-Revision SFT,8-186,2,5,99.82930495702703,95.0,16.015625,0
sft,DeepSeek-Revision SFT,1672,0,1,81.78864708789864,100.0,-2.734375,0
sft,DeepSeek-Revision SFT,1672,0,2,92.8683317302242,100.0,-2.734375,0
sft,DeepSeek-Revision SFT,1672,0,3,96.1225792168278,100.0,-2.734375,0
sft,DeepSeek-Revision SFT,1672,0,4,97.37640586229477,100.0,-2.734375,0
sft,DeepSeek-Revision SFT,1672,0,5,97.95674283109362,100.0,-2.734375,0
sft,DeepSeek-Revision SFT,1672,1,1,97.46703909663293,100.0,14.0625,0
sft,DeepSeek-Revision SFT,1672,1,2,99.5598373952161,100.0,15.625,0
sft,DeepSeek-Revision SFT,1672,1,3,99.84305518998666,100.0,28.125,0
sft,DeepSeek-Revision SFT,1672,1,4,99.91332684412976,100.0,28.125,0
sft,DeepSeek-Revision SFT,1672,1,5,99.94743007359065,95.0,30.46875,0
sft,DeepSeek-Revision SFT,1672,2,1,97.78206532565909,100.0,-1.953125,0
sft,DeepSeek-Revision SFT,1672,2,2,99.8393333510729,100.0,-2.34375,0
sft,DeepSeek-Revision SFT,1672,2,3,99.946183413712,100.0,-1.5625,0
sft,DeepSeek-Revision SFT,1672,2,4,99.96933623344746,100.0,-0.78125,0
sft,DeepSeek-Revision SFT,1672,2,5,99.98020198431063,100.0,-0.390625,0
sft,DeepSeek-Revision SFT,9-948,0,1,96.37170102693061,100.0,2.734375,0
sft,DeepSeek-Revision SFT,9-948,0,2,99.61758010175987,100.0,2.734375,0
sft,DeepSeek-Revision SFT,9-948,0,3,99.85024221609599,100.0,1.953125,0
sft,DeepSeek-Revision SFT,9-948,0,4,99.90628397351907,100.0,2.734375,0
sft,DeepSeek-Revision SFT,9-948,0,5,99.9375716677392,100.0,5.859375,0
sft,DeepSeek-Revision SFT,9-948,1,1,96.1225792168278,100.0,93.8720703125,1
sft,DeepSeek-Revision SFT,9-948,1,2,99.65043991463364,100.0,94.1162109375,1
sft,DeepSeek-Revision SFT,9-948,1,3,99.84965608070225,100.0,93.45703125,1
sft,DeepSeek-Revision SFT,9-948,1,4,99.90881180344455,100.0,93.5791015625,1
sft,DeepSeek-Revision SFT,9-948,1,5,99.94112447526635,100.0,93.505859375,1
sft,DeepSeek-Revision SFT,9-948,2,1,90.44070541665205,100.0,2.734375,0
sft,DeepSeek-Revision SFT,9-948,2,2,97.69371285251374,100.0,8.984375,0
sft,DeepSeek-Revision SFT,9-948,2,3,98.80351398984872,95.0,12.5,0
sft,DeepSeek-Revision SFT,9-948,2,4,99.17766799299964,95.0,12.109375,0
sft,DeepSeek-Revision SFT,9-948,2,5,99.37927123513303,95.0,14.84375,0
sft,DeepSeek-Revision SFT,9-317,0,1,99.58488712758626,95.0,-4.6875,0
sft,DeepSeek-Revision SFT,9-317,0,2,99.96372784144731,100.0,-4.6875,0
sft,DeepSeek-Revision SFT,9-317,0,3,99.99082896209256,100.0,-4.6875,0
sft,DeepSeek-Revision SFT,9-317,0,4,99.99683057410766,100.0,-4.6875,0
sft,DeepSeek-Revision SFT,9-317,0,5,99.99819411556228,100.0,-4.6875,0
sft,DeepSeek-Revision SFT,9-317,1,1,95.96812033236124,100.0,-2.734375,0
sft,DeepSeek-Revision SFT,9-317,1,2,99.43702345587579,100.0,-3.125,0
sft,DeepSeek-Revision SFT,9-317,1,3,99.76531646078475,100.0,-2.734375,0
sft,DeepSeek-Revision SFT,9-317,1,4,99.84847691872879,100.0,-2.734375,0
sft,DeepSeek-Revision SFT,9-317,1,5,99.8856243776411,100.0,-2.34375,0
sft,DeepSeek-Revision SFT,9-317,2,1,88.53665491431344,100.0,8.203125,0
sft,DeepSeek-Revision SFT,9-317,2,2,98.00796931932697,100.0,15.234375,0
sft,DeepSeek-Revision SFT,9-317,2,3,99.28971958698656,100.0,15.234375,0
sft,DeepSeek-Revision SFT,9-317,2,4,99.70391107249313,100.0,17.578125,0
sft,DeepSeek-Revision SFT,9-317,2,5,99.7304079636151,100.0,17.96875,0
sft,DeepSeek-Revision SFT,7-417,0,1,98.12500182518839,100.0,64.862060546875,1
sft,DeepSeek-Revision SFT,7-417,0,2,99.58163135697627,95.0,65.5242919921875,1
sft,DeepSeek-Revision SFT,7-417,0,3,99.82006188882364,95.0,65.582275390625,1
sft,DeepSeek-Revision SFT,7-417,0,4,99.8942198414005,95.0,65.533447265625,1
sft,DeepSeek-Revision SFT,7-417,0,5,99.92260958273616,95.0,65.533447265625,1
sft,DeepSeek-Revision SFT,7-417,1,1,94.96260574248689,100.0,-5.46875,0
sft,DeepSeek-Revision SFT,7-417,1,2,98.68591719446465,100.0,-7.03125,0
sft,DeepSeek-Revision SFT,7-417,1,3,99.25125818713174,100.0,-10.15625,0
sft,DeepSeek-Revision SFT,7-417,1,4,99.45220878765973,100.0,-14.0625,0
sft,DeepSeek-Revision SFT,7-417,1,5,99.59922738765223,100.0,-16.015625,0
sft,DeepSeek-Revision SFT,7-417,2,1,96.49704223971541,100.0,46.58203125,1
sft,DeepSeek-Revision SFT,7-417,2,2,99.39127721625502,95.0,56.103515625,1
sft,DeepSeek-Revision SFT,7-417,2,3,99.74624659094374,100.0,60.7421875,1
sft,DeepSeek-Revision SFT,7-417,2,4,99.85986405811146,100.0,62.255859375,1
sft,DeepSeek-Revision SFT,7-417,2,5,99.90062873722515,95.0,62.353515625,1
sft,DeepSeek-Revision SFT,3,0,1,98.54544292861299,100.0,13.671875,0
sft,DeepSeek-Revision SFT,3,0,2,99.85597934670226,100.0,5.46875,0
sft,DeepSeek-Revision SFT,3,0,3,99.96684456300927,100.0,1.953125,0
sft,DeepSeek-Revision SFT,3,0,4,99.98780279636806,100.0,0.0,0
sft,DeepSeek-Revision SFT,3,0,5,99.99347130736002,100.0,-1.5625,0
sft,DeepSeek-Revision SFT,3,1,1,95.17447186907204,100.0,-10.546875,0
sft,DeepSeek-Revision SFT,3,1,2,99.19984899590855,100.0,-12.5,0
sft,DeepSeek-Revision SFT,3,1,3,99.66644743638665,100.0,-12.5,0
sft,DeepSeek-Revision SFT,3,1,4,99.79126813932815,100.0,-12.109375,0
sft,DeepSeek-Revision SFT,3,1,5,99.85198694712592,95.0,-12.109375,0
sft,DeepSeek-Revision SFT,3,2,1,96.49704223971541,100.0,-11.71875,0
sft,DeepSeek-Revision SFT,3,2,2,99.72130640153105,95.0,-12.890625,0
sft,DeepSeek-Revision SFT,3,2,3,99.92015294718442,100.0,-13.28125,0
sft,DeepSeek-Revision SFT,3,2,4,99.9610856543674,100.0,-12.890625,0
sft,DeepSeek-Revision SFT,3,2,5,99.97639725627117,100.0,-12.890625,0
sft,DeepSeek-Revision SFT,3,3,1,97.81645121560062,100.0,8.984375,0
sft,DeepSeek-Revision SFT,3,3,2,99.7625500854879,100.0,26.171875,0
sft,DeepSeek-Revision SFT,3,3,3,99.92980993933982,100.0,40.8203125,1
sft,DeepSeek-Revision SFT,3,3,4,99.96579209646205,100.0,49.8046875,1
sft,DeepSeek-Revision SFT,3,3,5,99.98050892409402,95.0,52.9296875,1
sft,DeepSeek-Revision SFT,3,4,1,94.84314738021332,100.0,66.015625,1
sft,DeepSeek-Revision SFT,3,4,2,98.79412983376496,100.0,71.09375,1
sft,DeepSeek-Revision SFT,3,4,3,99.3545442122126,100.0,69.43359375,1
sft,DeepSeek-Revision SFT,3,4,4,99.52777445786067,100.0,70.99609375,1
sft,DeepSeek-Revision SFT,3,4,5,99.60851127521796,100.0,69.43359375,1
sft,DeepSeek-Revision SFT,1787,0,1,95.11759007045801,100.0,-32.03125,0
sft,DeepSeek-Revision SFT,1787,0,2,99.64631941096236,100.0,-34.765625,0
sft,DeepSeek-Revision SFT,1787,0,3,99.91057554282375,100.0,-35.9375,0
sft,DeepSeek-Revision SFT,1787,0,4,99.95061512441991,100.0,-37.890625,0
sft,DeepSeek-Revision SFT,1787,0,5,99.9681147278539,100.0,-38.28125,0
sft,DeepSeek-Revision SFT,1787,1,1,96.63123844411354,100.0,52.1484375,1
sft,DeepSeek-Revision SFT,1787,1,2,99.27145422010611,100.0,55.72509765625,1
sft,DeepSeek-Revision SFT,1787,1,3,99.63366417587189,100.0,56.82373046875,1
sft,DeepSeek-Revision SFT,1787,1,4,99.74822131563968,100.0,57.037353515625,1
sft,DeepSeek-Revision SFT,1787,1,5,99.80994747810816,100.0,56.62841796875,1
sft,DeepSeek-Revision SFT,1787,2,1,98.87600541259032,95.0,50.146484375,1
sft,DeepSeek-Revision SFT,1787,2,2,99.8478838741565,100.0,54.39453125,1
sft,DeepSeek-Revision SFT,1787,2,3,99.94403960463153,95.0,56.005859375,1
sft,DeepSeek-Revision SFT,1787,2,4,99.9681147278539,95.0,56.5673828125,1
sft,DeepSeek-Revision SFT,1787,2,5,99.9766722365647,95.0,56.79931640625,1
sft,DeepSeek-Revision SFT,1787,3,1,94.96260574248689,95.0,53.7353515625,1
sft,DeepSeek-Revision SFT,1787,3,2,98.8934313334818,100.0,57.086181640625,1
sft,DeepSeek-Revision SFT,1787,3,3,99.49337594737683,95.0,57.257080078125,1
sft,DeepSeek-Revision SFT,1787,3,4,99.7021710837885,95.0,57.537841796875,1
sft,DeepSeek-Revision SFT,1787,3,5,99.79530537897391,95.0,57.769775390625,1
sft,DeepSeek-Revision SFT,1759,0,1,93.75530261031417,100.0,1.171875,0
sft,DeepSeek-Revision SFT,1759,0,2,98.84484713485843,100.0,2.34375,0
sft,DeepSeek-Revision SFT,1759,0,3,99.43702345587579,100.0,7.03125,0
sft,DeepSeek-Revision SFT,1759,0,4,99.62497677215572,100.0,12.890625,0
sft,DeepSeek-Revision SFT,1759,0,5,99.69866037076939,100.0,17.578125,0
sft,DeepSeek-Revision SFT,1759,1,1,87.33599223178122,100.0,1.953125,0
sft,DeepSeek-Revision SFT,1759,1,2,96.31456363203735,95.0,1.171875,0
sft,DeepSeek-Revision SFT,1759,1,3,98.31268427806029,95.0,0.78125,0
sft,DeepSeek-Revision SFT,1759,1,4,98.91058709051102,95.0,0.78125,0
sft,DeepSeek-Revision SFT,1759,1,5,99.15156437300188,95.0,0.390625,0
sft,DeepSeek-Revision SFT,1759,2,1,93.89996086954065,100.0,-0.390625,0
sft,DeepSeek-Revision SFT,1759,2,2,98.30608031104576,100.0,-0.390625,0
sft,DeepSeek-Revision SFT,1759,2,3,99.03483365476032,100.0,-0.390625,0
sft,DeepSeek-Revision SFT,1759,2,4,99.29386921728934,100.0,-0.390625,0
sft,DeepSeek-Revision SFT,1759,2,5,99.37684177143821,100.0,-0.390625,0
sft,DeepSeek-Revision SFT,28,0,1,80.50019313838492,100.0,-12.5,0
sft,DeepSeek-Revision SFT,28,0,2,91.48116528465314,100.0,-11.328125,0
sft,DeepSeek-Revision SFT,28,0,3,94.66904945467147,100.0,-14.0625,0
sft,DeepSeek-Revision SFT,28,0,4,96.03837394478802,100.0,-8.984375,0
sft,DeepSeek-Revision SFT,28,0,5,96.76661504884646,95.0,-10.9375,0
sft,DeepSeek-Revision SFT,28,1,1,82.95871488698133,100.0,-0.390625,0
sft,DeepSeek-Revision SFT,28,1,2,95.55451517064725,100.0,-5.078125,0
sft,DeepSeek-Revision SFT,28,1,3,98.53403469610977,100.0,-5.46875,0
sft,DeepSeek-Revision SFT,28,1,4,99.05350166174885,95.0,-9.375,0
sft,DeepSeek-Revision SFT,28,1,5,99.3288321766794,95.0,-12.5,0
sft,DeepSeek-Revision SFT,7-1128,0,1,94.38038061800702,100.0,3.125,0
sft,DeepSeek-Revision SFT,7-1128,0,2,98.91058709051102,95.0,2.34375,0
sft,DeepSeek-Revision SFT,7-1128,0,3,99.57337977486978,95.0,2.34375,0
sft,DeepSeek-Revision SFT,7-1128,0,4,99.741241753405,90.0,3.125,0
sft,DeepSeek-Revision SFT,7-1128,0,5,99.79208190773272,90.0,2.734375,0
sft,DeepSeek-Revision SFT,7-1128,1,1,98.06548299406528,100.0,87.744140625,1
sft,DeepSeek-Revision SFT,7-1128,1,2,99.70333220869392,95.0,91.4794921875,1
sft,DeepSeek-Revision SFT,7-1128,1,3,99.8942198414005,100.0,93.83544921875,1
sft,DeepSeek-Revision SFT,7-1128,1,4,99.94337996119907,100.0,93.56689453125,1
sft,DeepSeek-Revision SFT,7-1128,1,5,99.9610856543674,95.0,93.85986328125,1
sft,DeepSeek-Revision SFT,7-1128,2,1,75.20507646649686,100.0,44.53125,0
sft,DeepSeek-Revision SFT,7-1128,2,2,94.67945130609063,95.0,37.109375,0
sft,DeepSeek-Revision SFT,7-1128,2,3,98.24546926098378,95.0,30.078125,0
sft,DeepSeek-Revision SFT,7-1128,2,4,99.14491000990591,100.0,22.265625,0
sft,DeepSeek-Revision SFT,7-1128,2,5,99.46489835742618,100.0,16.015625,0
sft,DeepSeek-Revision SFT,9-504,0,1,95.1555852859685,100.0,16.40625,0
sft,DeepSeek-Revision SFT,9-504,0,2,99.0002985194461,95.0,19.53125,0
sft,DeepSeek-Revision SFT,9-504,0,3,99.51278441004506,100.0,15.234375,0
sft,DeepSeek-Revision SFT,9-504,0,4,99.6854299722929,100.0,16.40625,0
sft,DeepSeek-Revision SFT,9-504,0,5,99.75501261609091,100.0,16.796875,0
sft,DeepSeek-Revision SFT,9-504,1,1,94.33630539693081,100.0,-3.125,0
sft,DeepSeek-Revision SFT,9-504,1,2,98.96856458797143,100.0,-4.6875,0
sft,DeepSeek-Revision SFT,9-504,1,3,99.57003375097383,100.0,-4.6875,0
sft,DeepSeek-Revision SFT,9-504,1,4,99.72239292490252,100.0,-3.515625,0
sft,DeepSeek-Revision SFT,9-504,1,5,99.78379939252792,100.0,-2.734375,0
sft,DeepSeek-Revision SFT,9-504,2,1,95.11759007045801,100.0,43.5546875,0
sft,DeepSeek-Revision SFT,9-504,2,2,99.17766799299964,100.0,69.7265625,1
sft,DeepSeek-Revision SFT,9-504,2,3,99.71580966283261,100.0,82.958984375,1
sft,DeepSeek-Revision SFT,9-504,2,4,99.85710012431804,100.0,85.986328125,1
sft,DeepSeek-Revision SFT,9-504,2,5,99.90480816084413,100.0,85.5712890625,1
sft,DeepSeek-Revision SFT,9-504,3,1,89.78435686666057,100.0,51.3671875,1
sft,DeepSeek-Revision SFT,9-504,3,2,98.4333803859871,100.0,57.03125,1
sft,DeepSeek-Revision SFT,9-504,3,3,99.44140457410019,100.0,54.1015625,1
sft,DeepSeek-Revision SFT,9-504,3,4,99.69151430739697,100.0,48.046875,1
sft,DeepSeek-Revision SFT,9-504,3,5,99.78798109081353,100.0,56.8359375,1
sft,DeepSeek-Revision SFT,7-1170,0,1,95.84013473308404,100.0,58.2275390625,1
sft,DeepSeek-Revision SFT,7-1170,0,2,98.91483430893959,100.0,61.8896484375,1
sft,DeepSeek-Revision SFT,7-1170,0,3,99.41915266202321,100.0,61.90185546875,1
sft,DeepSeek-Revision SFT,7-1170,0,4,99.62497677215572,100.0,62.11700439453125,1
sft,DeepSeek-Revision SFT,7-1170,0,5,99.71691761595739,100.0,62.1002197265625,1
sft,DeepSeek-Revision SFT,7-1170,1,1,94.6167343617248,100.0,0.78125,0
sft,DeepSeek-Revision SFT,7-1170,1,2,99.00419598615896,100.0,6.640625,0
sft,DeepSeek-Revision SFT,7-1170,1,3,99.62203542852505,100.0,9.765625,0
sft,DeepSeek-Revision SFT,7-1170,1,4,99.79126813932815,100.0,15.8203125,1
sft,DeepSeek-Revision SFT,7-1170,1,5,99.86095460466319,100.0,18.9453125,1
sft,DeepSeek-Revision SFT,8-192,0,1,93.50654214644392,100.0,79.78515625,1
sft,DeepSeek-Revision SFT,8-192,0,2,98.9063232489395,100.0,88.4521484375,1
sft,DeepSeek-Revision SFT,8-192,0,3,99.62203542852505,100.0,90.02685546875,1
sft,DeepSeek-Revision SFT,8-192,0,4,99.8039145634595,95.0,90.31982421875,1
sft,DeepSeek-Revision SFT,8-192,0,5,99.86937893929654,95.0,90.02685546875,1
sft,DeepSeek-Revision SFT,8-192,1,1,95.07929685477889,100.0,6.25,0
sft,DeepSeek-Revision SFT,8-192,1,2,98.54544292861299,100.0,14.453125,0
sft,DeepSeek-Revision SFT,8-192,1,3,99.14491000990591,100.0,30.859375,0
sft,DeepSeek-Revision SFT,8-192,1,4,99.37440279909134,100.0,37.5,0
sft,DeepSeek-Revision SFT,8-192,1,5,99.46489835742618,100.0,39.84375,0
sft,DeepSeek-Revision SFT,8-192,2,1,91.26209738045796,100.0,-7.03125,0
sft,DeepSeek-Revision SFT,8-192,2,2,98.08053752484207,100.0,-7.03125,0
sft,DeepSeek-Revision SFT,8-192,2,3,99.24832769453317,100.0,-7.03125,0
sft,DeepSeek-Revision SFT,8-192,2,4,99.5440877006775,100.0,-6.640625,0
sft,DeepSeek-Revision SFT,8-192,2,5,99.68665636460669,100.0,-6.640625,0
sft,DeepSeek-Revision SFT,1047,0,1,91.6785038782887,100.0,25.0,0
sft,DeepSeek-Revision SFT,1047,0,2,98.85607302144254,100.0,39.84375,0
sft,DeepSeek-Revision SFT,1047,0,3,99.65112198287626,100.0,51.171875,0
sft,DeepSeek-Revision SFT,1047,0,4,99.84518631835493,95.0,56.640625,1
sft,DeepSeek-Revision SFT,1047,0,5,99.91178982316528,95.0,61.328125,1
sft,DeepSeek-Revision SFT,1047,1,1,95.21202442691384,100.0,81.34765625,1
sft,DeepSeek-Revision SFT,1047,1,2,98.60661967136092,95.0,95.8740234375,1
sft,DeepSeek-Revision SFT,1047,1,3,99.29936437063674,100.0,96.4111328125,1
sft,DeepSeek-Revision SFT,1047,1,4,99.53327605206846,100.0,96.5118408203125,1
sft,DeepSeek-Revision SFT,1047,1,5,99.62497677215572,90.0,96.600341796875,1
sft,DeepSeek-Revision SFT,1047,2,1,95.99949666886207,100.0,57.8125,1
sft,DeepSeek-Revision SFT,1047,2,2,99.5222080126013,95.0,70.3125,1
sft,DeepSeek-Revision SFT,1047,2,3,99.81289396935358,95.0,68.359375,1
sft,DeepSeek-Revision SFT,1047,2,4,99.89667023613524,95.0,67.7734375,1
sft,DeepSeek-Revision SFT,1047,2,5,99.93116753800598,95.0,66.2109375,1
sft,DeepSeek-Revision SFT,7-1132,0,1,94.13364969881192,100.0,-8.3984375,0
sft,DeepSeek-Revision SFT,7-1132,0,2,99.54051193619628,100.0,-8.7890625,0
sft,DeepSeek-Revision SFT,7-1132,0,3,99.8801353769178,100.0,-7.2265625,0
sft,DeepSeek-Revision SFT,7-1132,0,4,99.9451219766568,95.0,-8.0078125,0
sft,DeepSeek-Revision SFT,7-1132,0,5,99.96456808509518,100.0,-13.4765625,0
sft,DeepSeek-Revision SFT,7-1132,1,1,93.3913902201905,100.0,43.44482421875,1
sft,DeepSeek-Revision SFT,7-1132,1,2,98.81514155590926,100.0,43.8385009765625,1
sft,DeepSeek-Revision SFT,7-1132,1,3,99.5060775159632,100.0,43.83544921875,1
sft,DeepSeek-Revision SFT,7-1132,1,4,99.70042086991026,100.0,43.83544921875,1
sft,DeepSeek-Revision SFT,7-1132,1,5,99.78082322632011,100.0,43.7652587890625,1
sft,DeepSeek-Revision SFT,7-1132,2,1,87.03567394211096,100.0,-0.390625,0
sft,DeepSeek-Revision SFT,7-1132,2,2,97.10726785048675,100.0,2.34375,0
sft,DeepSeek-Revision SFT,7-1132,2,3,98.86718981378174,95.0,5.078125,0
sft,DeepSeek-Revision SFT,7-1132,2,4,99.33405524611821,100.0,2.1484375,0
sft,DeepSeek-Revision SFT,7-1132,2,5,99.52777445786067,100.0,2.1484375,0
sft,DeepSeek-Revision SFT,7-1132,3,1,91.15909774940654,100.0,11.5234375,1
sft,DeepSeek-Revision SFT,7-1132,3,2,97.38663428649805,95.0,26.46484375,1
sft,DeepSeek-Revision SFT,7-1132,3,3,98.68591719446465,95.0,33.251953125,1
sft,DeepSeek-Revision SFT,7-1132,3,4,99.06817575836021,100.0,33.0078125,1
sft,DeepSeek-Revision SFT,7-1132,3,5,99.22749057065424,100.0,34.130859375,1
sft,DeepSeek-Revision SFT,202,0,1,95.39544889064669,100.0,-3.90625,0
sft,DeepSeek-Revision SFT,202,0,2,98.87160622215829,100.0,-5.078125,0
sft,DeepSeek-Revision SFT,202,0,3,99.41459701988936,95.0,-5.078125,0
sft,DeepSeek-Revision SFT,202,0,4,99.59765880799768,95.0,-6.25,0
sft,DeepSeek-Revision SFT,202,0,5,99.68665636460669,100.0,-7.03125,0
sft,DeepSeek-Revision SFT,202,1,1,91.01987379712082,100.0,-11.71875,0
sft,DeepSeek-Revision SFT,202,1,2,97.30367715371018,100.0,-12.109375,0
sft,DeepSeek-Revision SFT,202,1,3,98.46368155225446,100.0,-12.109375,0
sft,DeepSeek-Revision SFT,202,1,4,98.80351398984872,100.0,-12.109375,0
sft,DeepSeek-Revision SFT,202,1,5,99.0080782580891,100.0,-12.109375,0
sft,DeepSeek-Revision SFT,202,2,1,94.63772172549265,100.0,-11.71875,0
sft,DeepSeek-Revision SFT,202,2,2,99.096844976312,100.0,-11.71875,0
sft,DeepSeek-Revision SFT,202,2,3,99.62350897274263,95.0,-11.71875,0
sft,DeepSeek-Revision SFT,202,2,4,99.77867234287271,100.0,-11.71875,0
sft,DeepSeek-Revision SFT,202,2,5,99.81651292758283,95.0,-11.71875,0
sft,DeepSeek-Revision SFT,7-653,0,1,92.37866587809725,100.0,81.40869140625,1
sft,DeepSeek-Revision SFT,7-653,0,2,98.47563727726674,95.0,79.5166015625,1
sft,DeepSeek-Revision SFT,7-653,0,3,99.27994203553558,95.0,81.6650390625,1
sft,DeepSeek-Revision SFT,7-653,0,4,99.56326276778206,95.0,82.4462890625,1
sft,DeepSeek-Revision SFT,7-653,0,5,99.68047621516646,95.0,82.9345703125,1
sft,DeepSeek-Revision SFT,7-653,1,1,80.46207036095238,100.0,-8.59375,0
sft,DeepSeek-Revision SFT,7-653,1,2,92.46745711008072,100.0,-9.765625,0
sft,DeepSeek-Revision SFT,7-653,1,3,95.28625510782776,100.0,-8.59375,0
sft,DeepSeek-Revision SFT,7-653,1,4,96.32893178677742,100.0,-7.8125,0
sft,DeepSeek-Revision SFT,7-653,1,5,96.95657755641199,95.0,-7.8125,0
sft,DeepSeek-Revision SFT,7-653,2,1,78.58365188501557,100.0,6.25,0
sft,DeepSeek-Revision SFT,7-653,2,2,90.4220166746353,100.0,3.90625,0
sft,DeepSeek-Revision SFT,7-653,2,3,93.91186338113715,100.0,5.859375,0
sft,DeepSeek-Revision SFT,7-653,2,4,95.1838875307275,100.0,3.515625,0
sft,DeepSeek-Revision SFT,7-653,2,5,95.81568897404085,100.0,5.46875,0
sft,DeepSeek-Revision SFT,1274,0,1,94.33630539693081,100.0,0.390625,0
sft,DeepSeek-Revision SFT,1274,0,2,98.81282511785048,100.0,0.390625,0
sft,DeepSeek-Revision SFT,1274,0,3,99.47319433945033,95.0,0.390625,0
sft,DeepSeek-Revision SFT,1274,0,4,99.7090702832017,95.0,0.78125,0
sft,DeepSeek-Revision SFT,1274,0,5,99.80004712476284,95.0,0.78125,0
sft,DeepSeek-Revision SFT,1274,1,1,97.64822541439909,100.0,0.0,0
sft,DeepSeek-Revision SFT,1274,1,2,99.55115596573005,100.0,0.390625,0
sft,DeepSeek-Revision SFT,1274,1,3,99.80695458637723,100.0,0.78125,0
sft,DeepSeek-Revision SFT,1274,1,4,99.8753605131608,100.0,1.171875,0
sft,DeepSeek-Revision SFT,1274,1,5,99.90591717936218,100.0,1.953125,0
sft,DeepSeek-Revision SFT,1274,2,1,93.4556133252925,100.0,0.0,0
sft,DeepSeek-Revision SFT,1274,2,2,98.91483430893959,100.0,0.0,0
sft,DeepSeek-Revision SFT,1274,2,3,99.45434442320416,100.0,0.0,0
sft,DeepSeek-Revision SFT,1274,2,4,99.63651502387273,100.0,0.0,0
sft,DeepSeek-Revision SFT,1274,2,5,99.72562714529111,100.0,0.0,0
sft,DeepSeek-Revision SFT,9-463,0,1,94.64818470416884,100.0,4.296875,0
sft,DeepSeek-Revision SFT,9-463,0,2,98.2351586300071,100.0,3.90625,0
sft,DeepSeek-Revision SFT,9-463,0,3,99.0553484871882,100.0,3.90625,0
sft,DeepSeek-Revision SFT,9-463,0,4,99.3301417720163,100.0,2.734375,0
sft,DeepSeek-Revision SFT,9-463,0,5,99.46175379264375,100.0,0.78125,0
sft,DeepSeek-Revision SFT,9-463,1,1,98.2038617635502,100.0,78.23486328125,1
sft,DeepSeek-Revision SFT,9-463,1,2,99.68787797566999,95.0,79.034423828125,1
sft,DeepSeek-Revision SFT,9-463,1,3,99.89213351471594,95.0,79.43115234375,1
sft,DeepSeek-Revision SFT,9-463,1,4,99.9404304692114,95.0,79.50439453125,1
sft,DeepSeek-Revision SFT,9-463,1,5,99.96153902022634,95.0,79.43115234375,1
sft,DeepSeek-Revision SFT,9-463,2,1,90.15650519628299,100.0,0.390625,0
sft,DeepSeek-Revision SFT,9-463,2,2,96.3787806324346,100.0,-1.953125,0
sft,DeepSeek-Revision SFT,9-463,2,3,97.66196505145925,100.0,-3.515625,0
sft,DeepSeek-Revision SFT,9-463,2,4,98.2351586300071,100.0,-5.859375,0
sft,DeepSeek-Revision SFT,9-463,2,5,98.49045118073775,100.0,-7.421875,0
sft,DeepSeek-Revision SFT,9-799,0,1,96.19014145562747,100.0,-1.5625,0
sft,DeepSeek-Revision SFT,9-799,0,2,98.83805879273979,100.0,-1.5625,0
sft,DeepSeek-Revision SFT,9-799,0,3,99.35831512134516,100.0,-1.5625,0
sft,DeepSeek-Revision SFT,9-799,0,4,99.51563084159382,100.0,-1.5625,0
sft,DeepSeek-Revision SFT,9-799,0,5,99.57254571799903,100.0,-1.5625,0
sft,DeepSeek-Revision SFT,9-799,1,1,97.02707836138413,100.0,0.390625,0
sft,DeepSeek-Revision SFT,9-799,1,2,99.45006479347411,95.0,0.390625,0
sft,DeepSeek-Revision SFT,9-799,1,3,99.75596773138525,95.0,1.5625,0
sft,DeepSeek-Revision SFT,9-799,1,4,99.86095460466319,100.0,1.953125,0
sft,DeepSeek-Revision SFT,9-799,1,5,99.92077432187916,100.0,1.953125,0
sft,DeepSeek-Revision SFT,9-799,2,1,90.02100198496345,100.0,1.5625,0
sft,DeepSeek-Revision SFT,9-799,2,2,96.27112087435374,100.0,7.421875,0
sft,DeepSeek-Revision SFT,9-799,2,3,97.77338457478403,100.0,15.234375,0
sft,DeepSeek-Revision SFT,9-799,2,4,98.42109323606888,100.0,27.734375,0
sft,DeepSeek-Revision SFT,9-799,2,5,98.69104031780911,100.0,37.890625,0
sft,DeepSeek-Revision SFT,1208,0,1,99.29662216031691,100.0,46.484375,0
sft,DeepSeek-Revision SFT,1208,0,2,99.94576132499444,100.0,58.3984375,1
sft,DeepSeek-Revision SFT,1208,0,3,99.98628631533461,100.0,61.5234375,1
sft,DeepSeek-Revision SFT,1208,0,4,99.99352211404923,100.0,62.890625,1
sft,DeepSeek-Revision SFT,1208,0,5,99.99581756248152,100.0,63.28125,1
sft,DeepSeek-Revision SFT,1208,1,1,96.5915285489059,100.0,-3.515625,0
sft,DeepSeek-Revision SFT,1208,1,2,99.02345657930053,100.0,0.390625,0
sft,DeepSeek-Revision SFT,1208,1,3,99.40769647480512,95.0,7.421875,0
sft,DeepSeek-Revision SFT,1208,1,4,99.57999390840484,100.0,6.640625,0
sft,DeepSeek-Revision SFT,1208,1,5,99.68296276898735,100.0,8.59375,0
sft,DeepSeek-Revision SFT,1208,2,1,95.51964880100084,100.0,73.6328125,1
sft,DeepSeek-Revision SFT,1208,2,2,99.01579745432566,100.0,77.18505859375,1
sft,DeepSeek-Revision SFT,1208,2,3,99.48940244568499,100.0,78.43017578125,1
sft,DeepSeek-Revision SFT,1208,2,4,99.65986870155223,100.0,78.1982421875,1
sft,DeepSeek-Revision SFT,1208,2,5,99.72669682367905,100.0,77.978515625,1
sft,DeepSeek-Revision SFT,850,0,1,91.03739598902514,100.0,16.40625,0
sft,DeepSeek-Revision SFT,850,0,2,97.09026849388117,100.0,33.59375,0
sft,DeepSeek-Revision SFT,850,0,3,98.34208496323505,100.0,43.9453125,0
sft,DeepSeek-Revision SFT,850,0,4,98.78704344763712,100.0,38.4765625,0
sft,DeepSeek-Revision SFT,850,0,5,98.99442369900346,100.0,44.7265625,0
sft,DeepSeek-Revision SFT,850,1,1,88.95425610396357,100.0,7.421875,0
sft,DeepSeek-Revision SFT,850,1,2,96.5781881688334,100.0,8.59375,0
sft,DeepSeek-Revision SFT,850,1,3,98.16843611112658,100.0,12.5,0
sft,DeepSeek-Revision SFT,850,1,4,98.77991541783175,100.0,18.359375,0
sft,DeepSeek-Revision SFT,850,1,5,99.13483047968793,100.0,25.390625,0
sft,DeepSeek-Revision SFT,850,2,1,92.13673876337887,100.0,81.494140625,1
sft,DeepSeek-Revision SFT,850,2,2,98.61205194644988,100.0,84.5062255859375,1
sft,DeepSeek-Revision SFT,850,2,3,99.38410178470487,95.0,84.80377197265625,1
sft,DeepSeek-Revision SFT,850,2,4,99.60234622486513,95.0,84.88006591796875,1
sft,DeepSeek-Revision SFT,850,2,5,99.7090702832017,95.0,84.88006591796875,1
sft,DeepSeek-Revision SFT,850,3,1,89.10424448627118,100.0,80.5908203125,1
sft,DeepSeek-Revision SFT,850,3,2,98.98653686632625,95.0,80.46875,1
sft,DeepSeek-Revision SFT,850,3,3,99.68109967601202,95.0,80.6640625,1
sft,DeepSeek-Revision SFT,850,3,4,99.81252817077858,95.0,80.4931640625,1
sft,DeepSeek-Revision SFT,850,3,5,99.8628426797544,95.0,80.810546875,1
sft,DeepSeek-Revision SFT,1239,0,1,88.10326567496395,100.0,46.967315673828125,1
sft,DeepSeek-Revision SFT,1239,0,2,98.08802079984869,100.0,46.90093994140625,1
sft,DeepSeek-Revision SFT,1239,0,3,99.31826282138498,100.0,46.8780517578125,1
sft,DeepSeek-Revision SFT,1239,0,4,99.61155786464464,100.0,46.9207763671875,1
sft,DeepSeek-Revision SFT,1239,0,5,99.7330278849396,100.0,46.953582763671875,1
sft,DeepSeek-Revision SFT,1239,1,1,96.27112087435374,100.0,33.69140625,1
sft,DeepSeek-Revision SFT,1239,1,2,98.94822134731076,100.0,35.986328125,1
sft,DeepSeek-Revision SFT,1239,1,3,99.41915266202321,100.0,38.916015625,1
sft,DeepSeek-Revision SFT,1239,1,4,99.6476982809046,100.0,39.697265625,1
sft,DeepSeek-Revision SFT,1239,1,5,99.734068710578,100.0,39.74609375,1
sft,DeepSeek-Revision SFT,1239,2,1,90.02100198496345,100.0,0.1953125,0
sft,DeepSeek-Revision SFT,1239,2,2,97.18529436493206,100.0,24.21875,1
sft,DeepSeek-Revision SFT,1239,2,3,98.86275612007152,100.0,26.07421875,1
sft,DeepSeek-Revision SFT,1239,2,4,99.37195428087661,100.0,21.484375,1
sft,DeepSeek-Revision SFT,1239,2,5,99.60697903167195,100.0,21.875,1
sft,DeepSeek-Revision SFT,1545,0,1,94.48907389602414,95.0,0.78125,0
sft,DeepSeek-Revision SFT,1545,0,2,98.39622907246495,95.0,5.46875,0
sft,DeepSeek-Revision SFT,1545,0,3,99.11431357576855,95.0,7.03125,0
sft,DeepSeek-Revision SFT,1545,0,4,99.3520179696864,95.0,5.46875,0
sft,DeepSeek-Revision SFT,1545,0,5,99.46280402881237,95.0,7.03125,0
sft,DeepSeek-Revision SFT,1545,1,1,76.15495507030485,95.0,99.25689697265625,1
sft,DeepSeek-Revision SFT,1545,1,2,95.69128836003091,100.0,99.55482482910156,1
sft,DeepSeek-Revision SFT,1545,1,3,97.86703306871155,95.0,99.54071044921875,1
sft,DeepSeek-Revision SFT,1545,1,4,98.53403469610977,95.0,99.56226348876953,1
sft,DeepSeek-Revision SFT,1545,1,5,98.85830507337478,90.0,99.57733154296875,1
sft,DeepSeek-Revision SFT,1545,2,1,98.03501878399983,95.0,-0.390625,0
sft,DeepSeek-Revision SFT,1545,2,2,99.734068710578,95.0,-0.390625,0
sft,DeepSeek-Revision SFT,1545,2,3,99.86628135010808,90.0,-0.390625,0
sft,DeepSeek-Revision SFT,1545,2,4,99.91366475074136,95.0,-0.390625,0
sft,DeepSeek-Revision SFT,1545,2,5,99.93877914098842,95.0,0.0,0
sft,DeepSeek-Revision SFT,8-135,0,1,97.06171394757689,100.0,3.90625,0
sft,DeepSeek-Revision SFT,8-135,0,2,99.52033798763587,100.0,2.34375,0
sft,DeepSeek-Revision SFT,8-135,0,3,99.85371135142367,100.0,4.296875,0
sft,DeepSeek-Revision SFT,8-135,0,4,99.92644144799712,95.0,6.25,0
sft,DeepSeek-Revision SFT,8-135,0,5,99.95396823438693,100.0,7.421875,0
sft,DeepSeek-Revision SFT,8-135,1,1,93.65696293560937,100.0,84.521484375,1
sft,DeepSeek-Revision SFT,8-135,1,2,98.5623890317877,100.0,92.2607421875,1
sft,DeepSeek-Revision SFT,8-135,1,3,99.32092066276287,100.0,93.68896484375,1
sft,DeepSeek-Revision SFT,8-135,1,4,99.56155342658522,95.0,94.27490234375,1
sft,DeepSeek-Revision SFT,8-135,1,5,99.67922563443165,95.0,94.27490234375,1
sft,DeepSeek-Revision SFT,8-135,2,1,81.35677729918379,100.0,36.328125,0
sft,DeepSeek-Revision SFT,8-135,2,2,94.22459903025472,100.0,59.375,1
sft,DeepSeek-Revision SFT,8-135,2,3,96.38584642407857,100.0,50.5859375,0
sft,DeepSeek-Revision SFT,8-135,2,4,97.35582875844248,100.0,40.234375,0
sft,DeepSeek-Revision SFT,8-135,2,5,97.8079050472936,100.0,26.5625,0
sft,DeepSeek-Revision SFT,1554,0,1,88.33336934633189,100.0,2.734375,0
sft,DeepSeek-Revision SFT,1554,0,2,95.64049863067055,100.0,4.296875,0
sft,DeepSeek-Revision SFT,1554,0,3,97.70270421399762,95.0,2.734375,0
sft,DeepSeek-Revision SFT,1554,0,4,98.37097335525833,100.0,4.296875,0
sft,DeepSeek-Revision SFT,1554,0,5,98.731312773431,100.0,5.078125,0
sft,DeepSeek-Revision SFT,1554,1,1,95.5718464735231,100.0,-1.953125,0
sft,DeepSeek-Revision SFT,1554,1,2,98.8266561241651,100.0,-2.734375,0
sft,DeepSeek-Revision SFT,1554,1,3,99.39127721625502,100.0,-2.734375,0
sft,DeepSeek-Revision SFT,1554,1,4,99.55464889771626,100.0,-2.34375,0
sft,DeepSeek-Revision SFT,1554,1,5,99.6531602127997,100.0,-1.953125,0
sft,DeepSeek-Revision SFT,1554,2,1,94.35838604962227,100.0,75.5859375,1
sft,DeepSeek-Revision SFT,1554,2,2,98.40870971683945,100.0,94.073486328125,1
sft,DeepSeek-Revision SFT,1554,2,3,99.03483365476032,100.0,94.9066162109375,1
sft,DeepSeek-Revision SFT,1554,2,4,99.27145422010611,100.0,95.03326416015625,1
sft,DeepSeek-Revision SFT,1554,2,5,99.41459701988936,100.0,95.03326416015625,1
sft,DeepSeek-Revision SFT,8-332,0,1,95.3229377616041,100.0,-0.78125,0
sft,DeepSeek-Revision SFT,8-332,0,2,98.77991541783175,100.0,-4.296875,0
sft,DeepSeek-Revision SFT,8-332,0,3,99.36702845725142,100.0,-5.46875,0
sft,DeepSeek-Revision SFT,8-332,0,4,99.5913228561536,100.0,-5.078125,0
sft,DeepSeek-Revision SFT,8-332,0,5,99.69151430739697,100.0,-5.078125,0
sft,DeepSeek-Revision SFT,8-332,1,1,96.06151872426645,100.0,4.296875,0
sft,DeepSeek-Revision SFT,8-332,1,2,99.10736705104887,100.0,6.25,0
sft,DeepSeek-Revision SFT,8-332,1,3,99.55115596573005,100.0,8.984375,0
sft,DeepSeek-Revision SFT,8-332,1,4,99.69151430739697,100.0,10.15625,0
sft,DeepSeek-Revision SFT,8-332,1,5,99.75212478233337,100.0,13.28125,0
sft,DeepSeek-Revision SFT,8-332,2,1,89.29409791644729,100.0,0.0,0
sft,DeepSeek-Revision SFT,8-332,2,2,98.7411857757566,100.0,-3.515625,0
sft,DeepSeek-Revision SFT,8-332,2,3,99.68172192034903,95.0,-3.125,0
sft,DeepSeek-Revision SFT,8-332,2,4,99.84488365240696,95.0,-2.34375,0
sft,DeepSeek-Revision SFT,8-332,2,5,99.90293067004801,95.0,-2.34375,0
sft,DeepSeek-Revision SFT,7-891,0,1,90.6438904193961,100.0,-22.0703125,0
sft,DeepSeek-Revision SFT,7-891,0,2,97.44218197519405,100.0,-27.5390625,0
sft,DeepSeek-Revision SFT,7-891,0,3,98.7138483264243,100.0,-27.5390625,0
sft,DeepSeek-Revision SFT,7-891,0,4,99.11604174385235,100.0,-25.5859375,0
sft,DeepSeek-Revision SFT,7-891,0,5,99.33275330175462,100.0,-29.4921875,0
sft,DeepSeek-Revision SFT,7-891,1,1,94.84314738021332,100.0,-43.5546875,0
sft,DeepSeek-Revision SFT,7-891,1,2,98.84935064908514,100.0,-47.4609375,0
sft,DeepSeek-Revision SFT,7-891,1,3,99.4392182934183,100.0,-48.6328125,0
sft,DeepSeek-Revision SFT,7-891,1,4,99.65986870155223,100.0,-49.0234375,0
sft,DeepSeek-Revision SFT,7-891,1,5,99.75881079343023,100.0,-49.0234375,0
sft,DeepSeek-Revision SFT,7-1197,0,1,96.5781881688334,95.0,-1.5625,0
sft,DeepSeek-Revision SFT,7-1197,0,2,99.5913228561536,100.0,-1.5625,0
sft,DeepSeek-Revision SFT,7-1197,0,3,99.83995973097555,95.0,-1.171875,0
sft,DeepSeek-Revision SFT,7-1197,0,4,99.90293067004801,95.0,-1.171875,0
sft,DeepSeek-Revision SFT,7-1197,0,5,99.92440232982118,100.0,-1.171875,0
sft,DeepSeek-Revision SFT,7-1197,1,1,87.28642670679643,100.0,5.46875,0
sft,DeepSeek-Revision SFT,7-1197,1,2,98.22478740783714,100.0,8.203125,0
sft,DeepSeek-Revision SFT,7-1197,1,3,99.40537826435279,100.0,10.15625,0
sft,DeepSeek-Revision SFT,7-1197,1,4,99.67161868956865,100.0,9.375,0
sft,DeepSeek-Revision SFT,7-1197,1,5,99.7743070459852,100.0,12.109375,0
sft,DeepSeek-Revision SFT,7-1197,2,1,93.82805553857126,100.0,9.765625,0
sft,DeepSeek-Revision SFT,7-1197,2,2,98.57913770688037,100.0,8.59375,0
sft,DeepSeek-Revision SFT,7-1197,2,3,99.26286635299422,100.0,8.984375,0
sft,DeepSeek-Revision SFT,7-1197,2,4,99.49337594737683,100.0,7.8125,0
sft,DeepSeek-Revision SFT,7-1197,2,5,99.60544079109428,100.0,6.25,0
sft,DeepSeek-Revision SFT,8-279,0,1,93.97102847802987,100.0,86.407470703125,1
sft,DeepSeek-Revision SFT,8-279,0,2,98.96856458797143,100.0,87.72659301757812,1
sft,DeepSeek-Revision SFT,8-279,0,3,99.60851127521796,95.0,87.83645629882812,1
sft,DeepSeek-Revision SFT,8-279,0,4,99.75501261609091,95.0,87.84847259521484,1
sft,DeepSeek-Revision SFT,8-279,0,5,99.8262779314509,95.0,87.85343170166016,1
sft,DeepSeek-Revision SFT,8-279,1,1,92.8683317302242,100.0,4.296875,0
sft,DeepSeek-Revision SFT,8-279,1,2,97.72058191163877,100.0,2.734375,0
sft,DeepSeek-Revision SFT,8-279,1,3,98.77991541783175,100.0,1.171875,0
sft,DeepSeek-Revision SFT,8-279,1,4,99.10736705104887,100.0,0.78125,0
sft,DeepSeek-Revision SFT,8-279,1,5,99.30481676036152,100.0,2.34375,0
sft,DeepSeek-Revision SFT,8-279,2,1,94.46750474110137,100.0,2.34375,0
sft,DeepSeek-Revision SFT,8-279,2,2,99.05350166174885,95.0,4.6875,0
sft,DeepSeek-Revision SFT,8-279,2,3,99.59291613734345,90.0,9.375,0
sft,DeepSeek-Revision SFT,8-279,2,4,99.73716690394323,95.0,6.25,0
sft,DeepSeek-Revision SFT,8-279,2,5,99.7888076742058,95.0,5.46875,0
sft,DeepSeek-Revision SFT,8-466,0,1,96.28565839635523,100.0,-17.1875,0
sft,DeepSeek-Revision SFT,8-466,0,2,99.1840674314487,95.0,-13.671875,0
sft,DeepSeek-Revision SFT,8-466,0,3,99.63793211749781,95.0,-18.359375,0
sft,DeepSeek-Revision SFT,8-466,0,4,99.77342370873873,95.0,-25.390625,0
sft,DeepSeek-Revision SFT,8-466,0,5,99.8289712424842,95.0,-26.171875,0
sft,DeepSeek-Revision SFT,8-466,1,1,93.16828024629558,100.0,-35.546875,0
sft,DeepSeek-Revision SFT,8-466,1,2,98.27267073882207,100.0,-38.28125,0
sft,DeepSeek-Revision SFT,8-466,1,3,99.13144430192652,100.0,-32.03125,0
sft,DeepSeek-Revision SFT,8-466,1,4,99.38410178470487,100.0,-24.21875,0
sft,DeepSeek-Revision SFT,8-466,1,5,99.50511188091555,100.0,-26.953125,0
sft,DeepSeek-Revision SFT,8-466,2,1,97.83344372705258,100.0,27.44140625,1
sft,DeepSeek-Revision SFT,8-466,2,2,99.67797015906224,100.0,33.154296875,1
sft,DeepSeek-Revision SFT,8-466,2,3,99.85256399533269,100.0,39.35546875,1
sft,DeepSeek-Revision SFT,8-466,2,4,99.89866881468437,100.0,41.50390625,1
sft,DeepSeek-Revision SFT,8-466,2,5,99.91857810518023,100.0,42.364501953125,1
sft,DeepSeek-Revision SFT,8-466,3,1,95.35933494870397,100.0,40.1123046875,1
sft,DeepSeek-Revision SFT,8-466,3,2,99.37195428087661,100.0,42.51708984375,1
sft,DeepSeek-Revision SFT,8-466,3,3,99.7829532072754,95.0,42.523193359375,1
sft,DeepSeek-Revision SFT,8-466,3,4,99.86417558777698,95.0,42.523193359375,1
sft,DeepSeek-Revision SFT,8-466,3,5,99.8942198414005,100.0,42.523193359375,1
sft,DeepSeek-Revision SFT,1204,0,1,85.04897946095544,100.0,4.6875,0
sft,DeepSeek-Revision SFT,1204,0,2,96.81674403612243,100.0,3.515625,0
sft,DeepSeek-Revision SFT,1204,0,3,98.60933846138263,100.0,4.6875,0
sft,DeepSeek-Revision SFT,1204,0,4,99.15652113954542,100.0,5.46875,0
sft,DeepSeek-Revision SFT,1204,0,5,99.38289768300533,100.0,5.46875,0
sft,DeepSeek-Revision SFT,1204,1,1,82.69035369507888,100.0,11.328125,0
sft,DeepSeek-Revision SFT,1204,1,2,94.63772172549265,100.0,31.25,0
sft,DeepSeek-Revision SFT,1204,1,3,97.12977927067085,100.0,53.7109375,0
sft,DeepSeek-Revision SFT,1204,1,4,97.96470873587272,100.0,67.7734375,0
sft,DeepSeek-Revision SFT,1204,1,5,98.36459752524158,95.0,72.265625,1
sft,DeepSeek-Revision SFT,1204,2,1,85.33815837533129,100.0,0.0,0
sft,DeepSeek-Revision SFT,1204,2,2,95.23999694053394,100.0,0.0,0
sft,DeepSeek-Revision SFT,1204,2,3,97.64362761608577,100.0,0.390625,0
sft,DeepSeek-Revision SFT,1204,2,4,98.2760411363101,100.0,0.78125,0
sft,DeepSeek-Revision SFT,1204,2,5,98.61476013691382,100.0,1.5625,0
sft,DeepSeek-Revision SFT,9-24,0,1,95.96023787217612,100.0,10.15625,0
sft,DeepSeek-Revision SFT,9-24,0,2,99.81971010377198,100.0,-1.171875,0
sft,DeepSeek-Revision SFT,9-24,0,3,99.95147563271746,95.0,-1.171875,0
sft,DeepSeek-Revision SFT,9-24,0,4,99.97235164894148,95.0,-0.78125,0
sft,DeepSeek-Revision SFT,9-24,0,5,99.97977203425098,100.0,-1.5625,0
sft,DeepSeek-Revision SFT,9-24,1,1,81.50186000926958,100.0,-3.515625,0
sft,DeepSeek-Revision SFT,9-24,1,2,93.08775009567289,100.0,-4.296875,0
sft,DeepSeek-Revision SFT,9-24,1,3,96.35750026626357,95.0,-4.6875,0
sft,DeepSeek-Revision SFT,9-24,1,4,97.53536139551885,95.0,-4.6875,0
sft,DeepSeek-Revision SFT,9-24,1,5,98.19683187725636,100.0,-4.296875,0
sft,DeepSeek-Revision SFT,9-24,2,1,97.85030400173132,100.0,51.953125,1
sft,DeepSeek-Revision SFT,9-24,2,2,99.7803947283652,95.0,42.1875,0
sft,DeepSeek-Revision SFT,9-24,2,3,99.94447509188326,95.0,26.5625,0
sft,DeepSeek-Revision SFT,9-24,2,4,99.97825613356078,100.0,29.6875,0
sft,DeepSeek-Revision SFT,9-24,2,5,99.98836134698821,100.0,39.453125,0
sft,DeepSeek-Revision SFT,9-24,3,1,92.16739471370042,100.0,93.9422607421875,1
sft,DeepSeek-Revision SFT,9-24,3,2,98.61746304310535,100.0,94.25201416015625,1
sft,DeepSeek-Revision SFT,9-24,3,3,99.50704126684549,100.0,94.28558349609375,1
sft,DeepSeek-Revision SFT,9-24,3,4,99.71912058054745,100.0,94.3145751953125,1
sft,DeepSeek-Revision SFT,9-24,3,5,99.81289396935358,100.0,94.28558349609375,1
sft,DeepSeek-Revision SFT,8-165,0,1,92.8683317302242,95.0,8.203125,0
sft,DeepSeek-Revision SFT,8-165,0,2,99.24832769453317,95.0,26.171875,0
sft,DeepSeek-Revision SFT,8-165,0,3,99.82146217831415,95.0,53.3203125,1
sft,DeepSeek-Revision SFT,8-165,0,4,99.92786419918363,95.0,69.7265625,1
sft,DeepSeek-Revision SFT,8-165,0,5,99.9625764395375,95.0,76.46484375,1
sft,DeepSeek-Revision SFT,8-165,1,1,92.13673876337887,100.0,0.78125,0
sft,DeepSeek-Revision SFT,8-165,1,2,97.19626786225358,100.0,1.171875,0
sft,DeepSeek-Revision SFT,8-165,1,3,98.54544292861299,100.0,1.171875,0
sft,DeepSeek-Revision SFT,8-165,1,4,99.0608673702537,100.0,1.5625,0
sft,DeepSeek-Revision SFT,8-165,1,5,99.31291589042385,100.0,1.171875,0
sft,DeepSeek-Revision SFT,8-165,2,1,92.40837864398334,100.0,-0.78125,0
sft,DeepSeek-Revision SFT,8-165,2,2,97.02707836138413,100.0,-1.171875,0
sft,DeepSeek-Revision SFT,8-165,2,3,98.16843611112658,100.0,-0.78125,0
sft,DeepSeek-Revision SFT,8-165,2,4,98.65999923348592,100.0,-0.78125,0
sft,DeepSeek-Revision SFT,8-165,2,5,98.92327913534528,100.0,-0.78125,0
sft,DeepSeek-Revision SFT,8-165,3,1,83.77082073908558,100.0,3.515625,0
sft,DeepSeek-Revision SFT,8-165,3,2,92.90999666455086,100.0,10.546875,0
sft,DeepSeek-Revision SFT,8-165,3,3,96.20499468646308,100.0,10.546875,0
sft,DeepSeek-Revision SFT,8-165,3,4,97.3917335350513,100.0,9.765625,0
sft,DeepSeek-Revision SFT,8-165,3,5,98.00017273168422,100.0,6.640625,0
sft,DeepSeek-Revision SFT,8-165,4,1,93.82805553857126,100.0,-1.171875,0
sft,DeepSeek-Revision SFT,8-165,4,2,99.53144934618469,100.0,-1.5625,0
sft,DeepSeek-Revision SFT,8-165,4,3,99.88153184207529,100.0,-1.5625,0
sft,DeepSeek-Revision SFT,8-165,4,4,99.93853952932106,95.0,-1.171875,0
sft,DeepSeek-Revision SFT,8-165,4,5,99.96031813767257,90.0,-1.171875,0
sft,DeepSeek-Revision SFT,7-664,0,1,92.34883681973356,100.0,-3.125,0
sft,DeepSeek-Revision SFT,7-664,0,2,97.18529436493206,100.0,-3.125,0
sft,DeepSeek-Revision SFT,7-664,0,3,98.44557191654607,100.0,-3.125,0
sft,DeepSeek-Revision SFT,7-664,0,4,98.93165824359052,100.0,-3.125,0
sft,DeepSeek-Revision SFT,7-664,0,5,99.11431357576855,95.0,-3.125,0
sft,DeepSeek-Revision SFT,7-664,1,1,88.17276927995566,100.0,9.765625,0
sft,DeepSeek-Revision SFT,7-664,1,2,96.55807963594866,100.0,29.296875,0
sft,DeepSeek-Revision SFT,7-664,1,3,98.06925766019516,100.0,40.234375,0
sft,DeepSeek-Revision SFT,7-664,1,4,98.7138483264243,100.0,49.8046875,0
sft,DeepSeek-Revision SFT,7-664,1,5,98.93374281220929,100.0,53.125,1
sft,DeepSeek-Revision SFT,7-664,2,1,86.62414205710417,100.0,14.84375,0
sft,DeepSeek-Revision SFT,7-664,2,2,94.923096969658,100.0,21.484375,0
sft,DeepSeek-Revision SFT,7-664,2,3,96.67048570502892,100.0,25.390625,0
sft,DeepSeek-Revision SFT,7-664,2,4,97.32466010457031,100.0,27.734375,0
sft,DeepSeek-Revision SFT,7-664,2,5,97.63902082892231,100.0,29.6875,0
sft,DeepSeek-Revision SFT,9-633,0,1,98.51094910170592,100.0,3.125,0
sft,DeepSeek-Revision SFT,9-633,0,2,99.74920290770531,95.0,10.546875,0
sft,DeepSeek-Revision SFT,9-633,0,3,99.87777125906263,95.0,21.875,0
sft,DeepSeek-Revision SFT,9-633,0,4,99.92351120840728,95.0,30.46875,0
sft,DeepSeek-Revision SFT,9-633,0,5,99.94576132499444,90.0,35.9375,0
sft,DeepSeek-Revision SFT,9-633,1,1,87.72562278937576,100.0,0.78125,0
sft,DeepSeek-Revision SFT,9-633,1,2,96.4279525886228,100.0,3.90625,0
sft,DeepSeek-Revision SFT,9-633,1,3,98.14684621558585,100.0,12.5,0
sft,DeepSeek-Revision SFT,9-633,1,4,98.68591719446465,100.0,24.21875,0
sft,DeepSeek-Revision SFT,9-633,1,5,98.97659128202841,100.0,33.59375,0
sft,DeepSeek-Revision SFT,9-633,2,1,96.5781881688334,100.0,0.0,0
sft,DeepSeek-Revision SFT,9-633,2,2,99.30481676036152,95.0,0.390625,0
sft,DeepSeek-Revision SFT,9-633,2,3,99.69151430739697,95.0,0.390625,0
sft,DeepSeek-Revision SFT,9-633,2,4,99.80695458637723,95.0,0.390625,0
sft,DeepSeek-Revision SFT,9-633,2,5,99.85428167681518,95.0,0.390625,0
sft,DeepSeek-Revision SFT,8-213,0,1,97.0502138211233,100.0,-14.453125,0
sft,DeepSeek-Revision SFT,8-213,0,2,99.18087396166784,100.0,-15.625,0
sft,DeepSeek-Revision SFT,8-213,0,3,99.57504300950413,100.0,-16.40625,0
sft,DeepSeek-Revision SFT,8-213,0,4,99.69866037076939,95.0,-17.1875,0
sft,DeepSeek-Revision SFT,8-213,0,5,99.74225055620505,100.0,-16.796875,0
sft,DeepSeek-Revision SFT,8-213,1,1,97.0502138211233,100.0,10.15625,0
sft,DeepSeek-Revision SFT,8-213,1,2,99.60078985199428,100.0,14.84375,0
sft,DeepSeek-Revision SFT,8-213,1,3,99.87039544045545,100.0,12.5,0
sft,DeepSeek-Revision SFT,8-213,1,4,99.9306276783156,100.0,13.28125,0
sft,DeepSeek-Revision SFT,8-213,1,5,99.94924612523938,95.0,12.890625,0
sft,DeepSeek-Revision SFT,8-213,2,1,88.91102428469475,100.0,10.15625,0
sft,DeepSeek-Revision SFT,8-213,2,2,95.92059381068981,95.0,7.03125,0
sft,DeepSeek-Revision SFT,8-213,2,3,97.71166052148509,95.0,8.59375,0
sft,DeepSeek-Revision SFT,8-213,2,4,98.37732432826951,95.0,11.328125,0
sft,DeepSeek-Revision SFT,8-213,2,5,98.69614346798848,95.0,13.671875,0
sft,DeepSeek-Revision SFT,8-213,3,1,82.82505843131713,100.0,76.3427734375,1
sft,DeepSeek-Revision SFT,8-213,3,2,94.24711518479769,95.0,77.947998046875,1
sft,DeepSeek-Revision SFT,8-213,3,3,96.6180534841765,95.0,78.08837890625,1
sft,DeepSeek-Revision SFT,8-213,3,4,97.52571507276188,95.0,78.228759765625,1
sft,DeepSeek-Revision SFT,8-213,3,5,98.07302496112518,95.0,78.460693359375,1
sft,DeepSeek-Revision SFT,473,0,1,89.01878801663932,100.0,-14.453125,0
sft,DeepSeek-Revision SFT,473,0,2,95.6319756590535,100.0,-14.84375,0
sft,DeepSeek-Revision SFT,473,0,3,97.4719814578016,100.0,-14.84375,0
sft,DeepSeek-Revision SFT,473,0,4,98.20736642241073,100.0,-14.84375,0
sft,DeepSeek-Revision SFT,473,0,5,98.55957845405405,100.0,-14.84375,0
sft,DeepSeek-Revision SFT,473,1,1,94.59566485573767,100.0,82.11669921875,1
sft,DeepSeek-Revision SFT,473,1,2,99.13144430192652,95.0,83.8623046875,1
sft,DeepSeek-Revision SFT,473,1,3,99.63793211749781,100.0,84.1827392578125,1
sft,DeepSeek-Revision SFT,473,1,4,99.79369993916356,100.0,84.051513671875,1
sft,DeepSeek-Revision SFT,473,1,5,99.8582121799732,100.0,84.161376953125,1
sft,DeepSeek-Revision SFT,473,2,1,90.32802347705311,100.0,-5.46875,0
sft,DeepSeek-Revision SFT,473,2,2,97.70270421399762,100.0,-9.765625,0
sft,DeepSeek-Revision SFT,473,2,3,99.34181373750361,100.0,-8.984375,0
sft,DeepSeek-Revision SFT,473,2,4,99.67922563443165,100.0,-10.15625,0
sft,DeepSeek-Revision SFT,473,2,5,99.82285157066539,100.0,-11.328125,0
sft,DeepSeek-Revision SFT,9-540,0,1,97.03866868444739,100.0,72.412109375,1
sft,DeepSeek-Revision SFT,9-540,0,2,99.434820027982,100.0,78.271484375,1
sft,DeepSeek-Revision SFT,9-540,0,3,99.74920290770531,100.0,79.5166015625,1
sft,DeepSeek-Revision SFT,9-540,0,4,99.82762984731391,100.0,79.98046875,1
sft,DeepSeek-Revision SFT,9-540,0,5,99.8614966912865,95.0,79.55322265625,1
sft,DeepSeek-Revision SFT,9-540,1,1,93.27419624385854,100.0,49.21875,0
sft,DeepSeek-Revision SFT,9-540,1,2,98.32581507318288,100.0,64.16015625,1
sft,DeepSeek-Revision SFT,9-540,1,3,99.13144430192652,100.0,68.75,1
sft,DeepSeek-Revision SFT,9-540,1,4,99.38410178470487,100.0,70.01953125,1
sft,DeepSeek-Revision SFT,9-540,1,5,99.50511188091555,100.0,70.556640625,1
sft,DeepSeek-Revision SFT,1160,0,1,90.44070541665205,100.0,45.9503173828125,1
sft,DeepSeek-Revision SFT,1160,0,2,97.30367715371018,95.0,46.42982482910156,1
sft,DeepSeek-Revision SFT,1160,0,3,98.51094910170592,95.0,46.46139144897461,1
sft,DeepSeek-Revision SFT,1160,0,4,99.0080782580891,95.0,46.46644592285156,1
sft,DeepSeek-Revision SFT,1160,0,5,99.20296848904162,95.0,46.46644592285156,1
sft,DeepSeek-Revision SFT,1160,1,1,88.05670317332803,100.0,-22.265625,0
sft,DeepSeek-Revision SFT,1160,1,2,96.18269305419625,100.0,17.7734375,1
sft,DeepSeek-Revision SFT,1160,1,3,97.68468629983603,100.0,37.59765625,1
sft,DeepSeek-Revision SFT,1160,1,4,98.19683187725636,100.0,41.40625,1
sft,DeepSeek-Revision SFT,1160,1,5,98.45766857186152,100.0,42.8955078125,1
sft,DeepSeek-Revision SFT,1160,2,1,94.01794630664106,100.0,41.9677734375,1
sft,DeepSeek-Revision SFT,1160,2,2,98.08802079984869,100.0,44.90966796875,1
sft,DeepSeek-Revision SFT,1160,2,3,99.06817575836021,100.0,45.391845703125,1
sft,DeepSeek-Revision SFT,1160,2,4,99.37927123513303,100.0,45.965576171875,1
sft,DeepSeek-Revision SFT,1160,2,5,99.51657595184665,100.0,46.0784912109375,1
sft,DeepSeek-Revision SFT,82,0,1,79.95963857992155,100.0,-43.359375,0
sft,DeepSeek-Revision SFT,82,0,2,96.6769823162242,100.0,-44.53125,0
sft,DeepSeek-Revision SFT,82,0,3,99.09153751833654,95.0,-44.921875,0
sft,DeepSeek-Revision SFT,82,0,4,99.58407556797664,100.0,-45.3125,0
sft,DeepSeek-Revision SFT,82,0,5,99.7397211412359,95.0,-45.3125,0
sft,DeepSeek-Revision SFT,82,1,1,87.5323294739798,100.0,-5.859375,0
sft,DeepSeek-Revision SFT,82,1,2,96.37170102693061,100.0,-12.109375,0
sft,DeepSeek-Revision SFT,82,1,3,98.38995209053051,100.0,-6.25,0
sft,DeepSeek-Revision SFT,82,1,4,98.9924577635567,100.0,-11.71875,0
sft,DeepSeek-Revision SFT,82,1,5,99.26286635299422,100.0,-8.59375,0
sft,DeepSeek-Revision SFT,82,2,1,96.78550526731239,100.0,38.76953125,1
sft,DeepSeek-Revision SFT,82,2,2,99.38650294429033,100.0,45.60546875,1
sft,DeepSeek-Revision SFT,82,2,3,99.74425637829005,100.0,47.8271484375,1
sft,DeepSeek-Revision SFT,82,2,4,99.84488365240696,100.0,49.3896484375,1
sft,DeepSeek-Revision SFT,82,2,5,99.89000603892467,100.0,50.146484375,1
sft,DeepSeek-Revision SFT,35,0,1,95.23069097465941,100.0,-22.65625,0
sft,DeepSeek-Revision SFT,35,0,2,98.8847524078647,100.0,-32.03125,0
sft,DeepSeek-Revision SFT,35,0,3,99.45647173269467,100.0,-34.375,0
sft,DeepSeek-Revision SFT,35,0,4,99.6145807453243,100.0,-35.9375,0
sft,DeepSeek-Revision SFT,35,0,5,99.69983518264776,100.0,-36.71875,0
sft,DeepSeek-Revision SFT,35,1,1,88.55902240981617,100.0,36.03515625,1
sft,DeepSeek-Revision SFT,35,1,2,96.34324392539078,100.0,41.015625,1
sft,DeepSeek-Revision SFT,35,1,3,97.94874574864474,100.0,43.5546875,1
sft,DeepSeek-Revision SFT,35,1,4,98.45163205732874,95.0,44.43359375,1
sft,DeepSeek-Revision SFT,35,1,5,98.71635788986843,95.0,45.01953125,1
sft,DeepSeek-Revision SFT,1780,0,1,94.11068945291309,100.0,-32.03125,0
sft,DeepSeek-Revision SFT,1780,0,2,98.36459752524158,100.0,-33.59375,0
sft,DeepSeek-Revision SFT,1780,0,3,99.15156437300188,100.0,-36.328125,0
sft,DeepSeek-Revision SFT,1780,0,4,99.45220878765973,100.0,-35.15625,0
sft,DeepSeek-Revision SFT,1780,0,5,99.59922738765223,100.0,-33.203125,0
sft,DeepSeek-Revision SFT,1780,1,1,93.60721387932924,100.0,-33.59375,0
sft,DeepSeek-Revision SFT,1780,1,2,98.9063232489395,100.0,-37.5,0
sft,DeepSeek-Revision SFT,1780,1,3,99.5581146474901,100.0,-38.28125,0
sft,DeepSeek-Revision SFT,1780,1,4,99.7707528991153,100.0,-38.671875,0
sft,DeepSeek-Revision SFT,1780,1,5,99.84244092536804,100.0,-38.671875,0
sft,DeepSeek-Revision SFT,1780,2,1,93.32653686393832,100.0,58.63037109375,1
sft,DeepSeek-Revision SFT,1780,2,2,98.2038617635502,100.0,58.97216796875,1
sft,DeepSeek-Revision SFT,1780,2,3,99.096844976312,100.0,59.01947021484375,1
sft,DeepSeek-Revision SFT,1780,2,4,99.37927123513303,100.0,59.01947021484375,1
sft,DeepSeek-Revision SFT,1780,2,5,99.48539777943313,100.0,58.8592529296875,1
sft,DeepSeek-Revision SFT,1780,3,1,94.1793019990428,100.0,-17.96875,0
sft,DeepSeek-Revision SFT,1780,3,2,98.7411857757566,95.0,-1.953125,0
sft,DeepSeek-Revision SFT,1780,3,3,99.40537826435279,95.0,-0.390625,0
sft,DeepSeek-Revision SFT,1780,3,4,99.62789522606866,100.0,1.171875,0
sft,DeepSeek-Revision SFT,1780,3,5,99.72776233178617,100.0,3.125,0
sft,DeepSeek-Revision SFT,162,0,1,95.13662478286872,100.0,2.734375,0
sft,DeepSeek-Revision SFT,162,0,2,99.6476982809046,95.0,0.390625,0
sft,DeepSeek-Revision SFT,162,0,3,99.9109241757426,95.0,0.0,0
sft,DeepSeek-Revision SFT,162,0,4,99.9616889653763,95.0,0.0,0
sft,DeepSeek-Revision SFT,162,0,5,99.97676318289541,95.0,0.0,0
sft,DeepSeek-Revision SFT,162,1,1,94.11068945291309,100.0,-0.390625,0
sft,DeepSeek-Revision SFT,162,1,2,98.62285304389418,95.0,0.0,0
sft,DeepSeek-Revision SFT,162,1,3,99.42591973848363,95.0,0.390625,0
sft,DeepSeek-Revision SFT,162,1,4,99.61758010175987,95.0,0.390625,0
sft,DeepSeek-Revision SFT,162,1,5,99.6927169791362,100.0,0.390625,0
sft,DeepSeek-Revision SFT,162,2,1,97.70270421399762,100.0,-0.390625,0
sft,DeepSeek-Revision SFT,162,2,2,99.79926453133628,100.0,0.0,0
sft,DeepSeek-Revision SFT,162,2,3,99.95520986272959,100.0,-1.171875,0
sft,DeepSeek-Revision SFT,162,2,4,99.98245993022529,100.0,-1.171875,0
sft,DeepSeek-Revision SFT,162,2,5,99.99061147719605,95.0,-0.78125,0
sft,DeepSeek-Revision SFT,162,3,1,82.14088653875645,100.0,-1.5625,0
sft,DeepSeek-Revision SFT,162,3,2,97.12977927067085,100.0,-1.171875,0
sft,DeepSeek-Revision SFT,162,3,3,98.84032599437539,100.0,-1.171875,0
sft,DeepSeek-Revision SFT,162,3,4,99.27429455092602,100.0,-0.78125,0
sft,DeepSeek-Revision SFT,162,3,5,99.48539777943313,95.0,0.0,0
sft,DeepSeek-Revision SFT,7-171,0,1,97.59245468729877,100.0,1.5625,0
sft,DeepSeek-Revision SFT,7-171,0,2,99.58163135697627,95.0,38.671875,0
sft,DeepSeek-Revision SFT,7-171,0,3,99.79610340767275,100.0,69.140625,1
sft,DeepSeek-Revision SFT,7-171,0,4,99.85986405811146,100.0,78.271484375,1
sft,DeepSeek-Revision SFT,7-171,0,5,99.88382322367076,100.0,80.37109375,1
sft,DeepSeek-Revision SFT,7-171,1,1,93.14154165118899,100.0,40.0390625,0
sft,DeepSeek-Revision SFT,7-171,1,2,98.00407483243194,100.0,53.515625,1
sft,DeepSeek-Revision SFT,7-171,1,3,98.71133385669934,100.0,62.6953125,1
sft,DeepSeek-Revision SFT,7-171,1,4,99.02726376129422,100.0,67.67578125,1
sft,DeepSeek-Revision SFT,7-171,1,5,99.19357333380363,95.0,68.84765625,1
sft,DeepSeek-Revision SFT,7-171,2,1,87.5323294739798,100.0,80.224609375,1
sft,DeepSeek-Revision SFT,7-171,2,2,95.55451517064725,100.0,84.47265625,1
sft,DeepSeek-Revision SFT,7-171,2,3,97.42715076646523,100.0,85.3759765625,1
sft,DeepSeek-Revision SFT,7-171,2,4,98.11766328982257,100.0,85.75439453125,1
sft,DeepSeek-Revision SFT,7-171,2,5,98.43948805704301,100.0,86.09619140625,1
sft,DeepSeek-Revision SFT,9-916,0,1,93.00627068111767,100.0,-5.078125,0
sft,DeepSeek-Revision SFT,9-916,0,2,98.33884368364714,100.0,-5.078125,0
sft,DeepSeek-Revision SFT,9-916,0,3,99.21532531728045,100.0,-5.46875,0
sft,DeepSeek-Revision SFT,9-916,0,4,99.49337594737683,100.0,-5.078125,0
sft,DeepSeek-Revision SFT,9-916,0,5,99.61758010175987,100.0,-5.078125,0
sft,DeepSeek-Revision SFT,9-916,1,1,95.23069097465941,100.0,89.794921875,1
sft,DeepSeek-Revision SFT,9-916,1,2,99.39365040148395,100.0,90.716552734375,1
sft,DeepSeek-Revision SFT,9-916,1,3,99.80314710676001,95.0,90.3564453125,1
sft,DeepSeek-Revision SFT,9-916,1,4,99.8978740643479,95.0,89.9658203125,1
sft,DeepSeek-Revision SFT,9-916,1,5,99.93805748887516,95.0,89.990234375,1
sft,DeepSeek-Revision SFT,44,0,1,95.01155962410793,100.0,42.529296875,1
sft,DeepSeek-Revision SFT,44,0,2,98.75827901192947,100.0,48.5107421875,1
sft,DeepSeek-Revision SFT,44,0,3,99.41345253739897,100.0,49.20654296875,1
sft,DeepSeek-Revision SFT,44,0,4,99.60927515541398,100.0,49.3896484375,1
sft,DeepSeek-Revision SFT,44,0,5,99.65518653488998,100.0,49.3896484375,1
sft,DeepSeek-Revision SFT,44,1,1,90.11797884691865,100.0,17.7734375,1
sft,DeepSeek-Revision SFT,44,1,2,99.14990565285129,100.0,11.328125,1
sft,DeepSeek-Revision SFT,44,1,3,99.74073587234096,100.0,8.59375,1
sft,DeepSeek-Revision SFT,44,1,4,99.85682075026092,100.0,2.5390625,0
sft,DeepSeek-Revision SFT,44,1,5,99.91040071500609,100.0,-0.78125,0
sft,DeepSeek-Revision SFT,8-367,0,1,87.96303073535098,100.0,-0.78125,0
sft,DeepSeek-Revision SFT,8-367,0,2,95.5718464735231,100.0,-1.171875,0
sft,DeepSeek-Revision SFT,8-367,0,3,97.43718135503588,100.0,-1.5625,0
sft,DeepSeek-Revision SFT,8-367,0,4,98.12500182518839,100.0,-1.171875,0
sft,DeepSeek-Revision SFT,8-367,0,5,98.44557191654607,100.0,-1.171875,0
sft,DeepSeek-Revision SFT,8-367,1,1,95.53711603496986,100.0,0.78125,0
sft,DeepSeek-Revision SFT,8-367,1,2,99.29386921728934,100.0,-0.390625,0
sft,DeepSeek-Revision SFT,8-367,1,3,99.79769014354277,100.0,-0.78125,0
sft,DeepSeek-Revision SFT,8-367,1,4,99.92077432187916,100.0,-0.78125,0
sft,DeepSeek-Revision SFT,8-367,1,5,99.96016282725468,100.0,-0.390625,0
sft,DeepSeek-Revision SFT,8-367,2,1,97.51603099536514,100.0,0.390625,0
sft,DeepSeek-Revision SFT,8-367,2,2,99.63079096839303,100.0,0.0,0
sft,DeepSeek-Revision SFT,8-367,2,3,99.85082606636442,100.0,1.171875,0
sft,DeepSeek-Revision SFT,8-367,2,4,99.92015294718442,95.0,1.953125,0
sft,DeepSeek-Revision SFT,8-367,2,5,99.94844686801001,95.0,2.34375,0
sft,DeepSeek-Revision SFT,8-445,0,1,92.6706346032714,100.0,18.1640625,1
sft,DeepSeek-Revision SFT,8-445,0,2,98.66522340138431,100.0,35.546875,1
sft,DeepSeek-Revision SFT,8-445,0,3,99.47729397362558,100.0,43.9453125,1
sft,DeepSeek-Revision SFT,8-445,0,4,99.6927169791362,95.0,47.998046875,1
sft,DeepSeek-Revision SFT,8-445,0,5,99.77518693942609,95.0,49.1455078125,1
sft,DeepSeek-Revision SFT,8-445,1,1,92.07506644114036,100.0,4.296875,0
sft,DeepSeek-Revision SFT,8-445,1,2,97.86703306871155,100.0,13.671875,1
sft,DeepSeek-Revision SFT,8-445,1,3,98.92747687218039,100.0,21.09375,1
sft,DeepSeek-Revision SFT,8-445,1,4,99.26286635299422,100.0,25.1953125,1
sft,DeepSeek-Revision SFT,8-445,1,5,99.40769647480512,100.0,27.1484375,1
sft,DeepSeek-Revision SFT,8-445,2,1,91.33009627811923,100.0,-42.96875,0
sft,DeepSeek-Revision SFT,8-445,2,2,97.55454136530511,100.0,-44.53125,0
sft,DeepSeek-Revision SFT,8-445,2,3,98.88038745220422,100.0,-45.3125,0
sft,DeepSeek-Revision SFT,8-445,2,4,99.25417725482238,100.0,-45.3125,0
sft,DeepSeek-Revision SFT,8-445,2,5,99.40071458827904,100.0,-45.3125,0
sft,DeepSeek-Revision SFT,8-445,3,1,88.24186682804344,100.0,-11.328125,0
sft,DeepSeek-Revision SFT,8-445,3,2,96.46956820149143,100.0,-1.953125,0
sft,DeepSeek-Revision SFT,8-445,3,3,98.16843611112658,100.0,0.78125,0
sft,DeepSeek-Revision SFT,8-445,3,4,98.77991541783175,100.0,6.8359375,1
sft,DeepSeek-Revision SFT,8-445,3,5,99.04979717199402,100.0,3.90625,1
sft,DeepSeek-Revision SFT,1911,0,1,88.05670317332803,100.0,0.0,0
sft,DeepSeek-Revision SFT,1911,0,2,94.86325204327493,100.0,-0.390625,0
sft,DeepSeek-Revision SFT,1911,0,3,96.73488434100858,100.0,-0.390625,0
sft,DeepSeek-Revision SFT,1911,0,4,97.45712536795878,100.0,0.0,0
sft,DeepSeek-Revision SFT,1911,0,5,97.89188288615556,100.0,-0.390625,0
sft,DeepSeek-Revision SFT,1911,1,1,96.18269305419625,100.0,-0.390625,0
sft,DeepSeek-Revision SFT,1911,1,2,99.5440877006775,100.0,-0.78125,0
sft,DeepSeek-Revision SFT,1911,1,3,99.85654083001815,100.0,-0.390625,0
sft,DeepSeek-Revision SFT,1911,1,4,99.92077432187916,100.0,-0.390625,0
sft,DeepSeek-Revision SFT,1911,1,5,99.94554904082261,100.0,-0.390625,0
sft,DeepSeek-Revision SFT,1911,2,1,93.59471576772323,100.0,1.5625,0
sft,DeepSeek-Revision SFT,1911,2,2,98.59294578322728,100.0,2.734375,0
sft,DeepSeek-Revision SFT,1911,2,3,99.44898965167248,100.0,4.6875,0
sft,DeepSeek-Revision SFT,1911,2,4,99.65518653488998,95.0,8.203125,0
sft,DeepSeek-Revision SFT,1911,2,5,99.7397211412359,95.0,9.765625,0
sft,DeepSeek-Revision SFT,8-41,0,1,85.17980913762035,100.0,-19.53125,0
sft,DeepSeek-Revision SFT,8-41,0,2,96.84459928168296,100.0,-43.359375,0
sft,DeepSeek-Revision SFT,8-41,0,3,98.85718959234318,100.0,-44.921875,0
sft,DeepSeek-Revision SFT,8-41,0,4,99.38829766867123,100.0,-44.921875,0
sft,DeepSeek-Revision SFT,8-41,0,5,99.6172064624166,100.0,-44.53125,0
sft,DeepSeek-Revision SFT,8-41,1,1,85.76147333651494,100.0,44.62890625,1
sft,DeepSeek-Revision SFT,8-41,1,2,94.923096969658,100.0,46.38671875,1
sft,DeepSeek-Revision SFT,8-41,1,3,97.15211550559322,100.0,39.84375,1
sft,DeepSeek-Revision SFT,8-41,1,4,98.04267951975916,95.0,33.0078125,1
sft,DeepSeek-Revision SFT,8-41,1,5,98.42724881018258,95.0,26.3671875,1
sft,DeepSeek-Revision SFT,8-41,2,1,94.24711518479769,100.0,47.216796875,1
sft,DeepSeek-Revision SFT,8-41,2,2,99.59608408909591,100.0,51.57470703125,1
sft,DeepSeek-Revision SFT,8-41,2,3,99.87290221955654,100.0,52.3895263671875,1
sft,DeepSeek-Revision SFT,8-41,2,4,99.9229112993796,100.0,52.5543212890625,1
sft,DeepSeek-Revision SFT,8-41,2,5,99.94181039590586,100.0,52.728271484375,1
sft,DeepSeek-Revision SFT,9-159,0,1,85.48064356162975,100.0,-1.5625,0
sft,DeepSeek-Revision SFT,9-159,0,2,94.90322653301573,100.0,-1.953125,0
sft,DeepSeek-Revision SFT,9-159,0,3,97.0037614479853,100.0,-1.953125,0
sft,DeepSeek-Revision SFT,9-159,0,4,97.8079050472936,100.0,-1.5625,0
sft,DeepSeek-Revision SFT,9-159,0,5,98.23860222183055,100.0,-1.5625,0
sft,DeepSeek-Revision SFT,9-159,1,1,95.84013473308404,100.0,-1.171875,0
sft,DeepSeek-Revision SFT,9-159,1,2,98.94822134731076,100.0,-1.5625,0
sft,DeepSeek-Revision SFT,9-159,1,3,99.43702345587579,100.0,-1.5625,0
sft,DeepSeek-Revision SFT,9-159,1,4,99.63651502387273,100.0,-1.953125,0
sft,DeepSeek-Revision SFT,9-159,1,5,99.734068710578,100.0,-1.953125,0
sft,DeepSeek-Revision SFT,7-424,0,1,96.98026165776815,100.0,-0.390625,0
sft,DeepSeek-Revision SFT,7-424,0,2,99.32620530009146,100.0,-0.390625,0
sft,DeepSeek-Revision SFT,7-424,0,3,99.71912058054745,95.0,0.0,0
sft,DeepSeek-Revision SFT,7-424,0,4,99.82963802041974,95.0,0.0,0
sft,DeepSeek-Revision SFT,7-424,0,5,99.88651445579582,100.0,0.0,0
sft,DeepSeek-Revision SFT,7-424,1,1,89.54209987109985,100.0,10.15625,0
sft,DeepSeek-Revision SFT,7-424,1,2,96.55135056601938,95.0,53.3203125,0
sft,DeepSeek-Revision SFT,7-424,1,3,98.2108642429147,100.0,76.5625,1
sft,DeepSeek-Revision SFT,7-424,1,4,98.7703461758537,100.0,86.328125,1
sft,DeepSeek-Revision SFT,7-424,1,5,99.01194539447538,95.0,90.234375,1
sft,DeepSeek-Revision SFT,7-424,2,1,93.24787219224557,100.0,98.284912109375,1
sft,DeepSeek-Revision SFT,7-424,2,2,98.86275612007152,100.0,89.599609375,1
sft,DeepSeek-Revision SFT,7-424,2,3,99.60697903167195,100.0,50.9765625,0
sft,DeepSeek-Revision SFT,7-424,2,4,99.83096378786294,100.0,27.34375,0
sft,DeepSeek-Revision SFT,7-424,2,5,99.90062873722515,95.0,18.359375,0
sft,DeepSeek-Revision SFT,1502,0,1,86.85721010904486,100.0,71.19140625,1
sft,DeepSeek-Revision SFT,1502,0,2,95.45797335062376,100.0,69.7265625,1
sft,DeepSeek-Revision SFT,1502,0,3,97.6801597837785,100.0,57.8125,1
sft,DeepSeek-Revision SFT,1502,0,4,98.50219858284844,100.0,51.953125,1
sft,DeepSeek-Revision SFT,1502,0,5,98.8335110834369,100.0,45.8984375,0
sft,DeepSeek-Revision SFT,1502,1,1,98.91906496903275,100.0,39.0625,0
sft,DeepSeek-Revision SFT,1502,1,2,99.85371135142367,95.0,74.70703125,1
sft,DeepSeek-Revision SFT,1502,1,3,99.92644144799712,100.0,84.6435546875,1
sft,DeepSeek-Revision SFT,1502,1,4,99.95250702929319,100.0,85.693359375,1
sft,DeepSeek-Revision SFT,1502,1,5,99.96525340036578,100.0,87.0361328125,1
sft,DeepSeek-Revision SFT,1502,2,1,89.82418388486259,100.0,-7.421875,0
sft,DeepSeek-Revision SFT,1502,2,2,97.17427791855638,100.0,-8.59375,0
sft,DeepSeek-Revision SFT,1502,2,3,98.74609342732269,100.0,-8.59375,0
sft,DeepSeek-Revision SFT,1502,2,4,99.1647181481919,100.0,-8.984375,0
sft,DeepSeek-Revision SFT,1502,2,5,99.36949617943253,100.0,-8.984375,0
sft,DeepSeek-Revision SFT,1502,3,1,98.35177090466038,100.0,-8.984375,0
sft,DeepSeek-Revision SFT,1502,3,2,99.7625500854879,95.0,-9.375,0
sft,DeepSeek-Revision SFT,1502,3,3,99.91264705814308,95.0,-9.375,0
sft,DeepSeek-Revision SFT,1502,3,4,99.9486478546243,100.0,-9.375,0
sft,DeepSeek-Revision SFT,1502,3,5,99.96470622104037,100.0,-9.375,0
sft,DeepSeek-Revision SFT,8-318,0,1,88.51424368960568,100.0,1.953125,0
sft,DeepSeek-Revision SFT,8-318,0,2,95.77462638710077,100.0,2.34375,0
sft,DeepSeek-Revision SFT,8-318,0,3,97.47691417534179,100.0,0.390625,0
sft,DeepSeek-Revision SFT,8-318,0,4,98.0954749003309,100.0,0.78125,0
sft,DeepSeek-Revision SFT,8-318,0,5,98.46967109025846,100.0,0.390625,0
sft,DeepSeek-Revision SFT,8-318,1,1,85.81698409126575,100.0,7.8125,0
sft,DeepSeek-Revision SFT,8-318,1,2,95.53711603496986,100.0,12.109375,0
sft,DeepSeek-Revision SFT,8-318,1,3,97.82496406555497,100.0,15.234375,0
sft,DeepSeek-Revision SFT,8-318,1,4,98.68077401978238,100.0,19.53125,0
sft,DeepSeek-Revision SFT,8-318,1,5,99.00419598615896,100.0,19.921875,0
sft,DeepSeek-Revision SFT,1890,0,1,84.87274156195213,100.0,1.171875,0
sft,DeepSeek-Revision SFT,1890,0,2,93.59471576772323,100.0,1.171875,0
sft,DeepSeek-Revision SFT,1890,0,3,96.23452765211574,100.0,2.734375,0
sft,DeepSeek-Revision SFT,1890,0,4,97.28783201104959,100.0,2.734375,0
sft,DeepSeek-Revision SFT,1890,0,5,97.88776144638422,100.0,3.90625,0
sft,DeepSeek-Revision SFT,1890,1,1,96.76029367265431,100.0,14.453125,0
sft,DeepSeek-Revision SFT,1890,1,2,99.40071458827904,100.0,42.578125,0
sft,DeepSeek-Revision SFT,1890,1,3,99.75018067290613,100.0,66.015625,1
sft,DeepSeek-Revision SFT,1890,1,4,99.84366705981448,95.0,75.68359375,1
sft,DeepSeek-Revision SFT,1890,1,5,99.88199370565259,95.0,79.78515625,1
sft,DeepSeek-Revision SFT,1890,2,1,95.96812033236124,100.0,40.625,0
sft,DeepSeek-Revision SFT,1890,2,2,99.11431357576855,100.0,76.85546875,1
sft,DeepSeek-Revision SFT,1890,2,3,99.52592621934599,100.0,83.10546875,1
sft,DeepSeek-Revision SFT,1890,2,4,99.6841987800153,100.0,85.64453125,1
sft,DeepSeek-Revision SFT,1890,2,5,99.73819159307578,100.0,87.109375,1
sft,DeepSeek-Revision SFT,8-28,0,1,78.16125226726453,100.0,1.953125,0
sft,DeepSeek-Revision SFT,8-28,0,2,90.60727164186017,100.0,3.515625,0
sft,DeepSeek-Revision SFT,8-28,0,3,95.83200205675317,100.0,6.640625,0
sft,DeepSeek-Revision SFT,8-28,0,4,97.62514635842415,95.0,8.59375,0
sft,DeepSeek-Revision SFT,8-28,0,5,98.36778855344721,95.0,12.5,0
sft,DeepSeek-Revision SFT,8-28,1,1,90.2901684312592,100.0,0.78125,0
sft,DeepSeek-Revision SFT,8-28,1,2,99.22749057065424,100.0,1.953125,0
sft,DeepSeek-Revision SFT,8-28,1,3,99.8614966912865,100.0,2.34375,0
sft,DeepSeek-Revision SFT,8-28,1,4,99.94904748019007,100.0,2.734375,0
sft,DeepSeek-Revision SFT,8-28,1,5,99.97437946406238,100.0,3.125,0
sft,DeepSeek-Revision SFT,8-28,2,1,87.21171444345094,100.0,3.125,0
sft,DeepSeek-Revision SFT,8-28,2,2,97.1907864717441,100.0,5.46875,0
sft,DeepSeek-Revision SFT,8-28,2,3,98.69359438467056,100.0,8.984375,0
sft,DeepSeek-Revision SFT,8-28,2,4,99.20762494028195,100.0,11.71875,0
sft,DeepSeek-Revision SFT,8-28,2,5,99.42028602232274,100.0,14.0625,0
sft,DeepSeek-Revision SFT,9-566,0,1,96.67048570502892,100.0,22.265625,0
sft,DeepSeek-Revision SFT,9-566,0,2,99.58972333903746,100.0,57.2265625,1
sft,DeepSeek-Revision SFT,9-566,0,3,99.86257453258607,100.0,67.7734375,1
sft,DeepSeek-Revision SFT,9-566,0,4,99.9166472405881,95.0,75.0,1
sft,DeepSeek-Revision SFT,9-566,0,5,99.94271254209856,95.0,77.34375,1
sft,DeepSeek-Revision SFT,9-566,1,1,92.01291041688359,100.0,0.0,0
sft,DeepSeek-Revision SFT,9-566,1,2,98.07302496112518,100.0,-0.390625,0
sft,DeepSeek-Revision SFT,9-566,1,3,99.03105610049197,95.0,-0.390625,0
sft,DeepSeek-Revision SFT,9-566,1,4,99.3545442122126,100.0,0.0,0
sft,DeepSeek-Revision SFT,9-566,1,5,99.46489835742618,100.0,0.390625,0
sft,DeepSeek-Revision SFT,9-566,2,1,90.91401891111842,95.0,-0.78125,0
sft,DeepSeek-Revision SFT,9-566,2,2,99.43702345587579,95.0,-1.171875,0
sft,DeepSeek-Revision SFT,9-566,2,3,99.79926453133628,90.0,-1.171875,0
sft,DeepSeek-Revision SFT,9-566,2,4,99.88914334559583,90.0,-0.78125,0
sft,DeepSeek-Revision SFT,9-566,2,5,99.92380940994538,90.0,-0.78125,0
sft,DeepSeek-Revision SFT,9-566,3,1,99.11084709711562,100.0,8.59375,0
sft,DeepSeek-Revision SFT,9-566,3,2,99.92469705720612,100.0,16.015625,0
sft,DeepSeek-Revision SFT,9-566,3,3,99.9705109438966,100.0,28.125,0
sft,DeepSeek-Revision SFT,9-566,3,4,99.98421564570441,100.0,38.28125,0
sft,DeepSeek-Revision SFT,9-566,3,5,99.98915158252001,100.0,44.53125,0
sft,DeepSeek-Revision SFT,9-454,0,1,94.2358681017388,100.0,4.6875,0
sft,DeepSeek-Revision SFT,9-454,0,2,99.02916178262062,100.0,14.453125,0
sft,DeepSeek-Revision SFT,9-454,0,3,99.58244768577657,100.0,21.09375,0
sft,DeepSeek-Revision SFT,9-454,0,4,99.74674171938953,100.0,26.953125,0
sft,DeepSeek-Revision SFT,9-454,0,5,99.81471228374524,100.0,28.90625,0
sft,DeepSeek-Revision SFT,9-454,1,1,93.60721387932924,100.0,0.390625,0
sft,DeepSeek-Revision SFT,9-454,1,2,98.4333803859871,95.0,0.390625,0
sft,DeepSeek-Revision SFT,9-454,1,3,99.28274927549913,95.0,0.78125,0
sft,DeepSeek-Revision SFT,9-454,1,4,99.53690812664668,95.0,0.78125,0
sft,DeepSeek-Revision SFT,9-454,1,5,99.65043991463364,100.0,0.78125,0
sft,DeepSeek-Revision SFT,9-454,2,1,96.90865062666418,100.0,24.609375,0
sft,DeepSeek-Revision SFT,9-454,2,2,99.44575159819209,100.0,59.1796875,0
sft,DeepSeek-Revision SFT,9-454,2,3,99.6531602127997,100.0,74.609375,1
sft,DeepSeek-Revision SFT,9-454,2,4,99.73819159307578,100.0,81.73828125,1
sft,DeepSeek-Revision SFT,9-454,2,5,99.78963103505481,100.0,83.3984375,1
sft,DeepSeek-Revision SFT,9-454,3,1,88.7363983266053,100.0,9.765625,0
sft,DeepSeek-Revision SFT,9-454,3,2,95.85635251081384,100.0,46.09375,0
sft,DeepSeek-Revision SFT,9-454,3,3,97.52571507276188,100.0,63.4765625,1
sft,DeepSeek-Revision SFT,9-454,3,4,98.13231175031618,100.0,69.53125,1
sft,DeepSeek-Revision SFT,9-454,3,5,98.40248158276597,100.0,78.7109375,1
sft,DeepSeek-Revision SFT,1387,0,1,97.79071223349376,100.0,36.279296875,1
sft,DeepSeek-Revision SFT,1387,0,2,99.28274927549913,100.0,37.87841796875,1
sft,DeepSeek-Revision SFT,1387,0,3,99.62789522606866,100.0,38.7451171875,1
sft,DeepSeek-Revision SFT,1387,0,4,99.74425637829005,100.0,39.46533203125,1
sft,DeepSeek-Revision SFT,1387,0,5,99.80082666714677,100.0,39.63623046875,1
sft,DeepSeek-Revision SFT,1387,1,1,88.37885322877915,100.0,-11.9140625,0
sft,DeepSeek-Revision SFT,1387,1,2,96.45575048211548,100.0,16.015625,1
sft,DeepSeek-Revision SFT,1387,1,3,98.16126757274942,100.0,25.68359375,1
sft,DeepSeek-Revision SFT,1387,1,4,98.69614346798848,100.0,28.515625,1
sft,DeepSeek-Revision SFT,1387,1,5,98.98455551185667,100.0,29.78515625,1
sft,DeepSeek-Revision SFT,1387,2,1,92.61314967800327,100.0,17.1875,1
sft,DeepSeek-Revision SFT,1387,2,2,98.35177090466038,100.0,18.75,1
sft,DeepSeek-Revision SFT,1387,2,3,99.3545442122126,100.0,15.4296875,1
sft,DeepSeek-Revision SFT,1387,2,4,99.65451241298307,100.0,20.41015625,1
sft,DeepSeek-Revision SFT,1387,2,5,99.78379939252792,100.0,18.5546875,1
sft,DeepSeek-Revision SFT,9-436,0,1,86.98493300457413,100.0,1.171875,0
sft,DeepSeek-Revision SFT,9-436,0,2,96.81052066378429,100.0,0.78125,0
sft,DeepSeek-Revision SFT,9-436,0,3,98.71133385669934,95.0,0.78125,0
sft,DeepSeek-Revision SFT,9-436,0,4,99.28833096492008,100.0,1.171875,0
sft,DeepSeek-Revision SFT,9-436,0,5,99.51087750214207,95.0,1.5625,0
sft,DeepSeek-Revision SFT,9-436,1,1,97.20173855737032,100.0,0.0,0
sft,DeepSeek-Revision SFT,9-436,1,2,99.55725074678257,100.0,0.0,0
sft,DeepSeek-Revision SFT,9-436,1,3,99.8095759190438,95.0,0.0,0
sft,DeepSeek-Revision SFT,9-436,1,4,99.87315021514695,95.0,0.0,0
sft,DeepSeek-Revision SFT,9-436,1,5,99.90424875888912,100.0,0.0,0
sft,DeepSeek-Revision SFT,9-436,2,1,95.85635251081384,100.0,0.390625,0
sft,DeepSeek-Revision SFT,9-436,2,2,99.10387338446691,100.0,0.390625,0
sft,DeepSeek-Revision SFT,9-436,2,3,99.52033798763587,95.0,0.78125,0
sft,DeepSeek-Revision SFT,9-436,2,4,99.63793211749781,95.0,0.78125,0
sft,DeepSeek-Revision SFT,9-436,2,5,99.69030692853367,100.0,1.171875,0
sft,DeepSeek-Revision SFT,1189,0,1,95.88859863140246,100.0,-3.515625,0
sft,DeepSeek-Revision SFT,1189,0,2,99.46070150322814,95.0,-4.296875,0
sft,DeepSeek-Revision SFT,1189,0,3,99.85484977871872,95.0,-4.296875,0
sft,DeepSeek-Revision SFT,1189,0,4,99.94135400918455,95.0,-4.6875,0
sft,DeepSeek-Revision SFT,1189,0,5,99.96658452169402,95.0,-4.296875,0
sft,DeepSeek-Revision SFT,1189,1,1,82.95871488698133,100.0,-6.640625,0
sft,DeepSeek-Revision SFT,1189,1,2,92.1979311477981,100.0,-6.640625,0
sft,DeepSeek-Revision SFT,1189,1,3,94.72085614451599,100.0,-6.640625,0
sft,DeepSeek-Revision SFT,1189,1,4,95.8238534807669,100.0,-6.25,0
sft,DeepSeek-Revision SFT,1189,1,5,96.4279525886228,100.0,-6.25,0
sft,DeepSeek-Revision SFT,1189,2,1,95.77462638710077,100.0,-4.6875,0
sft,DeepSeek-Revision SFT,1189,2,2,99.58163135697627,100.0,-4.296875,0
sft,DeepSeek-Revision SFT,1189,2,3,99.86835446562023,100.0,-4.6875,0
sft,DeepSeek-Revision SFT,1189,2,4,99.94337996119907,100.0,-3.125,0
sft,DeepSeek-Revision SFT,1189,2,5,99.96565821051313,100.0,-1.953125,0
sft,DeepSeek-Revision SFT,8-478,0,1,97.66652706942223,100.0,1.5625,0
sft,DeepSeek-Revision SFT,8-478,0,2,99.58163135697627,100.0,0.0,0
sft,DeepSeek-Revision SFT,8-478,0,3,99.76162073279909,100.0,0.0,0
sft,DeepSeek-Revision SFT,8-478,0,4,99.82559800249898,100.0,0.0,0
sft,DeepSeek-Revision SFT,8-478,0,5,99.86417558777698,100.0,-0.390625,0
sft,DeepSeek-Revision SFT,8-478,1,1,94.80270168383701,100.0,63.4765625,1
sft,DeepSeek-Revision SFT,8-478,1,2,98.72634727202123,100.0,84.86328125,1
sft,DeepSeek-Revision SFT,8-478,1,3,99.54586513428659,100.0,87.451171875,1
sft,DeepSeek-Revision SFT,8-478,1,4,99.75691912303796,100.0,90.52734375,1
sft,DeepSeek-Revision SFT,8-478,1,5,99.84305518998666,100.0,92.7490234375,1
sft,DeepSeek-Revision SFT,8-478,2,1,96.41397199034334,100.0,-0.78125,0
sft,DeepSeek-Revision SFT,8-478,2,2,99.80994747810816,100.0,-1.5625,0
sft,DeepSeek-Revision SFT,8-478,2,3,99.9689747786706,95.0,-1.5625,0
sft,DeepSeek-Revision SFT,8-478,2,4,99.98785034875851,95.0,-1.5625,0
sft,DeepSeek-Revision SFT,8-478,2,5,99.99263086401722,95.0,-1.5625,0
sft,DeepSeek-Revision SFT,8-478,3,1,96.10740342096426,100.0,1.171875,0
sft,DeepSeek-Revision SFT,8-478,3,2,98.8847524078647,100.0,2.34375,0
sft,DeepSeek-Revision SFT,8-478,3,3,99.38410178470487,100.0,1.953125,0
sft,DeepSeek-Revision SFT,8-478,3,4,99.54939923984973,100.0,1.5625,0
sft,DeepSeek-Revision SFT,8-478,3,5,99.63793211749781,95.0,1.953125,0
sft,DeepSeek-Revision SFT,8-478,4,1,88.10326567496395,100.0,-0.390625,0
sft,DeepSeek-Revision SFT,8-478,4,2,97.12977927067085,100.0,-0.78125,0
sft,DeepSeek-Revision SFT,8-478,4,3,98.74609342732269,100.0,-0.78125,0
sft,DeepSeek-Revision SFT,8-478,4,4,99.11084709711562,100.0,-0.390625,0
sft,DeepSeek-Revision SFT,8-478,4,5,99.3288321766794,100.0,0.0,0
sft,DeepSeek-Revision SFT,9-461,0,1,84.39255083300893,100.0,58.3984375,1
sft,DeepSeek-Revision SFT,9-461,0,2,91.7754522446474,100.0,60.650634765625,1
sft,DeepSeek-Revision SFT,9-461,0,3,94.25834032233563,100.0,60.83984375,1
sft,DeepSeek-Revision SFT,9-461,0,4,95.38644683855642,100.0,61.09619140625,1
sft,DeepSeek-Revision SFT,9-461,0,5,96.05381886107484,100.0,61.21826171875,1
sft,DeepSeek-Revision SFT,9-461,1,1,93.75530261031417,100.0,-21.09375,0
sft,DeepSeek-Revision SFT,9-461,1,2,99.38169122724652,100.0,-30.078125,0
sft,DeepSeek-Revision SFT,9-461,1,3,99.89906386753708,100.0,-30.078125,0
sft,DeepSeek-Revision SFT,9-461,1,4,99.96286767199554,100.0,-30.078125,0
sft,DeepSeek-Revision SFT,9-461,1,5,99.97884263726078,95.0,-28.90625,0
sft,DeepSeek-Revision SFT,9-461,2,1,92.34883681973356,100.0,23.4375,1
sft,DeepSeek-Revision SFT,9-461,2,2,99.04234463884812,100.0,28.7109375,1
sft,DeepSeek-Revision SFT,9-461,2,3,99.67922563443165,100.0,36.328125,1
sft,DeepSeek-Revision SFT,9-461,2,4,99.8172282758852,100.0,35.15625,1
sft,DeepSeek-Revision SFT,9-461,2,5,99.87039544045545,100.0,38.8671875,1
sft,DeepSeek-Revision SFT,664,0,1,86.67628958524371,100.0,26.7578125,1
sft,DeepSeek-Revision SFT,664,0,2,96.41397199034334,100.0,14.2578125,0
sft,DeepSeek-Revision SFT,664,0,3,98.40870971683945,100.0,12.3046875,0
sft,DeepSeek-Revision SFT,664,0,4,99.12120604220398,100.0,19.921875,0
sft,DeepSeek-Revision SFT,664,0,5,99.41459701988936,100.0,18.359375,0
sft,DeepSeek-Revision SFT,664,1,1,89.29409791644729,100.0,-42.578125,0
sft,DeepSeek-Revision SFT,664,1,2,96.1225792168278,100.0,-43.359375,0
sft,DeepSeek-Revision SFT,664,1,3,97.85868487218013,100.0,-43.359375,0
sft,DeepSeek-Revision SFT,664,1,4,98.4333803859871,100.0,-43.359375,0
sft,DeepSeek-Revision SFT,664,1,5,98.7411857757566,100.0,-43.359375,0
sft,DeepSeek-Revision SFT,664,2,1,95.28625510782776,100.0,-3.125,0
sft,DeepSeek-Revision SFT,664,2,2,99.32092066276287,100.0,-11.71875,0
sft,DeepSeek-Revision SFT,664,2,3,99.6476982809046,100.0,-14.0625,0
sft,DeepSeek-Revision SFT,664,2,4,99.75786680556611,100.0,-8.59375,0
sft,DeepSeek-Revision SFT,664,2,5,99.8114264785673,95.0,-10.15625,0
sft,DeepSeek-Revision SFT,9-281,0,1,95.28625510782776,100.0,10.546875,0
sft,DeepSeek-Revision SFT,9-281,0,2,99.02726376129422,100.0,19.53125,0
sft,DeepSeek-Revision SFT,9-281,0,3,99.54051193619628,100.0,26.5625,0
sft,DeepSeek-Revision SFT,9-281,0,4,99.70333220869392,100.0,26.953125,0
sft,DeepSeek-Revision SFT,9-281,0,5,99.76162073279909,100.0,26.5625,0
sft,DeepSeek-Revision SFT,9-281,1,1,91.01987379712082,100.0,-1.953125,0
sft,DeepSeek-Revision SFT,9-281,1,2,98.41491356971929,100.0,-2.34375,0
sft,DeepSeek-Revision SFT,9-281,1,3,99.46906255144573,95.0,-2.734375,0
sft,DeepSeek-Revision SFT,9-281,1,4,99.68787797566999,100.0,-2.34375,0
sft,DeepSeek-Revision SFT,9-281,1,5,99.77867234287271,95.0,-2.34375,0
sft,DeepSeek-Revision SFT,9-281,2,1,86.62414205710417,100.0,10.9375,0
sft,DeepSeek-Revision SFT,9-281,2,2,94.59566485573767,100.0,21.875,0
sft,DeepSeek-Revision SFT,9-281,2,3,96.6180534841765,100.0,27.734375,0
sft,DeepSeek-Revision SFT,9-281,2,4,97.23973570007108,100.0,30.46875,0
sft,DeepSeek-Revision SFT,9-281,2,5,97.71166052148509,100.0,29.6875,0
sft,DeepSeek-Revision SFT,9-1046,0,1,92.13673876337887,100.0,34.5703125,1
sft,DeepSeek-Revision SFT,9-1046,0,2,97.71166052148509,100.0,57.958984375,1
sft,DeepSeek-Revision SFT,9-1046,0,3,98.91906496903275,100.0,62.548828125,1
sft,DeepSeek-Revision SFT,9-1046,0,4,99.27994203553558,100.0,63.80615234375,1
sft,DeepSeek-Revision SFT,9-1046,0,5,99.45647173269467,100.0,64.41650390625,1
sft,DeepSeek-Revision SFT,9-1046,1,1,94.94288993880934,100.0,1.5625,0
sft,DeepSeek-Revision SFT,9-1046,1,2,99.00419598615896,100.0,29.4921875,1
sft,DeepSeek-Revision SFT,9-1046,1,3,99.4669845210265,100.0,46.58203125,1
sft,DeepSeek-Revision SFT,9-1046,1,4,99.62203542852505,100.0,56.982421875,1
sft,DeepSeek-Revision SFT,9-1046,1,5,99.69629693476517,100.0,60.498046875,1
sft,DeepSeek-Revision SFT,9-1046,2,1,74.74071973389536,100.0,-6.640625,0
sft,DeepSeek-Revision SFT,9-1046,2,2,95.1791819986451,100.0,-12.890625,0
sft,DeepSeek-Revision SFT,9-1046,2,3,97.79286868795057,95.0,-14.0625,0
sft,DeepSeek-Revision SFT,9-1046,2,4,98.7024944370474,95.0,-15.625,0
sft,DeepSeek-Revision SFT,9-1046,2,5,99.05072465149868,95.0,-16.796875,0
sft,DeepSeek-Revision SFT,8-59,0,1,97.47691417534179,100.0,-10.15625,0
sft,DeepSeek-Revision SFT,8-59,0,2,99.53327605206846,100.0,-14.453125,0
sft,DeepSeek-Revision SFT,8-59,0,3,99.76531646078475,100.0,-21.09375,0
sft,DeepSeek-Revision SFT,8-59,0,4,99.84847691872879,95.0,-23.046875,0
sft,DeepSeek-Revision SFT,8-59,0,5,99.88199370565259,95.0,-23.046875,0
sft,DeepSeek-Revision SFT,8-59,1,1,89.16790013046916,100.0,47.802734375,1
sft,DeepSeek-Revision SFT,8-59,1,2,96.37170102693061,95.0,52.8564453125,1
sft,DeepSeek-Revision SFT,8-59,1,3,97.93265756215621,95.0,54.16259765625,1
sft,DeepSeek-Revision SFT,8-59,1,4,98.43948805704301,95.0,54.2236328125,1
sft,DeepSeek-Revision SFT,8-59,1,5,98.74609342732269,95.0,54.4189453125,1
sft,DeepSeek-Revision SFT,8-59,2,1,93.85211766967733,100.0,16.6015625,1
sft,DeepSeek-Revision SFT,8-59,2,2,98.31926249864739,100.0,21.6796875,1
sft,DeepSeek-Revision SFT,8-59,2,3,99.12804487104007,100.0,22.4609375,1
sft,DeepSeek-Revision SFT,8-59,2,4,99.36206399991273,100.0,19.3359375,1
sft,DeepSeek-Revision SFT,8-59,2,5,99.48740402336097,100.0,24.4140625,1
sft,DeepSeek-Revision SFT,9-550,0,1,95.90462746629869,100.0,81.4453125,1
sft,DeepSeek-Revision SFT,9-550,0,2,99.61307225701263,100.0,88.80615234375,1
sft,DeepSeek-Revision SFT,9-550,0,3,99.88199370565259,100.0,89.794921875,1
sft,DeepSeek-Revision SFT,9-550,0,4,99.94248832532786,100.0,90.167236328125,1
sft,DeepSeek-Revision SFT,9-550,0,5,99.96511740601993,100.0,90.4296875,1
sft,DeepSeek-Revision SFT,9-550,1,1,87.03567394211096,100.0,-1.5625,0
sft,DeepSeek-Revision SFT,9-550,1,2,93.87608599142445,95.0,-3.90625,0
sft,DeepSeek-Revision SFT,9-550,1,3,95.92059381068981,95.0,-4.296875,0
sft,DeepSeek-Revision SFT,9-550,1,4,96.82295526529889,95.0,-3.515625,0
sft,DeepSeek-Revision SFT,9-550,1,5,97.19626786225358,95.0,-3.125,0
sft,DeepSeek-Revision SFT,9-550,2,1,95.46683583883238,100.0,-7.421875,0
sft,DeepSeek-Revision SFT,9-550,2,2,99.51468388361869,100.0,-8.203125,0
sft,DeepSeek-Revision SFT,9-550,2,3,99.84244092536804,100.0,-8.203125,0
sft,DeepSeek-Revision SFT,9-550,2,4,99.91566470463637,100.0,-8.203125,0
sft,DeepSeek-Revision SFT,9-550,2,5,99.94554904082261,100.0,-8.203125,0
sft,DeepSeek-Revision SFT,406,0,1,78.07577782535051,100.0,64.6484375,1
sft,DeepSeek-Revision SFT,406,0,2,88.62586337351439,100.0,72.314453125,1
sft,DeepSeek-Revision SFT,406,0,3,92.05957292982633,95.0,72.314453125,1
sft,DeepSeek-Revision SFT,406,0,4,93.61968760438376,95.0,72.314453125,1
sft,DeepSeek-Revision SFT,406,0,5,94.45668852702816,95.0,71.533203125,1
sft,DeepSeek-Revision SFT,406,1,1,96.10740342096426,100.0,-12.890625,0
sft,DeepSeek-Revision SFT,406,1,2,98.71635788986843,100.0,-14.84375,0
sft,DeepSeek-Revision SFT,406,1,3,99.24538573231088,95.0,-15.625,0
sft,DeepSeek-Revision SFT,406,1,4,99.44791240793252,95.0,-15.625,0
sft,DeepSeek-Revision SFT,406,1,5,99.54230331038995,95.0,-15.625,0
sft,DeepSeek-Revision SFT,8-464,0,1,93.93559877642954,100.0,-24.21875,0
sft,DeepSeek-Revision SFT,8-464,0,2,98.7679421613222,100.0,-26.5625,0
sft,DeepSeek-Revision SFT,8-464,0,3,99.50220363390845,100.0,-27.34375,0
sft,DeepSeek-Revision SFT,8-464,0,4,99.70736061298426,100.0,-27.34375,0
sft,DeepSeek-Revision SFT,8-464,0,5,99.79248760144246,100.0,-27.34375,0
sft,DeepSeek-Revision SFT,8-464,1,1,88.24186682804344,100.0,69.32373046875,1
sft,DeepSeek-Revision SFT,8-464,1,2,98.97258577355836,100.0,70.6878662109375,1
sft,DeepSeek-Revision SFT,8-464,1,3,99.09331012749392,100.0,70.87554931640625,1
sft,DeepSeek-Revision SFT,8-464,1,4,98.30608031104576,100.0,70.92437744140625,1
sft,DeepSeek-Revision SFT,8-464,1,5,98.25230952808853,100.0,70.9442138671875,1
sft,DeepSeek-Revision SFT,8-464,2,1,97.73832048393311,100.0,-24.21875,0
sft,DeepSeek-Revision SFT,8-464,2,2,99.59450320691865,100.0,-26.953125,0
sft,DeepSeek-Revision SFT,8-464,2,3,99.82559800249898,100.0,-27.34375,0
sft,DeepSeek-Revision SFT,8-464,2,4,99.8801353769178,100.0,-27.734375,0
sft,DeepSeek-Revision SFT,8-464,2,5,99.90368606956673,100.0,-27.34375,0
sft,DeepSeek-Revision SFT,9-490,0,1,96.5781881688334,100.0,0.0,0
sft,DeepSeek-Revision SFT,9-490,0,2,99.30481676036152,100.0,1.171875,0
sft,DeepSeek-Revision SFT,9-490,0,3,99.68172192034903,100.0,3.515625,0
sft,DeepSeek-Revision SFT,9-490,0,4,99.78798109081353,95.0,5.078125,0
sft,DeepSeek-Revision SFT,9-490,0,5,99.82963802041974,95.0,5.46875,0
sft,DeepSeek-Revision SFT,9-490,1,1,93.68169209356077,95.0,6.640625,0
sft,DeepSeek-Revision SFT,9-490,1,2,98.61205194644988,100.0,6.640625,0
sft,DeepSeek-Revision SFT,9-490,1,3,99.50511188091555,100.0,9.375,0
sft,DeepSeek-Revision SFT,9-490,1,4,99.74325542605568,100.0,11.71875,0
sft,DeepSeek-Revision SFT,9-490,1,5,99.8342332441645,100.0,14.453125,0
sft,DeepSeek-Revision SFT,9-490,2,1,98.27267073882207,95.0,93.05419921875,1
sft,DeepSeek-Revision SFT,9-490,2,2,99.78715127226533,95.0,94.5587158203125,1
sft,DeepSeek-Revision SFT,9-490,2,3,99.91400133997992,95.0,94.6136474609375,1
sft,DeepSeek-Revision SFT,9-490,2,4,99.946183413712,90.0,94.6990966796875,1
sft,DeepSeek-Revision SFT,9-490,2,5,99.96062694437515,95.0,94.683837890625,1
sft,DeepSeek-Revision SFT,9-520,0,1,95.27703957822415,100.0,15.234375,1
sft,DeepSeek-Revision SFT,9-520,0,2,99.78921975666184,100.0,24.8046875,1
sft,DeepSeek-Revision SFT,9-520,0,3,99.97320229927561,100.0,24.8046875,1
sft,DeepSeek-Revision SFT,9-520,0,4,99.9913000603403,100.0,24.8046875,1
sft,DeepSeek-Revision SFT,9-520,0,5,99.99699338130563,100.0,27.734375,1
sft,DeepSeek-Revision SFT,9-520,1,1,90.05990641128251,100.0,10.15625,1
sft,DeepSeek-Revision SFT,9-520,1,2,97.32466010457031,100.0,16.6015625,1
sft,DeepSeek-Revision SFT,9-520,1,3,98.73625891618538,95.0,22.4609375,1
sft,DeepSeek-Revision SFT,9-520,1,4,99.1840674314487,95.0,25.78125,1
sft,DeepSeek-Revision SFT,9-520,1,5,99.38410178470487,95.0,25.68359375,1
sft,DeepSeek-Revision SFT,9-520,2,1,97.79932543022956,95.0,-18.75,0
sft,DeepSeek-Revision SFT,9-520,2,2,99.85024221609599,100.0,-15.625,0
sft,DeepSeek-Revision SFT,9-520,2,3,99.97630487774413,95.0,-18.359375,0
sft,DeepSeek-Revision SFT,9-520,2,4,99.99230732009528,95.0,-14.453125,0
sft,DeepSeek-Revision SFT,9-520,2,5,99.99613187762468,95.0,-13.28125,0
sft,DeepSeek-Revision SFT,9-520,3,1,91.15909774940654,100.0,-32.8125,0
sft,DeepSeek-Revision SFT,9-520,3,2,98.8934313334818,100.0,-33.203125,0
sft,DeepSeek-Revision SFT,9-520,3,3,99.64074975211344,100.0,-36.328125,0
sft,DeepSeek-Revision SFT,9-520,3,4,99.8355232512928,100.0,-35.546875,0
sft,DeepSeek-Revision SFT,9-520,3,5,99.90330910750127,100.0,-35.9375,0
sft,DeepSeek-Revision SFT,8-43,0,1,89.981945291025,100.0,67.1875,1
sft,DeepSeek-Revision SFT,8-43,0,2,98.17557670202117,100.0,85.498046875,1
sft,DeepSeek-Revision SFT,8-43,0,3,99.28554557107125,100.0,85.97869873046875,1
sft,DeepSeek-Revision SFT,8-43,0,4,99.59291613734345,100.0,86.114501953125,1
sft,DeepSeek-Revision SFT,8-43,0,5,99.71133431621975,100.0,86.114501953125,1
sft,DeepSeek-Revision SFT,8-43,1,1,93.75530261031417,100.0,73.876953125,1
sft,DeepSeek-Revision SFT,8-43,1,2,98.46967109025846,100.0,83.67919921875,1
sft,DeepSeek-Revision SFT,8-43,1,3,99.27712380834548,100.0,84.5947265625,1
sft,DeepSeek-Revision SFT,8-43,1,4,99.5031749435826,95.0,85.24169921875,1
sft,DeepSeek-Revision SFT,8-43,1,5,99.60078985199428,100.0,85.302734375,1
sft,DeepSeek-Revision SFT,8-43,2,1,93.59471576772323,100.0,28.90625,0
sft,DeepSeek-Revision SFT,8-43,2,2,99.73145900335876,100.0,6.640625,0
sft,DeepSeek-Revision SFT,8-43,2,3,99.9503249105088,95.0,0.390625,0
sft,DeepSeek-Revision SFT,8-43,2,4,99.97863501023652,100.0,-0.78125,0
sft,DeepSeek-Revision SFT,8-43,2,5,99.98704147866401,100.0,-1.5625,0
sft,DeepSeek-Revision SFT,485,0,1,94.01794630664106,100.0,29.8828125,0
sft,DeepSeek-Revision SFT,485,0,2,98.60116613494839,100.0,38.671875,1
sft,DeepSeek-Revision SFT,485,0,3,99.31826282138498,95.0,45.60546875,1
sft,DeepSeek-Revision SFT,485,0,4,99.57337977486978,100.0,47.55859375,1
sft,DeepSeek-Revision SFT,485,0,5,99.65720101871554,100.0,49.31640625,1
sft,DeepSeek-Revision SFT,485,1,1,93.8038992309468,100.0,12.5,0
sft,DeepSeek-Revision SFT,485,1,2,98.35819674093173,100.0,13.28125,0
sft,DeepSeek-Revision SFT,485,1,3,99.24832769453317,100.0,13.28125,0
sft,DeepSeek-Revision SFT,485,1,4,99.49927829637052,100.0,15.625,0
sft,DeepSeek-Revision SFT,485,1,5,99.59765880799768,100.0,18.75,0
sft,DeepSeek-Revision SFT,485,2,1,82.75783761062472,100.0,-8.59375,0
sft,DeepSeek-Revision SFT,485,2,2,95.64049863067055,95.0,-17.96875,0
sft,DeepSeek-Revision SFT,485,2,3,98.2108642429147,95.0,-21.09375,0
sft,DeepSeek-Revision SFT,485,2,4,99.10036604406056,95.0,-21.875,0
sft,DeepSeek-Revision SFT,485,2,5,99.5031749435826,100.0,-21.875,0
sft,DeepSeek-Revision SFT,7-93,0,1,95.13662478286872,100.0,-5.859375,0
sft,DeepSeek-Revision SFT,7-93,0,2,98.58467712399509,100.0,-6.25,0
sft,DeepSeek-Revision SFT,7-93,0,3,99.19357333380363,100.0,-6.25,0
sft,DeepSeek-Revision SFT,7-93,0,4,99.44575159819209,100.0,-6.25,0
sft,DeepSeek-Revision SFT,7-93,0,5,99.56835091065592,100.0,-6.25,0
sft,DeepSeek-Revision SFT,7-93,1,1,97.32466010457031,95.0,3.515625,0
sft,DeepSeek-Revision SFT,7-93,1,2,99.4030509806813,95.0,8.59375,0
sft,DeepSeek-Revision SFT,7-93,1,3,99.75881079343023,95.0,13.28125,0
sft,DeepSeek-Revision SFT,7-93,1,4,99.86680266971896,95.0,19.921875,0
sft,DeepSeek-Revision SFT,7-93,1,5,99.90554894961356,95.0,25.390625,0
sft,DeepSeek-Revision SFT,7-93,2,1,96.98026165776815,100.0,21.875,0
sft,DeepSeek-Revision SFT,7-93,2,2,99.67161868956865,100.0,48.4375,1
sft,DeepSeek-Revision SFT,7-93,2,3,99.88291203792087,100.0,59.1796875,1
sft,DeepSeek-Revision SFT,7-93,2,4,99.9220026021707,100.0,66.6015625,1
sft,DeepSeek-Revision SFT,7-93,2,5,99.93925556549301,100.0,66.9921875,1
sft,DeepSeek-Revision SFT,7-93,3,1,94.46209927474183,100.0,35.15625,0
sft,DeepSeek-Revision SFT,7-93,3,2,99.87376808915297,95.0,13.28125,0
sft,DeepSeek-Revision SFT,7-93,3,3,99.97590821821738,95.0,4.6875,0
sft,DeepSeek-Revision SFT,7-93,3,4,99.98930933663891,95.0,0.390625,0
sft,DeepSeek-Revision SFT,7-93,3,5,99.99390864363187,95.0,-1.5625,0
sft,DeepSeek-Revision SFT,7-93,4,1,94.2358681017388,100.0,85.9375,1
sft,DeepSeek-Revision SFT,7-93,4,2,98.79177231708358,95.0,93.2769775390625,1
sft,DeepSeek-Revision SFT,7-93,4,3,99.26717286639763,95.0,93.4173583984375,1
sft,DeepSeek-Revision SFT,7-93,4,4,99.42927365449451,100.0,93.206787109375,1
sft,DeepSeek-Revision SFT,7-93,4,5,99.51183188720063,100.0,93.2708740234375,1
sft,DeepSeek-Revision SFT,9-110,0,1,93.41715474803814,100.0,0.0,0
sft,DeepSeek-Revision SFT,9-110,0,2,98.53116868469742,100.0,0.0,0
sft,DeepSeek-Revision SFT,9-110,0,3,99.38770001133592,100.0,0.0,0
sft,DeepSeek-Revision SFT,9-110,0,4,99.55203175868951,100.0,0.0,0
sft,DeepSeek-Revision SFT,9-110,0,5,99.62862128393354,100.0,0.0,0
sft,DeepSeek-Revision SFT,9-110,1,1,83.15725187218158,100.0,0.390625,0
sft,DeepSeek-Revision SFT,9-110,1,2,93.30041766772024,100.0,0.390625,0
sft,DeepSeek-Revision SFT,9-110,1,3,96.1225792168278,95.0,0.390625,0
sft,DeepSeek-Revision SFT,9-110,1,4,97.0731692392864,95.0,0.390625,0
sft,DeepSeek-Revision SFT,9-110,1,5,97.64822541439909,100.0,0.390625,0
sft,DeepSeek-Revision SFT,970,0,1,93.85211766967733,100.0,84.423828125,1
sft,DeepSeek-Revision SFT,970,0,2,98.44557191654607,100.0,88.31787109375,1
sft,DeepSeek-Revision SFT,970,0,3,99.26574016473505,100.0,88.9892578125,1
sft,DeepSeek-Revision SFT,970,0,4,99.52592621934599,100.0,89.07470703125,1
sft,DeepSeek-Revision SFT,970,0,5,99.64215033609771,100.0,89.17236328125,1
sft,DeepSeek-Revision SFT,970,1,1,98.8977454358685,100.0,59.9609375,1
sft,DeepSeek-Revision SFT,970,1,2,99.88739760730738,100.0,80.322265625,1
sft,DeepSeek-Revision SFT,970,1,3,99.96873144484385,95.0,85.693359375,1
sft,DeepSeek-Revision SFT,970,1,4,99.9832631484994,100.0,86.328125,1
sft,DeepSeek-Revision SFT,970,1,5,99.98849694140291,100.0,86.328125,1
sft,DeepSeek-Revision SFT,970,2,1,97.94071736650012,100.0,69.140625,1
sft,DeepSeek-Revision SFT,970,2,2,99.74624659094374,100.0,83.88671875,1
sft,DeepSeek-Revision SFT,970,2,3,99.86835446562023,95.0,86.572265625,1
sft,DeepSeek-Revision SFT,970,2,4,99.90062873722515,90.0,87.109375,1
sft,DeepSeek-Revision SFT,970,2,5,99.92260958273616,90.0,87.2314453125,1
sft,DeepSeek-Revision SFT,970,3,1,84.36203774561758,100.0,28.125,0
sft,DeepSeek-Revision SFT,970,3,2,92.95141818223408,100.0,52.5390625,1
sft,DeepSeek-Revision SFT,970,3,3,95.07929685477889,100.0,57.8125,1
sft,DeepSeek-Revision SFT,970,3,4,95.92059381068981,100.0,65.4296875,1
sft,DeepSeek-Revision SFT,970,3,5,96.34324392539078,100.0,73.53515625,1
sft,DeepSeek-Revision SFT,9-983,0,1,95.09848085828932,100.0,12.109375,0
sft,DeepSeek-Revision SFT,9-983,0,2,98.33234210165125,100.0,42.96875,0
sft,DeepSeek-Revision SFT,9-983,0,3,99.13483047968793,100.0,63.28125,1
sft,DeepSeek-Revision SFT,9-983,0,4,99.40537826435279,95.0,71.484375,1
sft,DeepSeek-Revision SFT,9-983,0,5,99.50704126684549,90.0,77.734375,1
sft,DeepSeek-Revision SFT,9-983,1,1,96.22716602718964,100.0,8.984375,0
sft,DeepSeek-Revision SFT,9-983,1,2,98.91906496903275,95.0,34.765625,0
sft,DeepSeek-Revision SFT,9-983,1,3,99.38410178470487,95.0,42.1875,0
sft,DeepSeek-Revision SFT,9-983,1,4,99.56326276778206,100.0,42.96875,0
sft,DeepSeek-Revision SFT,9-983,1,5,99.62643884916122,100.0,47.8515625,0
sft,DeepSeek-Revision SFT,9-983,2,1,90.94944179438548,95.0,93.61572265625,1
sft,DeepSeek-Revision SFT,9-983,2,2,98.35177090466038,95.0,95.819091796875,1
sft,DeepSeek-Revision SFT,9-983,2,3,99.31291589042385,95.0,96.026611328125,1
sft,DeepSeek-Revision SFT,9-983,2,4,99.59608408909591,95.0,95.965576171875,1
sft,DeepSeek-Revision SFT,9-983,2,5,99.70448880680235,95.0,96.0784912109375,1
sft,DeepSeek-Revision SFT,7-902,0,1,86.49287855248637,100.0,-0.390625,0
sft,DeepSeek-Revision SFT,7-902,0,2,96.74125529636869,100.0,-0.390625,0
sft,DeepSeek-Revision SFT,7-902,0,3,98.55394080352265,100.0,-0.390625,0
sft,DeepSeek-Revision SFT,7-902,0,4,99.09507927790281,100.0,-0.390625,0
sft,DeepSeek-Revision SFT,7-902,0,5,99.29524703301317,100.0,-0.390625,0
sft,DeepSeek-Revision SFT,7-902,1,1,87.96303073535098,100.0,0.390625,0
sft,DeepSeek-Revision SFT,7-902,1,2,95.96812033236124,100.0,0.390625,0
sft,DeepSeek-Revision SFT,7-902,1,3,97.97264358453225,100.0,1.171875,0
sft,DeepSeek-Revision SFT,7-902,1,4,98.60661967136092,100.0,1.953125,0
sft,DeepSeek-Revision SFT,7-902,1,5,98.94822134731076,100.0,2.34375,0
sft,DeepSeek-Revision SFT,7-902,2,1,97.34547976481139,100.0,0.78125,0
sft,DeepSeek-Revision SFT,7-902,2,2,99.61758010175987,95.0,1.5625,0
sft,DeepSeek-Revision SFT,7-902,2,3,99.85484977871872,95.0,1.5625,0
sft,DeepSeek-Revision SFT,7-902,2,4,99.91729589690803,100.0,1.953125,0
sft,DeepSeek-Revision SFT,7-902,2,5,99.94315835663286,100.0,3.125,0
sft,DeepSeek-Revision SFT,1359,0,1,80.57621568074241,100.0,0.0,0
sft,DeepSeek-Revision SFT,1359,0,2,93.59471576772323,100.0,0.0,0
sft,DeepSeek-Revision SFT,1359,0,3,96.72850093021675,100.0,0.390625,0
sft,DeepSeek-Revision SFT,1359,0,4,97.82071179724149,95.0,0.390625,0
sft,DeepSeek-Revision SFT,1359,0,5,98.19330662300617,95.0,0.390625,0
sft,DeepSeek-Revision SFT,1359,1,1,94.57451288603568,100.0,7.8125,0
sft,DeepSeek-Revision SFT,1359,1,2,99.39127721625502,100.0,36.71875,0
sft,DeepSeek-Revision SFT,1359,1,3,99.83616448536678,100.0,54.8828125,1
sft,DeepSeek-Revision SFT,1359,1,4,99.92953522320974,100.0,63.8671875,1
sft,DeepSeek-Revision SFT,1359,1,5,99.95985038043641,100.0,69.3359375,1
sft,DeepSeek-Revision SFT,1359,2,1,91.43110371596812,100.0,9.765625,0
sft,DeepSeek-Revision SFT,1359,2,2,97.26121624727118,100.0,33.984375,0
sft,DeepSeek-Revision SFT,1359,2,3,98.48749996208883,100.0,60.9375,1
sft,DeepSeek-Revision SFT,1359,2,4,99.02345657930053,100.0,71.6796875,1
sft,DeepSeek-Revision SFT,1359,2,5,99.23946721925601,100.0,82.12890625,1
sft,DeepSeek-Revision SFT,1508,0,1,91.22789819655581,100.0,-0.78125,0
sft,DeepSeek-Revision SFT,1508,0,2,97.10726785048675,100.0,-1.171875,0
sft,DeepSeek-Revision SFT,1508,0,3,98.45163205732874,100.0,-1.171875,0
sft,DeepSeek-Revision SFT,1508,0,4,98.86718981378174,100.0,-1.171875,0
sft,DeepSeek-Revision SFT,1508,0,5,99.08976144366872,100.0,-1.171875,0
sft,DeepSeek-Revision SFT,1508,1,1,96.95657755641199,100.0,0.390625,0
sft,DeepSeek-Revision SFT,1508,1,2,99.84847691872879,100.0,0.0,0
sft,DeepSeek-Revision SFT,1508,1,3,99.95921811592765,100.0,0.78125,0
sft,DeepSeek-Revision SFT,1508,1,4,99.98190314864286,100.0,0.390625,0
sft,DeepSeek-Revision SFT,1508,1,5,99.98902370480764,100.0,0.390625,0
sft,DeepSeek-Revision SFT,1508,2,1,94.59566485573767,100.0,-1.5625,0
sft,DeepSeek-Revision SFT,1508,2,2,99.1840674314487,100.0,-1.5625,0
sft,DeepSeek-Revision SFT,1508,2,3,99.72669682367905,100.0,-1.5625,0
sft,DeepSeek-Revision SFT,1508,2,4,99.85371135142367,100.0,-1.5625,0
sft,DeepSeek-Revision SFT,1508,2,5,99.90845490293427,100.0,-1.5625,0
sft,DeepSeek-Revision SFT,1508,3,1,89.25219620042508,100.0,2.734375,0
sft,DeepSeek-Revision SFT,1508,3,2,98.04267951975916,100.0,2.734375,0
sft,DeepSeek-Revision SFT,1508,3,3,99.4392182934183,100.0,3.90625,0
sft,DeepSeek-Revision SFT,1508,3,4,99.77342370873873,100.0,4.6875,0
sft,DeepSeek-Revision SFT,1508,3,5,99.87487268800211,100.0,5.46875,0
sft,DeepSeek-Revision SFT,1508,4,1,92.496823711759,100.0,-0.390625,0
sft,DeepSeek-Revision SFT,1508,4,2,99.43038726652232,100.0,-1.5625,0
sft,DeepSeek-Revision SFT,1508,4,3,99.87290221955654,100.0,-1.5625,0
sft,DeepSeek-Revision SFT,1508,4,4,99.95175912383057,95.0,-1.5625,0
sft,DeepSeek-Revision SFT,1508,4,5,99.967864648565,100.0,-1.171875,0
sft,DeepSeek-Revision SFT,147,0,1,90.27118538437932,100.0,20.1171875,1
sft,DeepSeek-Revision SFT,147,0,2,97.61585144407624,100.0,29.00390625,1
sft,DeepSeek-Revision SFT,147,0,3,98.83805879273979,100.0,28.61328125,1
sft,DeepSeek-Revision SFT,147,0,4,99.24979437173658,100.0,27.83203125,1
sft,DeepSeek-Revision SFT,147,0,5,99.45113783743875,100.0,28.125,1
sft,DeepSeek-Revision SFT,147,1,1,95.11759007045801,100.0,-0.390625,0
sft,DeepSeek-Revision SFT,147,1,2,99.0385964817403,100.0,-1.171875,0
sft,DeepSeek-Revision SFT,147,1,3,99.5598373952161,100.0,4.1015625,0
sft,DeepSeek-Revision SFT,147,1,4,99.71580966283261,100.0,2.34375,0
sft,DeepSeek-Revision SFT,147,1,5,99.79208190773272,100.0,9.375,0
sft,DeepSeek-Revision SFT,147,2,1,85.76147333651494,100.0,42.333984375,1
sft,DeepSeek-Revision SFT,147,2,2,93.68169209356077,100.0,48.291015625,1
sft,DeepSeek-Revision SFT,147,2,3,95.72481902003196,100.0,48.7548828125,1
sft,DeepSeek-Revision SFT,147,2,4,96.67048570502892,100.0,49.560546875,1
sft,DeepSeek-Revision SFT,147,2,5,97.06171394757689,100.0,49.169921875,1
sft,DeepSeek-Revision SFT,147,3,1,96.37170102693061,100.0,18.1640625,0
sft,DeepSeek-Revision SFT,147,3,2,99.61758010175987,100.0,17.3828125,0
sft,DeepSeek-Revision SFT,147,3,3,99.87966624004748,100.0,17.3828125,0
sft,DeepSeek-Revision SFT,147,3,4,99.94135400918455,100.0,16.2109375,0
sft,DeepSeek-Revision SFT,147,3,5,99.96658452169402,100.0,18.5546875,0
sft,DeepSeek-Revision SFT,474,0,1,92.75602429657485,100.0,-4.6875,0
sft,DeepSeek-Revision SFT,474,0,2,99.03483365476032,100.0,-5.078125,0
sft,DeepSeek-Revision SFT,474,0,3,99.68665636460669,100.0,-5.46875,0
sft,DeepSeek-Revision SFT,474,0,4,99.84728850847337,95.0,-5.46875,0
sft,DeepSeek-Revision SFT,474,0,5,99.89504302912556,100.0,-5.46875,0
sft,DeepSeek-Revision SFT,474,1,1,88.99731937834193,100.0,12.890625,0
sft,DeepSeek-Revision SFT,474,1,2,95.48450897102808,100.0,25.0,0
sft,DeepSeek-Revision SFT,474,1,3,97.46703909663293,95.0,34.765625,0
sft,DeepSeek-Revision SFT,474,1,4,98.36459752524158,95.0,37.5,0
sft,DeepSeek-Revision SFT,474,1,5,98.80351398984872,95.0,41.015625,0
sft,DeepSeek-Revision SFT,7-459,0,1,92.46745711008072,100.0,-0.390625,0
sft,DeepSeek-Revision SFT,7-459,0,2,98.60661967136092,100.0,-0.390625,0
sft,DeepSeek-Revision SFT,7-459,0,3,99.51846064359967,95.0,-0.390625,0
sft,DeepSeek-Revision SFT,7-459,0,4,99.75018067290613,95.0,-0.390625,0
sft,DeepSeek-Revision SFT,7-459,0,5,99.83358445142618,95.0,-0.390625,0
sft,DeepSeek-Revision SFT,7-459,1,1,96.49704223971541,100.0,0.0,0
sft,DeepSeek-Revision SFT,7-459,1,2,99.08619887068775,95.0,0.0,0
sft,DeepSeek-Revision SFT,7-459,1,3,99.49535108737557,95.0,0.0,0
sft,DeepSeek-Revision SFT,7-459,1,4,99.64215033609771,95.0,0.0,0
sft,DeepSeek-Revision SFT,7-459,1,5,99.71245971706747,95.0,0.0,0
sft,DeepSeek-Revision SFT,7-459,2,1,96.28565839635523,100.0,-0.390625,0
sft,DeepSeek-Revision SFT,7-459,2,2,99.44791240793252,100.0,-0.390625,0
sft,DeepSeek-Revision SFT,7-459,2,3,99.79689832515253,100.0,-0.390625,0
sft,DeepSeek-Revision SFT,7-459,2,4,99.88427615399782,100.0,-0.390625,0
sft,DeepSeek-Revision SFT,7-459,2,5,99.92046424134224,100.0,-0.390625,0
sft,DeepSeek-Revision SFT,7-163,0,1,98.59569125399786,100.0,69.62890625,1
sft,DeepSeek-Revision SFT,7-163,0,2,99.73198298562482,95.0,76.8798828125,1
sft,DeepSeek-Revision SFT,7-163,0,3,99.90443559051975,95.0,78.594970703125,1
sft,DeepSeek-Revision SFT,7-163,0,4,99.94554904082261,100.0,79.0283203125,1
sft,DeepSeek-Revision SFT,7-163,0,5,99.9625764395375,100.0,79.4281005859375,1
sft,DeepSeek-Revision SFT,7-163,1,1,91.85537919033003,100.0,-8.984375,0
sft,DeepSeek-Revision SFT,7-163,1,2,97.66652706942223,100.0,-14.0625,0
sft,DeepSeek-Revision SFT,7-163,1,3,98.71133385669934,100.0,-12.890625,0
sft,DeepSeek-Revision SFT,7-163,1,4,98.9645276639091,100.0,-13.28125,0
sft,DeepSeek-Revision SFT,7-163,1,5,99.05719170906686,100.0,-13.671875,0
sft,DeepSeek-Revision SFT,7-163,2,1,95.17447186907204,100.0,-17.1875,0
sft,DeepSeek-Revision SFT,7-163,2,2,99.6558593414375,95.0,-17.96875,0
sft,DeepSeek-Revision SFT,7-163,2,3,99.91298761498908,95.0,-19.140625,0
sft,DeepSeek-Revision SFT,7-163,2,4,99.95889825964662,95.0,-19.140625,0
sft,DeepSeek-Revision SFT,7-163,2,5,99.97507053430813,95.0,-18.75,0
sft,DeepSeek-Revision SFT,508,0,1,95.43128179166355,95.0,89.2578125,1
sft,DeepSeek-Revision SFT,508,0,2,98.51675436099855,95.0,90.521240234375,1
sft,DeepSeek-Revision SFT,508,0,3,99.12804487104007,95.0,90.62652587890625,1
sft,DeepSeek-Revision SFT,508,0,4,99.38169122724652,95.0,90.6707763671875,1
sft,DeepSeek-Revision SFT,508,0,5,99.51846064359967,95.0,90.6280517578125,1
sft,DeepSeek-Revision SFT,508,1,1,87.8922945861314,100.0,17.578125,0
sft,DeepSeek-Revision SFT,508,1,2,96.19014145562747,100.0,42.1875,0
sft,DeepSeek-Revision SFT,508,1,3,97.72502955527675,100.0,45.5078125,0
sft,DeepSeek-Revision SFT,508,1,4,98.38680439278437,95.0,49.8046875,1
sft,DeepSeek-Revision SFT,508,1,5,98.70376091382622,100.0,57.03125,1
sft,DeepSeek-Revision SFT,1674,0,1,86.98493300457413,100.0,79.1015625,1
sft,DeepSeek-Revision SFT,1674,0,2,97.8753487187091,100.0,81.8115234375,1
sft,DeepSeek-Revision SFT,1674,0,3,99.14156328231036,100.0,82.0556640625,1
sft,DeepSeek-Revision SFT,1674,0,4,99.46280402881237,100.0,82.2998046875,1
sft,DeepSeek-Revision SFT,1674,0,5,99.61907101565039,100.0,81.84814453125,1
sft,DeepSeek-Revision SFT,1674,1,1,93.24787219224557,100.0,27.734375,0
sft,DeepSeek-Revision SFT,1674,1,2,99.27712380834548,100.0,28.125,0
sft,DeepSeek-Revision SFT,1674,1,3,99.78631820589918,100.0,28.515625,0
sft,DeepSeek-Revision SFT,1674,1,4,99.89585981075292,100.0,31.640625,0
sft,DeepSeek-Revision SFT,1674,1,5,99.9306276783156,100.0,25.78125,0
sft,DeepSeek-Revision SFT,9-440,0,1,92.28882800316833,100.0,58.3984375,1
sft,DeepSeek-Revision SFT,9-440,0,2,97.37640586229477,100.0,86.865234375,1
sft,DeepSeek-Revision SFT,9-440,0,3,98.40870971683945,100.0,86.962890625,1
sft,DeepSeek-Revision SFT,9-440,0,4,98.76070188138064,100.0,88.0859375,1
sft,DeepSeek-Revision SFT,9-440,0,5,98.97258577355836,100.0,88.134765625,1
sft,DeepSeek-Revision SFT,9-440,1,1,90.09865916361737,100.0,17.1875,0
sft,DeepSeek-Revision SFT,9-440,1,2,98.33234210165125,100.0,42.1875,0
sft,DeepSeek-Revision SFT,9-440,1,3,98.98851435473955,100.0,51.3671875,1
sft,DeepSeek-Revision SFT,9-440,1,4,99.28274927549913,100.0,60.546875,1
sft,DeepSeek-Revision SFT,9-440,1,5,99.45859074859143,100.0,60.546875,1
sft,DeepSeek-Revision SFT,9-440,2,1,95.3229377616041,100.0,16.796875,0
sft,DeepSeek-Revision SFT,9-440,2,2,99.14824368984709,100.0,35.9375,0
sft,DeepSeek-Revision SFT,9-440,2,3,99.68665636460669,100.0,54.4921875,1
sft,DeepSeek-Revision SFT,9-440,2,4,99.84244092536804,100.0,63.4765625,1
sft,DeepSeek-Revision SFT,9-440,2,5,99.9102255453942,100.0,68.75,1
sft,DeepSeek-Revision SFT,7-658,0,1,98.76553344686153,100.0,-23.046875,0
sft,DeepSeek-Revision SFT,7-658,0,2,99.83293311938488,100.0,-24.21875,0
sft,DeepSeek-Revision SFT,7-658,0,3,99.9303561627254,100.0,-24.21875,0
sft,DeepSeek-Revision SFT,7-658,0,4,99.95503455908886,100.0,-24.21875,0
sft,DeepSeek-Revision SFT,7-658,0,5,99.96909573454566,100.0,-24.21875,0
sft,DeepSeek-Revision SFT,7-658,1,1,99.52592621934599,100.0,1.953125,0
sft,DeepSeek-Revision SFT,7-658,1,2,99.96873144484385,100.0,6.640625,0
sft,DeepSeek-Revision SFT,7-658,1,3,99.99104140895689,100.0,10.15625,0
sft,DeepSeek-Revision SFT,7-658,1,4,99.99576826123155,100.0,19.140625,0
sft,DeepSeek-Revision SFT,7-658,1,5,99.99743332069303,100.0,17.578125,0
sft,DeepSeek-Revision SFT,7-658,2,1,96.44187868171498,100.0,16.015625,0
sft,DeepSeek-Revision SFT,7-658,2,2,99.29936437063674,100.0,25.9765625,0
sft,DeepSeek-Revision SFT,7-658,2,3,99.70793161648491,100.0,37.109375,1
sft,DeepSeek-Revision SFT,7-658,2,4,99.8114264785673,100.0,41.9921875,1
sft,DeepSeek-Revision SFT,7-658,2,5,99.86203666451433,100.0,46.875,1
sft,DeepSeek-Revision SFT,7-658,3,1,85.67779957075288,100.0,29.296875,0
sft,DeepSeek-Revision SFT,7-658,3,2,97.83767115258408,100.0,38.4765625,1
sft,DeepSeek-Revision SFT,7-658,3,3,99.20452367198375,100.0,31.8359375,1
sft,DeepSeek-Revision SFT,7-658,3,4,99.54675125081631,100.0,25.78125,0
sft,DeepSeek-Revision SFT,7-658,3,5,99.68848699406064,95.0,16.796875,0
sft,DeepSeek-Revision SFT,9-877,0,1,88.86762326086944,100.0,96.0902214050293,1
sft,DeepSeek-Revision SFT,9-877,0,2,96.44187868171498,95.0,96.09062671661377,1
sft,DeepSeek-Revision SFT,9-877,0,3,98.03501878399983,95.0,96.0871696472168,1
sft,DeepSeek-Revision SFT,9-877,0,4,98.51675436099855,95.0,96.08144760131836,1
sft,DeepSeek-Revision SFT,9-877,0,5,98.7703461758537,95.0,96.07372283935547,1
sft,DeepSeek-Revision SFT,9-877,1,1,96.7980373946154,100.0,88.525390625,1
sft,DeepSeek-Revision SFT,9-877,1,2,98.66522340138431,95.0,94.68994140625,1
sft,DeepSeek-Revision SFT,9-877,1,3,99.28554557107125,95.0,95.501708984375,1
sft,DeepSeek-Revision SFT,9-877,1,4,99.50896313081255,95.0,95.6329345703125,1
sft,DeepSeek-Revision SFT,9-877,1,5,99.59291613734345,95.0,95.73516845703125,1
sft,DeepSeek-Revision SFT,9-877,2,1,93.77964837820748,100.0,44.53125,0
sft,DeepSeek-Revision SFT,9-877,2,2,98.84935064908514,100.0,95.4315185546875,1
sft,DeepSeek-Revision SFT,9-877,2,3,99.4392182934183,100.0,95.99151611328125,1
sft,DeepSeek-Revision SFT,9-877,2,4,99.57669975980116,100.0,96.0235595703125,1
sft,DeepSeek-Revision SFT,9-877,2,5,99.63793211749781,100.0,96.01402282714844,1
sft,DeepSeek-Revision SFT,7-671,0,1,90.94944179438548,100.0,3.90625,0
sft,DeepSeek-Revision SFT,7-671,0,2,98.45163205732874,100.0,0.78125,0
sft,DeepSeek-Revision SFT,7-671,0,3,99.26860277254568,95.0,-1.171875,0
sft,DeepSeek-Revision SFT,7-671,0,4,99.4973185270332,100.0,-1.953125,0
sft,DeepSeek-Revision SFT,7-671,0,5,99.58326242174071,100.0,-0.390625,0
sft,DeepSeek-Revision SFT,7-671,1,1,93.9945332104692,95.0,4.6875,0
sft,DeepSeek-Revision SFT,7-671,1,2,98.65999923348592,100.0,11.71875,0
sft,DeepSeek-Revision SFT,7-671,1,3,99.42367285186872,100.0,18.359375,0
sft,DeepSeek-Revision SFT,7-671,1,4,99.62789522606866,100.0,25.78125,0
sft,DeepSeek-Revision SFT,7-671,1,5,99.72776233178617,100.0,29.296875,0
sft,DeepSeek-Revision SFT,9-771,0,1,98.16126757274942,100.0,1.5625,0
sft,DeepSeek-Revision SFT,9-771,0,2,99.91127144947053,100.0,1.5625,0
sft,DeepSeek-Revision SFT,9-771,0,3,99.98140148544361,100.0,1.5625,0
sft,DeepSeek-Revision SFT,9-771,0,4,99.99121468379289,100.0,1.953125,0
sft,DeepSeek-Revision SFT,9-771,0,5,99.99467143636512,100.0,1.5625,0
sft,DeepSeek-Revision SFT,9-771,1,1,97.64822541439909,95.0,1.171875,0
sft,DeepSeek-Revision SFT,9-771,1,2,99.45859074859143,100.0,1.953125,0
sft,DeepSeek-Revision SFT,9-771,1,3,99.7361382042908,100.0,1.953125,0
sft,DeepSeek-Revision SFT,9-771,1,4,99.84965608070225,100.0,1.953125,0
sft,DeepSeek-Revision SFT,9-771,1,5,99.89000603892467,95.0,1.953125,0
sft,DeepSeek-Revision SFT,9-771,2,1,93.32653686393832,100.0,-0.78125,0
sft,DeepSeek-Revision SFT,9-771,2,2,97.79932543022956,100.0,-0.78125,0
sft,DeepSeek-Revision SFT,9-771,2,3,98.66522340138431,100.0,-0.78125,0
sft,DeepSeek-Revision SFT,9-771,2,4,98.9924577635567,100.0,-0.78125,0
sft,DeepSeek-Revision SFT,9-771,2,5,99.19041706907265,100.0,-0.78125,0
sft,DeepSeek-Revision SFT,8-190,0,1,97.23973570007108,100.0,0.78125,0
sft,DeepSeek-Revision SFT,8-190,0,2,99.45647173269467,95.0,0.390625,0
sft,DeepSeek-Revision SFT,8-190,0,3,99.7662314051956,95.0,0.390625,0
sft,DeepSeek-Revision SFT,8-190,0,4,99.8582121799732,95.0,0.390625,0
sft,DeepSeek-Revision SFT,8-190,0,5,99.89297293836408,95.0,0.390625,0
sft,DeepSeek-Revision SFT,8-190,1,1,79.92045900016946,100.0,0.390625,0
sft,DeepSeek-Revision SFT,8-190,1,2,94.33630539693081,100.0,0.0,0
sft,DeepSeek-Revision SFT,8-190,1,3,97.015442675079,100.0,0.0,0
sft,DeepSeek-Revision SFT,8-190,1,4,97.8836319490597,100.0,0.0,0
sft,DeepSeek-Revision SFT,8-190,1,5,98.35177090466038,100.0,0.0,0
sft,DeepSeek-Revision SFT,530,0,1,97.61119035356347,100.0,0.78125,0
sft,DeepSeek-Revision SFT,530,0,2,99.84728850847337,95.0,-0.390625,0
sft,DeepSeek-Revision SFT,530,0,3,99.96138848820767,100.0,-0.78125,0
sft,DeepSeek-Revision SFT,530,0,4,99.98176121327853,95.0,0.0,0
sft,DeepSeek-Revision SFT,530,0,5,99.99023748096502,95.0,-0.390625,0
sft,DeepSeek-Revision SFT,530,1,1,87.67758223527625,100.0,7.03125,0
sft,DeepSeek-Revision SFT,530,1,2,97.20719857796341,100.0,4.6875,0
sft,DeepSeek-Revision SFT,530,1,3,98.40870971683945,100.0,3.90625,0
sft,DeepSeek-Revision SFT,530,1,4,98.9063232489395,100.0,5.46875,0
sft,DeepSeek-Revision SFT,530,1,5,99.09331012749392,100.0,5.46875,0
sft,DeepSeek-Revision SFT,530,2,1,96.0306288327751,100.0,2.734375,0
sft,DeepSeek-Revision SFT,530,2,2,99.31022671925284,100.0,3.90625,0
sft,DeepSeek-Revision SFT,530,2,3,99.7298809021281,95.0,4.6875,0
sft,DeepSeek-Revision SFT,530,2,4,99.85082606636442,95.0,5.078125,0
sft,DeepSeek-Revision SFT,530,2,5,99.89747435473718,95.0,8.59375,0
sft,DeepSeek-Revision SFT,530,3,1,96.24920783757062,100.0,-0.78125,0
sft,DeepSeek-Revision SFT,530,3,2,99.31693000230055,100.0,-1.5625,0
sft,DeepSeek-Revision SFT,530,3,3,99.72401477271079,100.0,-1.953125,0
sft,DeepSeek-Revision SFT,530,3,4,99.83260649802133,100.0,-2.34375,0
sft,DeepSeek-Revision SFT,530,3,5,99.86963380957795,100.0,-2.34375,0
sft,DeepSeek-Revision SFT,7-107,0,1,92.04404912817724,100.0,37.646484375,1
sft,DeepSeek-Revision SFT,7-107,0,2,98.25230952808853,100.0,42.32177734375,1
sft,DeepSeek-Revision SFT,7-107,0,3,99.06452870139563,100.0,43.1396484375,1
sft,DeepSeek-Revision SFT,7-107,0,4,99.39601433454051,100.0,42.61474609375,1
sft,DeepSeek-Revision SFT,7-107,0,5,99.49927829637052,100.0,42.6025390625,1
sft,DeepSeek-Revision SFT,7-107,1,1,83.02515256139138,100.0,-26.3671875,0
sft,DeepSeek-Revision SFT,7-107,1,2,96.81052066378429,100.0,-20.8984375,0
sft,DeepSeek-Revision SFT,7-107,1,3,98.86275612007152,100.0,-20.1171875,0
sft,DeepSeek-Revision SFT,7-107,1,4,99.37195428087661,100.0,-21.2890625,0
sft,DeepSeek-Revision SFT,7-107,1,5,99.59450320691865,100.0,-21.2890625,0
sft,DeepSeek-Revision SFT,7-107,2,1,87.77347605110441,100.0,-13.4765625,0
sft,DeepSeek-Revision SFT,7-107,2,2,98.2108642429147,100.0,-6.8359375,0
sft,DeepSeek-Revision SFT,7-107,2,3,99.25417725482238,100.0,-7.6171875,0
sft,DeepSeek-Revision SFT,7-107,2,4,99.54763563833873,100.0,-8.0078125,0
sft,DeepSeek-Revision SFT,7-107,2,5,99.69866037076939,100.0,-7.6171875,0
sft,DeepSeek-Revision SFT,8-393,0,1,76.97869282526385,100.0,0.0,0
sft,DeepSeek-Revision SFT,8-393,0,2,90.55207457189076,100.0,0.390625,0
sft,DeepSeek-Revision SFT,8-393,0,3,94.1793019990428,100.0,1.171875,0
sft,DeepSeek-Revision SFT,8-393,0,4,95.67442453948122,95.0,2.34375,0
sft,DeepSeek-Revision SFT,8-393,0,5,96.52430247327771,100.0,4.296875,0
sft,DeepSeek-Revision SFT,8-393,1,1,97.90828838369013,100.0,0.0,0
sft,DeepSeek-Revision SFT,8-393,1,2,99.87039544045545,95.0,0.0,0
sft,DeepSeek-Revision SFT,8-393,1,3,99.97197104830818,95.0,0.0,0
sft,DeepSeek-Revision SFT,8-393,1,4,99.98831579458827,95.0,0.0,0
sft,DeepSeek-Revision SFT,8-393,1,5,99.9929131711834,95.0,0.0,0
sft,DeepSeek-Revision SFT,948,0,1,93.00627068111767,100.0,4.6875,0
sft,DeepSeek-Revision SFT,948,0,2,98.55676238154652,100.0,7.8125,0
sft,DeepSeek-Revision SFT,948,0,3,99.41687928981989,100.0,9.375,0
sft,DeepSeek-Revision SFT,948,0,4,99.63509238390002,100.0,9.375,0
sft,DeepSeek-Revision SFT,948,0,5,99.72455328030033,100.0,7.03125,0
sft,DeepSeek-Revision SFT,948,1,1,89.50116880728385,100.0,17.96875,0
sft,DeepSeek-Revision SFT,948,1,2,97.26121624727118,95.0,26.5625,0
sft,DeepSeek-Revision SFT,948,1,3,98.62285304389418,90.0,32.03125,0
sft,DeepSeek-Revision SFT,948,1,4,99.02345657930053,95.0,34.765625,0
sft,DeepSeek-Revision SFT,948,1,5,99.23946721925601,95.0,29.6875,0
sft,DeepSeek-Revision SFT,948,2,1,97.52571507276188,100.0,7.421875,0
sft,DeepSeek-Revision SFT,948,2,2,99.75501261609091,100.0,5.46875,0
sft,DeepSeek-Revision SFT,948,2,3,99.92758186764189,95.0,3.125,0
sft,DeepSeek-Revision SFT,948,2,4,99.96123736702333,100.0,4.6875,0
sft,DeepSeek-Revision SFT,948,2,5,99.97335885793743,100.0,5.46875,0
