run,run_label,id,question,step_idx,n_steps_in_cot,cot_step,options,correct,before_pred_idx,after_pred_idx,before_pred,after_pred,before_correct,after_correct,prediction_flipped,efficacy_pct,cot_efficacy_pct,specificity_pct,original_answer_mass_shift,correct_mass_shift,total_variation,entropy_before,entropy_after,entropy_delta,before_original_prob,after_original_prob,before_correct_prob,after_correct_prob,before_probs_sum,after_probs_sum,before_A,after_A,delta_A,before_B,after_B,delta_B,before_C,after_C,delta_C,before_D,after_D,delta_D
full,Full FUR,9-227,The surface of the moon contains,0,5,Step 1: The question is asking about the surface of the moon.,A): dogs | B): water | C): high peaks | D): humans,C,2,1,C,B,True,False,True,90.91401891111842,34.928758941813406,100.0,0.29286170989851523,0.29286170989851523,0.30782986590497746,1.0769008488837306,1.0652332548319166,-0.011667594051814056,0.4521150763731223,0.15925336647460706,0.4521150763731223,0.15925336647460706,1.0,1.0,0.007307759302921603,0.013072312212974486,0.005764552910052883,0.18846959604088984,0.4905349090358144,0.30206531299492456,0.4521150763731223,0.15925336647460706,-0.29286170989851523,0.3521075682830662,0.33713941227660404,-0.014968156006462174
full,Full FUR,9-227,The surface of the moon contains,1,5,Step 2: We know that the moon is a natural satellite that orbits the Earth.,A): dogs | B): water | C): high peaks | D): humans,C,2,2,C,C,True,True,False,80.46207036095238,38.871226136454936,100.0,-0.033885491301514525,-0.033885491301514525,0.057333333988174875,1.0769008488837306,1.102329727483353,0.025428878599622395,0.4521150763731223,0.48600056767463684,0.4521150763731223,0.48600056767463684,1.0,1.0,0.007307759302921603,0.01663002371788025,0.009322264414958646,0.18846959604088984,0.20259517431259155,0.014125578271701716,0.4521150763731223,0.48600056767463684,0.033885491301514525,0.3521075682830662,0.29477423429489136,-0.05733333398817486
full,Full FUR,9-227,The surface of the moon contains,2,5,"Step 3: The surface of the moon is known to be rocky and barren, with no liquid water present.",A): dogs | B): water | C): high peaks | D): humans,C,2,2,C,C,True,True,False,84.42300438268767,50.10814884135281,100.0,-0.3964870302509508,-0.3964870302509508,0.3964870302509507,1.0769008488837306,0.4989323477076604,-0.5779685011760702,0.4521150763731223,0.8486021066240731,0.4521150763731223,0.8486021066240731,1.0,1.0,0.007307759302921603,0.005717836256498438,-0.0015899230464231648,0.18846959604088984,0.015542689537152392,-0.17292690650373743,0.4521150763731223,0.8486021066240731,0.3964870302509508,0.3521075682830662,0.1301373675822761,-0.22197020070079013
full,Full FUR,9-227,The surface of the moon contains,3,5,Step 4: There are no known dogs or humans on the moon's surface.,A): dogs | B): water | C): high peaks | D): humans,C,2,1,C,B,True,False,True,95.70808643477497,50.496410307380145,90.0,0.3683336166872385,0.3683336166872385,0.4305962939593624,1.0769008488837306,0.8894682999848592,-0.1874325488988714,0.4521150763731223,0.08378145968588381,0.4521150763731223,0.08378145968588381,1.0,1.0,0.007307759302921603,0.004726626049378902,-0.002581133253542701,0.18846959604088984,0.6190658900002523,0.4305962939593624,0.4521150763731223,0.08378145968588381,-0.3683336166872385,0.3521075682830662,0.292426024264485,-0.05968154401858122
full,Full FUR,9-227,The surface of the moon contains,4,5,"Step 5: The moon's surface is characterized by its rugged terrain, craters, and high peaks.",A): dogs | B): water | C): high peaks | D): humans,C,2,1,C,B,True,False,True,93.4556133252925,59.2794578606611,90.0,0.43983951423120776,0.43983951423120776,0.44203005766406,1.0769008488837306,0.7774249565535987,-0.29947589233013194,0.4521150763731223,0.012275562141914578,0.4521150763731223,0.012275562141914578,1.0,1.0,0.007307759302921603,0.005117215870069365,-0.002190543432852238,0.18846959604088984,0.5219701720567623,0.33350057601587246,0.4521150763731223,0.012275562141914578,-0.43983951423120776,0.3521075682830662,0.46063704993125376,0.10852948164818754
full,Full FUR,359,What is a more comfortable color to have for your automobile upholstery if living in a desert?,0,5,Step 1:  The question is asking for a more comfortable color for automobile upholstery when living in a desert.,A): ecru | B): red | C): black | D): navy,A,0,0,A,A,True,True,False,90.32802347705311,44.014537378585615,100.0,-0.00038349321649056023,-0.00038349321649056023,0.00997847266167175,0.6541147400285655,0.6598808974219611,0.005766157393395588,0.8009574771355454,0.801340970352036,0.8009574771355454,0.801340970352036,1.0,1.0,0.8009574771355454,0.801340970352036,0.00038349321649056023,0.04518693515003928,0.03520846248836755,-0.009978472661671726,0.1391855391495916,0.13925216625157932,6.662710198773736e-05,0.014670048564823653,0.02419840090801713,0.009528352343193476
full,Full FUR,359,What is a more comfortable color to have for your automobile upholstery if living in a desert?,1,5,"Step 2:  In a desert environment, the sun's rays are intense, and the temperature can be very high.",A): ecru | B): red | C): black | D): navy,A,0,2,A,C,True,False,True,83.15725187218158,48.01925762804746,100.0,0.4089259834119183,0.4089259834119183,0.4089259834119184,0.6541147400285655,1.1106710277642138,0.45655628773564827,0.8009574771355454,0.3920314937236271,0.8009574771355454,0.3920314937236271,1.0,1.0,0.8009574771355454,0.3920314937236271,-0.4089259834119183,0.04518693515003928,0.12727399265225225,0.08208705750221298,0.1391855391495916,0.44422990414671526,0.3050443649971237,0.014670048564823653,0.03646460947740532,0.021794560912581668
full,Full FUR,359,What is a more comfortable color to have for your automobile upholstery if living in a desert?,2,5,Step 3:  A color that reflects sunlight and heat would be more comfortable for the occupants of the vehicle.,A): ecru | B): red | C): black | D): navy,A,0,2,A,C,True,False,True,90.84275667822239,50.20549876391658,100.0,0.6884430872706595,0.6884430872706595,0.6884430872706595,0.6541147400285655,1.0356546202009862,0.3815398801724207,0.8009574771355454,0.11251438986488596,0.8009574771355454,0.11251438986488596,1.0,1.0,0.8009574771355454,0.11251438986488596,-0.6884430872706595,0.04518693515003928,0.1274955104664637,0.08230857531642444,0.1391855391495916,0.6474757098037643,0.5082901706541727,0.014670048564823653,0.11251438986488596,0.09784434130006231
full,Full FUR,359,What is a more comfortable color to have for your automobile upholstery if living in a desert?,3,5,"Step 4:  Among the given options, ecru (a light beige color) is known for its ability to reflect sunlight and heat, making it a more comfortable choice for a desert environment.",A): ecru | B): red | C): black | D): navy,A,0,2,A,C,True,False,True,81.9303689606251,55.364497569687984,95.0,0.7458031916324305,0.7458031916324305,0.7458031916324304,0.6541147400285655,0.9623046914897477,0.3081899514611822,0.8009574771355454,0.05515428550311498,0.8009574771355454,0.05515428550311498,1.0,1.0,0.8009574771355454,0.05515428550311498,-0.7458031916324305,0.04518693515003928,0.10304177398917416,0.057854838839134885,0.1391855391495916,0.6719167728436474,0.5327312336940557,0.014670048564823653,0.16988716766406345,0.1552171190992398
full,Full FUR,359,What is a more comfortable color to have for your automobile upholstery if living in a desert?,4,5,"Step 5:  Therefore, the best answer is (A): ecru.",A): ecru | B): red | C): black | D): navy,A,0,2,A,C,True,False,True,83.28832317797944,35.05572717672616,95.0,0.5565427994169356,0.5565427994169356,0.5565427994169357,0.6541147400285655,1.075042357325165,0.42092761729659955,0.8009574771355454,0.2444146777186098,0.8009574771355454,0.2444146777186098,1.0,1.0,0.8009574771355454,0.2444146777186098,-0.5565427994169356,0.04518693515003928,0.0793498250696769,0.034162889919637625,0.1391855391495916,0.5863203537386735,0.44713481458908194,0.014670048564823653,0.08991514347303979,0.07524509490821614
full,Full FUR,7-157,Ocean water contains,0,5,Step 1:  Ocean water is primarily composed of water (H2O).,A): copious amounts of seltzer | B): scant amounts of sodium chloride | C): scant amounts of carbonation | D): copious amounts of the combination of Na and Cl,D,3,3,D,D,True,True,False,92.16739471370042,42.237368024568276,95.0,-0.15975598858802198,-0.15975598858802198,0.15975598858802195,0.49939210213067864,0.07493271531861356,-0.4244593868120651,0.8281650346308392,0.9879210232188612,0.8281650346308392,0.9879210232188612,1.0,1.0,0.00383516535951738,0.0023004452783954013,-0.0015347200811219788,0.16307535063396153,0.008547191713089297,-0.15452815892087224,0.004924449375681816,0.0012313397896541278,-0.0036931095860276886,0.8281650346308392,0.9879210232188612,0.15975598858802198
full,Full FUR,7-157,Ocean water contains,1,5,"Step 2:  The primary components of ocean water are hydrogen and oxygen, not sodium (Na) or chloride (Cl).",A): copious amounts of seltzer | B): scant amounts of sodium chloride | C): scant amounts of carbonation | D): copious amounts of the combination of Na and Cl,D,3,3,D,D,True,True,False,87.91591936968007,52.85551378008903,90.0,-0.13007703037015528,-0.13007703037015528,0.13007703037015528,0.49939210213067864,0.19103185051728366,-0.308360251613395,0.8281650346308392,0.9582420650009945,0.8281650346308392,0.9582420650009945,1.0,1.0,0.00383516535951738,0.0028650919162255184,-0.0009700734432918617,0.16307535063396153,0.037155077103605064,-0.12592027353035645,0.004924449375681816,0.0017377659791748615,-0.003186683396506955,0.8281650346308392,0.9582420650009945,0.13007703037015528
full,Full FUR,7-157,Ocean water contains,2,5,"Step 3:  Sodium chloride (NaCl), commonly known as table salt, is not a primary component of ocean water.",A): copious amounts of seltzer | B): scant amounts of sodium chloride | C): scant amounts of carbonation | D): copious amounts of the combination of Na and Cl,D,3,3,D,D,True,True,False,74.8146132362621,48.22191133722471,95.0,0.034461515629275796,0.034461515629275796,0.037604314909857085,0.49939210213067864,0.5386139290163333,0.039221826885654676,0.8281650346308392,0.7937035190015634,0.8281650346308392,0.7937035190015634,1.0,1.0,0.00383516535951738,0.0032436848608147243,-0.0005914804987026557,0.16307535063396153,0.20067966554381866,0.037604314909857134,0.004924449375681816,0.00237313059380323,-0.0025513187818785865,0.8281650346308392,0.7937035190015634,-0.034461515629275796
full,Full FUR,7-157,Ocean water contains,3,5,"Step 4:  Ocean water does contain sodium and chloride ions, but in very small amounts compared to the overall composition of the water.",A): copious amounts of seltzer | B): scant amounts of sodium chloride | C): scant amounts of carbonation | D): copious amounts of the combination of Na and Cl,D,3,1,D,B,True,False,True,82.75783761062472,52.113096149628845,95.0,0.8236028886843872,0.8236028886843872,0.824670972955192,0.49939210213067864,0.09240876188139518,-0.40698334024928345,0.8281650346308392,0.004562145946452038,0.8281650346308392,0.004562145946452038,1.0,0.9999999999999999,0.00383516535951738,0.0027670810887125774,-0.0010680842708048026,0.16307535063396153,0.9851490674012395,0.822073716767278,0.004924449375681816,0.007521705563595812,0.002597256187913995,0.8281650346308392,0.004562145946452038,-0.8236028886843872
full,Full FUR,7-157,Ocean water contains,4,5,"Step 5:  Therefore, the correct answer is (B): scant amounts of sodium chloride.",A): copious amounts of seltzer | B): scant amounts of sodium chloride | C): scant amounts of carbonation | D): copious amounts of the combination of Na and Cl,D,3,1,D,B,True,False,True,79.8418698987313,27.54942820630322,100.0,0.7962083269466693,0.7962083269466693,0.7978688111523546,0.49939210213067864,0.2972649490845498,-0.20212715304612883,0.8281650346308392,0.03195670768416988,0.8281650346308392,0.03195670768416988,1.0,1.0,0.00383516535951738,0.0021746811538320573,-0.0016604842056853228,0.16307535063396153,0.9339119034778282,0.7708365528438667,0.004924449375681816,0.03195670768416988,0.027032258308488065,0.8281650346308392,0.03195670768416988,-0.7962083269466693
full,Full FUR,9-163,A Mola Mola might live where?,0,6,"Step 1: A Mola Mola is a type of fish, and we need to consider where they might live.",A): Lake Michigan | B): The Mississippi River | C): Bay of Bengal | D): Lake Eerie,C,1,1,B,B,False,False,False,84.66450331550716,39.5833979234632,95.0,-0.057746366229484036,-0.029601295197900918,0.09851183686258558,1.2516164268620407,1.2462630488664597,-0.005353377995580999,0.33868745221709795,0.396433818446582,0.058855049750619004,0.08845634494851992,1.0,1.0,0.26377004581518504,0.1652582089525995,-0.09851183686258555,0.33868745221709795,0.396433818446582,0.057746366229484036,0.058855049750619004,0.08845634494851992,0.029601295197900918,0.33868745221709795,0.3498516276522986,0.011164175435200652
full,Full FUR,9-163,A Mola Mola might live where?,1,6,"Step 2: Mola Mola, also known as ocean sunfish, are found in temperate and tropical waters around the world.",A): Lake Michigan | B): The Mississippi River | C): Bay of Bengal | D): Lake Eerie,C,1,3,B,D,False,False,True,87.77347605110441,48.12068343461107,100.0,0.06616014494514055,-0.10644113228578084,0.11768569501085205,1.2516164268620407,1.3482426152789757,0.09662618841693504,0.33868745221709795,0.2725273072719574,0.058855049750619004,0.16529618203639984,1.0,1.0,0.26377004581518504,0.21224449574947357,-0.05152555006571147,0.33868745221709795,0.2725273072719574,-0.06616014494514055,0.058855049750619004,0.16529618203639984,0.10644113228578084,0.33868745221709795,0.3499320149421692,0.011244562725071239
full,Full FUR,9-163,A Mola Mola might live where?,2,6,"Step 3: They are known to inhabit the open ocean, but they can also be found in coastal waters and seas.",A): Lake Michigan | B): The Mississippi River | C): Bay of Bengal | D): Lake Eerie,C,1,3,B,D,False,False,True,92.10596282906023,43.24385479849756,90.0,0.02188499450312703,-0.07320787123417427,0.09350463491808383,1.2516164268620407,1.3162340813485518,0.06461765448651113,0.33868745221709795,0.3168024577139709,0.058855049750619004,0.13206292098479328,1.0,1.0,0.26377004581518504,0.19215040540022826,-0.07161964041495678,0.33868745221709795,0.3168024577139709,-0.02188499450312703,0.058855049750619004,0.13206292098479328,0.07320787123417427,0.33868745221709795,0.35898421590100754,0.02029676368390959
full,Full FUR,9-163,A Mola Mola might live where?,3,6,"Step 4: Considering the options, we can eliminate (A) Lake Michigan, as it is a freshwater lake, and Mola Mola are saltwater fish.",A): Lake Michigan | B): The Mississippi River | C): Bay of Bengal | D): Lake Eerie,C,1,1,B,B,False,False,False,80.07671922793611,40.75196078866321,90.0,-0.14908592659284275,0.00744411555003309,0.14908592659284273,1.2516164268620407,1.1791907095013219,-0.07242571736071879,0.33868745221709795,0.4877733788099407,0.058855049750619004,0.051410934200585914,1.0,1.0,0.26377004581518504,0.2304078434947367,-0.03336220232044834,0.33868745221709795,0.4877733788099407,0.14908592659284275,0.058855049750619004,0.051410934200585914,-0.00744411555003309,0.33868745221709795,0.2304078434947367,-0.10827960872236125
full,Full FUR,9-163,A Mola Mola might live where?,4,6,"Step 5: We can also eliminate (B) The Mississippi River, as it is a freshwater river, and Mola Mola are not typically found in rivers.",A): Lake Michigan | B): The Mississippi River | C): Bay of Bengal | D): Lake Eerie,C,1,1,B,B,False,False,False,82.00081577585891,36.436132617394804,95.0,-0.34172369256674584,-0.045489382953283586,0.38721307552002937,1.2516164268620407,0.9711077938161959,-0.2805086330458447,0.33868745221709795,0.6804111447838438,0.058855049750619004,0.10434443270390259,1.0,1.0,0.26377004581518504,0.13398089705450317,-0.12978914876068187,0.33868745221709795,0.6804111447838438,0.34172369256674584,0.058855049750619004,0.10434443270390259,0.045489382953283586,0.33868745221709795,0.08126352545775044,-0.2574239267593475
full,Full FUR,9-163,A Mola Mola might live where?,5,6,Step 6: Option (C) Bay of Bengal is a possibility,A): Lake Michigan | B): The Mississippi River | C): Bay of Bengal | D): Lake Eerie,C,1,3,B,D,False,False,True,93.97102847802987,30.732024458652063,90.0,0.11658029841558454,-0.07585973047998093,0.20737310791482239,1.2516164268620407,1.2625464416512162,0.010930014789175546,0.33868745221709795,0.2221071538015134,0.058855049750619004,0.13471478023059993,1.0,1.0,0.26377004581518504,0.17297723631594722,-0.09079280949923782,0.33868745221709795,0.2221071538015134,-0.11658029841558454,0.058855049750619004,0.13471478023059993,0.07585973047998093,0.33868745221709795,0.47020082965193943,0.13151337743484148
full,Full FUR,8-35,which of these would stop a car quicker?,1,11,**Brake Pads' Role**: Brake pads are crucial for stopping a car.,A): a wheel with wet brake pads | B): a wheel without brake pads | C): a wheel with worn brake pads | D): a wheel with dry brake pads,D,0,0,A,A,False,False,False,98.05031038914021,47.406525085787756,95.0,0.08970678785233521,-0.12488456207594804,0.14507818895119906,1.0411635449708927,1.1711604386518661,0.12999689368097345,0.6072101917619918,0.5175034039096565,0.11956677796393135,0.2444513400398794,1.0,1.0,0.6072101917619918,0.5175034039096565,-0.08970678785233521,0.04984284714566854,0.07003647402091953,0.02019362687525099,0.22338018312840835,0.1680087820295445,-0.05537140109886385,0.11956677796393135,0.2444513400398794,0.12488456207594804
full,Full FUR,8-35,which of these would stop a car quicker?,2,11,They work by pressing against the brake rotor (or drum) to slow down the vehicle.,A): a wheel with wet brake pads | B): a wheel without brake pads | C): a wheel with worn brake pads | D): a wheel with dry brake pads,D,0,0,A,A,False,False,False,97.55454136530511,47.406525085787756,100.0,-0.0731411023563171,-0.01440233077510951,0.08754343313142662,1.0411635449708927,0.9321742439546608,-0.10898930101623194,0.6072101917619918,0.6803512941183089,0.11956677796393135,0.13396910873904086,1.0,1.0,0.6072101917619918,0.6803512941183089,0.0731411023563171,0.04984284714566854,0.033872696366704,-0.01597015077896454,0.22338018312840835,0.15180690077594627,-0.07157328235246208,0.11956677796393135,0.13396910873904086,0.01440233077510951
full,Full FUR,8-35,which of these would stop a car quicker?,3,11,The effectiveness of brake pads in stopping a car depends on their condition and the presence of sufficient friction.,A): a wheel with wet brake pads | B): a wheel without brake pads | C): a wheel with worn brake pads | D): a wheel with dry brake pads,D,0,2,A,C,False,False,True,92.8683317302242,37.05385239078417,95.0,0.4099536836800136,0.013982982686635975,0.46511266808326146,1.0411635449708927,0.8557080440039362,-0.1854555009669565,0.6072101917619918,0.19725650808197814,0.11956677796393135,0.10558379527729538,1.0,1.0,0.6072101917619918,0.19725650808197814,-0.4099536836800136,0.04984284714566854,0.008666845429056656,-0.041176001716611885,0.22338018312840835,0.6884928512116698,0.46511266808326146,0.11956677796393135,0.10558379527729538,-0.013982982686635975
full,Full FUR,8-35,which of these would stop a car quicker?,5,11,"**Effect of Wet Brake Pads**: When brake pads are wet, they lose their effectiveness.",A): a wheel with wet brake pads | B): a wheel without brake pads | C): a wheel with worn brake pads | D): a wheel with dry brake pads,D,0,0,A,A,False,False,False,92.75602429657485,46.15930677045396,90.0,-0.16043148036840305,0.0018451072723927042,0.16043148036840305,1.0411635449708927,0.7726046758173258,-0.26855886915356686,0.6072101917619918,0.7676416721303948,0.11956677796393135,0.11772167069153865,1.0,1.0,0.6072101917619918,0.7676416721303948,0.16043148036840305,0.04984284714566854,0.033727821339605245,-0.016115025806063298,0.22338018312840835,0.08090883583846133,-0.14247134728994704,0.11956677796393135,0.11772167069153865,-0.0018451072723927042
full,Full FUR,8-35,which of these would stop a car quicker?,6,11,"Water reduces the friction between the brake pads and the rotor, making it harder for the car to stop.",A): a wheel with wet brake pads | B): a wheel without brake pads | C): a wheel with worn brake pads | D): a wheel with dry brake pads,D,0,0,A,A,False,False,False,89.25219620042508,48.624851619965014,90.0,0.1631763173409419,-0.043784170602604186,0.1631763173409419,1.0411635449708927,1.2317303533166961,0.19056680834580342,0.6072101917619918,0.44403387442104986,0.11956677796393135,0.16335094856653554,1.0,1.0,0.6072101917619918,0.44403387442104986,-0.1631763173409419,0.04984284714566854,0.08743544342236804,0.0375925962766995,0.22338018312840835,0.3051797335900466,0.08179955046163823,0.11956677796393135,0.16335094856653554,0.043784170602604186
full,Full FUR,8-35,which of these would stop a car quicker?,7,11,"This is because water is a poor conductor of heat, which is necessary for the brake pads to generate the necessary friction to slow down the car.",A): a wheel with wet brake pads | B): a wheel without brake pads | C): a wheel with worn brake pads | D): a wheel with dry brake pads,D,0,0,A,A,False,False,False,91.12449543634658,50.97749095061447,100.0,0.013262673032340744,0.01635417744987333,0.029616850482214085,1.0411635449708927,1.0494398547857808,0.008276309814888139,0.6072101917619918,0.593947518729651,0.11956677796393135,0.10321260051405802,1.0,1.0,0.6072101917619918,0.593947518729651,-0.013262673032340744,0.04984284714566854,0.05524572254632185,0.005402875400653311,0.22338018312840835,0.24759415820996913,0.024213975081560785,0.11956677796393135,0.10321260051405802,-0.01635417744987333
full,Full FUR,8-35,which of these would stop a car quicker?,9,11,"**Effect of Dry Brake Pads**: Dry brake pads, on the other hand, provide better friction than wet ones.",A): a wheel with wet brake pads | B): a wheel without brake pads | C): a wheel with worn brake pads | D): a wheel with dry brake pads,D,0,0,A,A,False,False,False,95.69128836003091,40.17053227007293,100.0,0.16681189102930055,-0.2690833667995442,0.2788419488376408,1.0411635449708927,1.1409662755323196,0.09980273056142686,0.6072101917619918,0.4403983007326912,0.11956677796393135,0.38865014476347554,1.0,1.0,0.6072101917619918,0.4403983007326912,-0.16681189102930055,0.04984284714566854,0.059601429183765174,0.009758582038096632,0.22338018312840835,0.11135012532006809,-0.11203005780834026,0.11956677796393135,0.38865014476347554,0.2690833667995442
full,Full FUR,8-35,which of these would stop a car quicker?,10,11,The dry surface,A): a wheel with wet brake pads | B): a wheel without brake pads | C): a wheel with worn brake pads | D): a wheel with dry brake pads,D,0,0,A,A,False,False,False,99.98511393612355,20.117179991278398,95.0,-0.033967152538283085,0.08339402730041152,0.08339402730041152,1.0411635449708927,0.9578696462201302,-0.08329389875076254,0.6072101917619918,0.6411773443002748,0.11956677796393135,0.036172750663519826,1.0,1.0,0.6072101917619918,0.6411773443002748,0.033967152538283085,0.04984284714566854,0.08677391546268173,0.03693106831701319,0.22338018312840835,0.2358759895735236,0.012495806445115248,0.11956677796393135,0.036172750663519826,-0.08339402730041152
full,Full FUR,530,"When it's flying, a plane has no friction with the",1,12,"When a plane is flying, it is moving through the air.",A): wings | B): ground | C): air | D): clouds,B,2,2,C,C,False,False,False,84.42300438268767,27.76137512014676,90.0,0.04078507147107202,-0.015738843164122593,0.040785071471072035,0.19309830829286168,0.35605587771763225,0.16295756942477058,0.963723772523519,0.922938701052447,0.012131491416901107,0.027870334581023698,0.9999999999999999,1.0,0.006493519885804907,0.024595482183264634,0.018101962297459726,0.012131491416901107,0.027870334581023698,0.015738843164122593,0.963723772523519,0.922938701052447,-0.04078507147107202,0.0176512161737749,0.024595482183264634,0.006944266009489733
full,Full FUR,530,"When it's flying, a plane has no friction with the",3,12,Friction is a force that opposes motion between two surfaces that are in contact.,A): wings | B): ground | C): air | D): clouds,B,2,2,C,C,False,False,False,89.37741190744127,29.709888780025505,90.0,0.06841192218210268,-0.01850439491344797,0.06841192218210268,0.19309830829286168,0.44973200258609003,0.25663369429322835,0.963723772523519,0.8953118503414164,0.012131491416901107,0.030635886330349076,0.9999999999999999,0.9999999999999999,0.006493519885804907,0.039337256954179285,0.03284373706837438,0.012131491416901107,0.030635886330349076,0.01850439491344797,0.963723772523519,0.8953118503414164,-0.06841192218210268,0.0176512161737749,0.034715006374055224,0.017063790200280322
full,Full FUR,530,"When it's flying, a plane has no friction with the",5,12,"Since the plane is flying, it is not in contact with the ground, so there is no friction with the ground.",A): wings | B): ground | C): air | D): clouds,B,2,2,C,C,False,False,False,88.42415978637368,43.29925366691448,95.0,0.041441037763236155,-0.004760706678743945,0.04418494262208503,0.19309830829286168,0.34771816557079893,0.15461985727793726,0.963723772523519,0.9222827347602829,0.012131491416901107,0.01689219809564505,0.9999999999999999,1.0,0.006493519885804907,0.045917755829146,0.039424235943341095,0.012131491416901107,0.01689219809564505,0.004760706678743945,0.963723772523519,0.9222827347602829,-0.041441037763236155,0.0176512161737749,0.014907311314926043,-0.0027439048588488585
full,Full FUR,530,"When it's flying, a plane has no friction with the",7,12,"The plane's wings are designed to produce lift, which is the upward force that counteracts the weight of the plane and keeps it flying.",A): wings | B): ground | C): air | D): clouds,B,2,2,C,C,False,False,False,88.28770744500207,32.13809214818332,80.0,0.17555930946458587,-0.16373178042963912,0.18071009661354742,0.19309830829286168,0.6186206072242819,0.42552229893142024,0.963723772523519,0.7881644630589332,0.012131491416901107,0.17586327184654024,0.9999999999999999,0.9999999999999999,0.006493519885804907,0.0013427327368433545,-0.005150787148961553,0.012131491416901107,0.17586327184654024,0.16373178042963912,0.963723772523519,0.7881644630589332,-0.17555930946458587,0.0176512161737749,0.0346295323576832,0.0169783161839083
full,Full FUR,530,"When it's flying, a plane has no friction with the",9,12,"The air is the medium through which the plane is moving, and since the plane is not in contact with the air, there is no friction with the air.",A): wings | B): ground | C): air | D): clouds,B,2,2,C,C,False,False,False,83.54741371233487,40.11207651729054,95.0,0.12941242875030257,-0.04830582177188927,0.1297480664343755,0.19309830829286168,0.6047499194172068,0.4116516111243451,0.963723772523519,0.8343113437732165,0.012131491416901107,0.06043731318879037,0.9999999999999999,1.0,0.006493519885804907,0.08793576454829118,0.08144224466248627,0.012131491416901107,0.06043731318879037,0.04830582177188927,0.963723772523519,0.8343113437732165,-0.12941242875030257,0.0176512161737749,0.01731557848970198,-0.00033563768407292305
full,Full FUR,530,"When it's flying, a plane has no friction with the",11,12,"Clouds are made up of water droplets or ice crystals suspended in the air, and the plane is not in contact with the clouds, so",A): wings | B): ground | C): air | D): clouds,B,2,2,C,C,False,False,False,87.23666718783187,43.74050237556882,90.0,-0.031529701492547524,0.008963817607872562,0.03152970149254751,0.19309830829286168,0.034170596417982264,-0.15892771187487942,0.963723772523519,0.9952534740160666,0.012131491416901107,0.003167673809028545,0.9999999999999999,1.0,0.006493519885804907,0.0010283930773060757,-0.005465126808498832,0.012131491416901107,0.003167673809028545,-0.008963817607872562,0.963723772523519,0.9952534740160666,0.031529701492547524,0.0176512161737749,0.0005504590975988021,-0.017100757076176098
full,Full FUR,591,"When looking for good soil for plants, typically what is optimal?",1,10,Good soil should be able to support plant growth.,A): malleable and nutritious | B): dry and sandy | C): grainy and bitter | D): compact and hard,A,0,0,A,A,True,True,False,95.87250706142024,34.16171974340653,95.0,-0.0036136314058023977,-0.0036136314058023977,0.003905033112404213,0.13330478351931588,0.11565226649061684,-0.017652517028699036,0.9753757297166327,0.9789893611224351,0.9753757297166327,0.9789893611224351,0.9999999999999999,1.0,0.9753757297166327,0.9789893611224351,0.0036136314058023977,0.0157654809848451,0.015823888598750262,5.840761390516272e-05,0.0004201358319092881,0.0006531299246059652,0.00023299409269667703,0.008438653466612907,0.004533620354208718,-0.003905033112404189
full,Full FUR,591,"When looking for good soil for plants, typically what is optimal?",3,10,"Malleable and nutritious soil (A) would be able to retain water and nutrients, which is ideal for plant growth.",A): malleable and nutritious | B): dry and sandy | C): grainy and bitter | D): compact and hard,A,0,0,A,A,True,True,False,85.81698409126575,47.509146467663875,90.0,-0.022163462103801157,-0.022163462103801157,0.02216346210380115,0.13330478351931588,0.019051045269659075,-0.1142537382496568,0.9753757297166327,0.9975391918204338,0.9753757297166327,0.9975391918204338,0.9999999999999999,1.0,0.9753757297166327,0.9975391918204338,0.022163462103801157,0.0157654809848451,0.001699427658120102,-0.014066053326724998,0.0004201358319092881,9.587514349196828e-05,-0.00032426068841731983,0.008438653466612907,0.000665505377954084,-0.007773148088658823
full,Full FUR,591,"When looking for good soil for plants, typically what is optimal?",5,10,"Dry and sandy (B) soil lacks moisture and nutrients, making it unsuitable for plants.",A): malleable and nutritious | B): dry and sandy | C): grainy and bitter | D): compact and hard,A,0,0,A,A,True,True,False,93.75530261031417,34.67407730520273,90.0,-0.0014094071115114959,-0.0014094071115114959,0.005916455784707718,0.13330478351931588,0.11985253851309759,-0.013452245006218291,0.9753757297166327,0.9767851368281442,0.9753757297166327,0.9767851368281442,0.9999999999999999,1.0,0.9753757297166327,0.9767851368281442,0.0014094071115114959,0.0157654809848451,0.02027252965804133,0.004507048673196231,0.0004201358319092881,0.00019874488287420326,-0.00022139094903508486,0.008438653466612907,0.0027435886309402835,-0.005695064835672624
full,Full FUR,591,"When looking for good soil for plants, typically what is optimal?",7,10,"Grainy and bitter (C) soil would be harmful to plants, as it would be difficult for them to absorb water and nutrients.",A): malleable and nutritious | B): dry and sandy | C): grainy and bitter | D): compact and hard,A,0,0,A,A,True,True,False,87.58093631492906,45.41814857636225,90.0,-0.01611587612908061,-0.01611587612908061,0.01611587612908059,0.13330478351931588,0.053946590626446835,-0.07935819289286905,0.9753757297166327,0.9914916058457133,0.9753757297166327,0.9914916058457133,0.9999999999999999,1.0,0.9753757297166327,0.9914916058457133,0.01611587612908061,0.0157654809848451,0.006680617507717909,-0.00908486347712719,0.0004201358319092881,0.00013865181106095486,-0.0002814840208483333,0.008438653466612907,0.0016891248355078586,-0.006749528631105049
full,Full FUR,591,"When looking for good soil for plants, typically what is optimal?",9,10,"Compact and hard (D) soil would be difficult for roots to grow, making it less suitable for plant growth.",A): malleable and nutritious | B): dry and sandy | C): grainy and bitter | D): compact and hard,A,0,0,A,A,True,True,False,92.84041916981849,42.350075563360676,95.0,-0.015042511617979093,-0.015042511617979093,0.015042511617979083,0.13330478351931588,0.059426400891507705,-0.07387838262780817,0.9753757297166327,0.9904182413346118,0.9753757297166327,0.9904182413346118,0.9999999999999999,0.9999999999999999,0.9753757297166327,0.9904182413346118,0.015042511617979093,0.0157654809848451,0.007561936402014686,-0.008203544582830413,0.0004201358319092881,0.00010786524064697516,-0.00031227059126231294,0.008438653466612907,0.001911957022726561,-0.006526696443886346
full,Full FUR,508,"To improve health, what is a good strategy?",0,5,"To improve health, we need to focus on activities and choices that promote well-being.",A): high risk lifestyle | B): restaurant food | C): business trip | D): a spa trip,D,3,0,D,A,True,False,True,89.74437396991662,50.59300264683617,90.0,0.5425452466373831,0.5425452466373831,0.5425452466373831,0.3040739426637481,1.2098459545546507,0.9057720118909026,0.936347680843392,0.3938024342060089,0.936347680843392,0.3938024342060089,1.0,1.0,0.02827525005257223,0.3938024342060089,0.36552718415343666,0.022020787410825256,0.11282628774642944,0.0908055003356042,0.013356281693210485,0.09956884384155273,0.08621256214834225,0.936347680843392,0.3938024342060089,-0.5425452466373831
full,Full FUR,508,"To improve health, what is a good strategy?",1,5,"A spa trip (D) is a good strategy because it often involves relaxation, exercise, and healthy eating, which can all contribute to improved health.",A): high risk lifestyle | B): restaurant food | C): business trip | D): a spa trip,D,3,0,D,A,True,False,True,91.56395213930173,63.28383721443427,95.0,0.9271545400868616,0.9271545400868616,0.9271545400868616,0.3040739426637481,0.5553074992265429,0.2512335565627948,0.936347680843392,0.00919314075653048,0.936347680843392,0.00919314075653048,1.0,1.0,0.02827525005257223,0.8275400764996165,0.7992648264470442,0.022020787410825256,0.1438049037809045,0.12178411637007924,0.013356281693210485,0.019461878962948573,0.006105597269738089,0.936347680843392,0.00919314075653048,-0.9271545400868616
full,Full FUR,508,"To improve health, what is a good strategy?",2,5,"In contrast, a high-risk lifestyle (A) and restaurant food (B) are generally associated with negative health outcomes.",A): high risk lifestyle | B): restaurant food | C): business trip | D): a spa trip,D,3,1,D,B,True,False,True,89.46007754381357,55.01441698526841,90.0,0.6412036869356424,0.6412036869356424,0.6412036869356423,0.3040739426637481,1.3092723575850724,1.0051984149213244,0.936347680843392,0.2951439939077496,0.936347680843392,0.2951439939077496,1.0,1.0,0.02827525005257223,0.20284930022693648,0.17457405017436425,0.022020787410825256,0.37897238417694257,0.3569515967661173,0.013356281693210485,0.1230343216883713,0.10967803999516082,0.936347680843392,0.2951439939077496,-0.6412036869356424
full,Full FUR,508,"To improve health, what is a good strategy?",3,5,Business trips (C) can be stressful and may not necessarily promote health.,A): high risk lifestyle | B): restaurant food | C): business trip | D): a spa trip,D,3,3,D,D,True,True,False,95.65749471580408,46.9940293496107,100.0,-0.0514459651766318,-0.0514459651766318,0.05144596517663178,0.3040739426637481,0.07877299191671153,-0.22530095074703657,0.936347680843392,0.9877936460200238,0.936347680843392,0.9877936460200238,1.0,1.0,0.02827525005257223,0.0051834654266121214,-0.023091784625960107,0.022020787410825256,0.0045743925566768505,-0.017446394854148405,0.013356281693210485,0.0024484959966872407,-0.010907785696523245,0.936347680843392,0.9877936460200238,0.0514459651766318
full,Full FUR,508,"To improve health, what is a good strategy?",4,5,"Therefore, the best answer is D.",A): high risk lifestyle | B): restaurant food | C): business trip | D): a spa trip,D,3,3,D,D,True,True,False,96.52430247327771,39.93636635420577,100.0,0.2652548029920716,0.2652548029920716,0.2652548029920716,0.3040739426637481,0.9198156644032498,0.6157417217395017,0.936347680843392,0.6710928778513204,0.936347680843392,0.6710928778513204,1.0,1.0,0.02827525005257223,0.21787195232319762,0.1895967022706254,0.022020787410825256,0.06242136005195022,0.04040057264112496,0.013356281693210485,0.048613809773531705,0.03525752808032122,0.936347680843392,0.6710928778513204,-0.2652548029920716
full,Full FUR,1129,There is most likely going to be fog around:,0,5,Step 1: Fog is more likely to occur in areas with high humidity and cool temperatures.,A): a marsh | B): a tundra | C): the plains | D): a desert,A,2,2,C,C,False,False,False,92.37866587809725,47.30370307566291,95.0,-0.09551964852587386,-0.06180552646125012,0.15732517498712395,1.2802534452295975,1.1630538760997866,-0.11719956912981089,0.44887466576321916,0.544394314289093,0.16513178244625873,0.22693730890750885,0.9999999999999999,1.0,0.16513178244625873,0.22693730890750885,0.06180552646125012,0.2402652871687796,0.1071975901722908,-0.1330676969964888,0.44887466576321916,0.544394314289093,0.09551964852587386,0.14572826462174251,0.12147078663110733,-0.024257477990635185
full,Full FUR,1129,There is most likely going to be fog around:,1,5,"Step 2: Marshes are typically found in low-lying areas with still or slow-moving water, which can lead to high humidity and cool temperatures.",A): a marsh | B): a tundra | C): the plains | D): a desert,A,2,1,C,B,False,False,True,87.38536451909708,54.926468659363756,95.0,0.279602664304023,0.13571671773587235,0.42921847748098235,1.2802534452295975,0.9401418457030849,-0.3401115995265126,0.44887466576321916,0.1692720014591962,0.16513178244625873,0.029415064710386393,0.9999999999999999,1.0,0.16513178244625873,0.029415064710386393,-0.13571671773587235,0.2402652871687796,0.669483764649762,0.4292184774809824,0.44887466576321916,0.1692720014591962,-0.279602664304023,0.14572826462174251,0.1318291691806555,-0.013899095441087028
full,Full FUR,1129,There is most likely going to be fog around:,2,5,"Step 3: Tundras are cold and dry, making it less likely for fog to occur.",A): a marsh | B): a tundra | C): the plains | D): a desert,A,2,2,C,C,False,False,False,90.02100198496345,51.64315972749205,100.0,0.0378907097394075,0.047382909246007965,0.08527361898541547,1.2802534452295975,1.267598402699179,-0.012655042530418603,0.44887466576321916,0.41098395602381166,0.16513178244625873,0.11774887320025076,0.9999999999999999,1.0,0.16513178244625873,0.11774887320025076,-0.047382909246007965,0.2402652871687796,0.32007462263218495,0.07980933546340535,0.44887466576321916,0.41098395602381166,-0.0378907097394075,0.14572826462174251,0.15119254814375263,0.005464283522010116
full,Full FUR,1129,There is most likely going to be fog around:,3,5,"Step 4: The plains are generally dry and warm, making it less likely for fog to occur.",A): a marsh | B): a tundra | C): the plains | D): a desert,A,2,2,C,C,False,False,False,96.38584642407857,60.22274820333884,100.0,0.08269827461131996,-0.12004669583675201,0.17031854237767036,1.2802534452295975,1.3319991791799022,0.051745733950304684,0.44887466576321916,0.3661763911518992,0.16513178244625873,0.28517847828301074,0.9999999999999999,1.0,0.16513178244625873,0.28517847828301074,0.12004669583675201,0.2402652871687796,0.15264501940242917,-0.08762026776635043,0.44887466576321916,0.3661763911518992,-0.08269827461131996,0.14572826462174251,0.19600011116266086,0.05027184654091835
full,Full FUR,1129,There is most likely going to be fog around:,4,5,"Step 5: Deserts are extremely dry, making it highly unlikely for fog to occur.",A): a marsh | B): a tundra | C): the plains | D): a desert,A,2,2,C,C,False,False,False,88.05670317332803,40.053563650929114,95.0,-0.006307172038688358,0.06356698830756531,0.07888347026445713,1.2802534452295975,1.219735821571581,-0.060517623658016495,0.44887466576321916,0.4551818378019075,0.16513178244625873,0.10156479413869342,0.9999999999999999,0.9999999999999999,0.16513178244625873,0.10156479413869342,-0.06356698830756531,0.2402652871687796,0.31284158539454837,0.07257629822576878,0.44887466576321916,0.4551818378019075,0.006307172038688358,0.14572826462174251,0.13041178266485068,-0.015316481956891836
full,Full FUR,8-308,Some blind people have demonstrated bat-like skills by:,0,6,Step 1: The question is about blind people demonstrating bat-like skills.,A): sensing shapes by light and shadows | B): having a unusually strong sense of smell | C): sensing nearby objects by temperature change | D): using sound to 'see',D,0,0,A,A,False,False,False,93.92374266832815,48.42377497446437,100.0,0.142694341162812,-0.08376798609599856,0.142694341162812,0.6965851624411638,0.9507205433494075,0.2541353809082437,0.7136627945326116,0.5709684533697996,0.26254191676802474,0.3463099028640233,0.9999999999999999,1.0,0.7136627945326116,0.5709684533697996,-0.142694341162812,0.008983690182875868,0.04136082188308851,0.03237713170021264,0.014811598516487721,0.04136082188308851,0.026549223366600788,0.26254191676802474,0.3463099028640233,0.08376798609599856
full,Full FUR,8-308,Some blind people have demonstrated bat-like skills by:,1,6,Step 2: Bats use echolocation to navigate and find prey in the dark.,A): sensing shapes by light and shadows | B): having a unusually strong sense of smell | C): sensing nearby objects by temperature change | D): using sound to 'see',D,0,3,A,D,False,True,True,94.3141383230082,55.189799152614206,100.0,0.4503812610336443,-0.4531314360058236,0.45317316368744665,0.6965851624411638,0.6847805707443915,-0.011804591696772282,0.7136627945326116,0.2632815334989673,0.26254191676802474,0.7156733527738484,0.9999999999999999,1.0,0.7136627945326116,0.2632815334989673,-0.4503812610336443,0.008983690182875868,0.006191787529073587,-0.002791902653802281,0.014811598516487721,0.014853326198110726,4.172768162300465e-05,0.26254191676802474,0.7156733527738484,0.4531314360058236
full,Full FUR,8-308,Some blind people have demonstrated bat-like skills by:,2,6,Step 3: Echolocation involves using sound waves to detect objects around them.,A): sensing shapes by light and shadows | B): having a unusually strong sense of smell | C): sensing nearby objects by temperature change | D): using sound to 'see',D,0,0,A,A,False,False,False,93.55707463636479,50.39962912665585,100.0,0.20082954972040368,-0.19003183599715234,0.2008295497204037,0.6965851624411638,0.8400173207590664,0.14343215831790268,0.7136627945326116,0.5128332448122079,0.26254191676802474,0.4525737527651771,0.9999999999999999,1.0,0.7136627945326116,0.5128332448122079,-0.20082954972040368,0.008983690182875868,0.012060682457788137,0.003076992274912269,0.014811598516487721,0.022532319964826852,0.007720721448339131,0.26254191676802474,0.4525737527651771,0.19003183599715234
full,Full FUR,8-308,Some blind people have demonstrated bat-like skills by:,3,6,Step 4: Blind people might use a similar method to navigate and find objects.,A): sensing shapes by light and shadows | B): having a unusually strong sense of smell | C): sensing nearby objects by temperature change | D): using sound to 'see',D,0,0,A,A,False,False,False,96.65745435452794,57.9047119766703,100.0,-0.21593175628648809,0.21626012954140808,0.21814627809902407,0.6965851624411638,0.31455711153799193,-0.3820280509031718,0.7136627945326116,0.9295945508190997,0.26254191676802474,0.04628178722661666,0.9999999999999999,1.0,0.7136627945326116,0.9295945508190997,0.21593175628648809,0.008983690182875868,0.00709754162525993,-0.0018861485576159376,0.014811598516487721,0.01702612032902376,0.0022145218125360373,0.26254191676802474,0.04628178722661666,-0.21626012954140808
full,Full FUR,8-308,Some blind people have demonstrated bat-like skills by:,4,6,Step 5: The correct answer is related to using sound to 'see'.,A): sensing shapes by light and shadows | B): having a unusually strong sense of smell | C): sensing nearby objects by temperature change | D): using sound to 'see',D,0,3,A,D,False,True,True,83.67544875460415,45.94858025525359,95.0,0.26990715788924524,-0.2402991161464484,0.26990715788924524,0.6965851624411638,0.8996146165430393,0.20302945410187556,0.7136627945326116,0.44375563664336637,0.26254191676802474,0.5028410329144731,0.9999999999999999,1.0,0.7136627945326116,0.44375563664336637,-0.26990715788924524,0.008983690182875868,0.028368350712879714,0.019384660530003844,0.014811598516487721,0.02503497972928078,0.01022338121279306,0.26254191676802474,0.5028410329144731,0.2402991161464484
full,Full FUR,8-308,Some blind people have demonstrated bat-like skills by:,5,6,The best answer is D.,A): sensing shapes by light and shadows | B): having a unusually strong sense of smell | C): sensing nearby objects by temperature change | D): using sound to 'see',D,0,0,A,A,False,False,False,97.47691417534179,31.13670475822553,100.0,-0.15222963066457418,0.15912581484183408,0.1635657185436312,0.6965851624411638,0.4791255962027351,-0.21745956623842866,0.7136627945326116,0.8658924251971858,0.26254191676802474,0.10341610192619068,0.9999999999999999,1.0,0.7136627945326116,0.8658924251971858,0.15222963066457418,0.008983690182875868,0.00454378648107876,-0.004439903701797108,0.014811598516487721,0.026147686395544743,0.011336087879057022,0.26254191676802474,0.10341610192619068,-0.15912581484183408
full,Full FUR,7-414,"As gasoline costs rise, alternative fuels are being used, which means that",0,4,Step 1: The question states that gasoline costs are rising.,A): wind power will be expensive | B): gas costs will rise | C): oil costs will be maintained | D): gasoline will be needed less,D,3,3,D,D,True,True,False,87.58093631492906,47.30370307566291,95.0,0.08003442861146615,0.08003442861146615,0.08003442861146616,0.23895992344339678,0.5075688490361728,0.26860892559277605,0.9452503616265715,0.8652159330151054,0.9452503616265715,0.8652159330151054,1.0,1.0,0.005620664159662168,0.029606062269459235,0.023985398109797065,0.04706124734579257,0.091193091135934,0.044131843790141435,0.0020677268679737282,0.013984913579501396,0.011917186711527668,0.9452503616265715,0.8652159330151054,-0.08003442861146615
full,Full FUR,7-414,"As gasoline costs rise, alternative fuels are being used, which means that",1,4,Step 2: The question also states that alternative fuels are being used as a result of the rising gasoline costs.,A): wind power will be expensive | B): gas costs will rise | C): oil costs will be maintained | D): gasoline will be needed less,D,3,3,D,D,True,True,False,83.80248742026966,48.32294172204234,95.0,-0.007377976157627475,-0.007377976157627475,0.007377976157627432,0.23895992344339678,0.21108765312435665,-0.027872270319040132,0.9452503616265715,0.952628337784199,0.9452503616265715,0.952628337784199,1.0,1.0,0.005620664159662168,0.0038931745590603277,-0.0017274896006018404,0.04706124734579257,0.04185557095213675,-0.005205676393655816,0.0020677268679737282,0.0016229167046039957,-0.0004448101633697326,0.9452503616265715,0.952628337784199,0.007377976157627475
full,Full FUR,7-414,"As gasoline costs rise, alternative fuels are being used, which means that",2,4,"Step 3: The use of alternative fuels means that people are looking for other options to power their vehicles, which would lead to a decrease in the need for gasoline.",A): wind power will be expensive | B): gas costs will rise | C): oil costs will be maintained | D): gasoline will be needed less,D,3,3,D,D,True,True,False,83.41837447878325,59.75386654629994,90.0,0.3257307691411444,0.3257307691411444,0.3257307691411444,0.23895992344339678,0.9679822354301606,0.7290223119867638,0.9452503616265715,0.6195195924854271,0.9452503616265715,0.6195195924854271,1.0,1.0,0.005620664159662168,0.09500641393476429,0.08938574977510212,0.04706124734579257,0.25825420070114397,0.2111929533553514,0.0020677268679737282,0.027219792878664644,0.025152066010690914,0.9452503616265715,0.6195195924854271,-0.3257307691411444
full,Full FUR,7-414,"As gasoline costs rise, alternative fuels are being used, which means that",3,4,"Step 4: Therefore, the correct answer is that gasoline will be needed less.",A): wind power will be expensive | B): gas costs will rise | C): oil costs will be maintained | D): gasoline will be needed less,D,3,3,D,D,True,True,False,82.62260565495548,39.109544640493645,95.0,0.08534636810175189,0.08534636810175189,0.08575408965938716,0.23895992344339678,0.44057340569156245,0.20161348224816567,0.9452503616265715,0.8599039935248196,0.9452503616265715,0.8599039935248196,1.0,1.0,0.005620664159662168,0.00656544791429831,0.000944783754636142,0.04706124734579257,0.13187055325054362,0.08480930590475105,0.0020677268679737282,0.0016600053103384704,-0.00040772155763525784,0.9452503616265715,0.8599039935248196,-0.08534636810175189
full,Full FUR,9-794,As the rain forest is deforested the atmosphere will increase with,0,8,Step 1: The rainforest is a major source of oxygen through photosynthesis.,A): oxygen | B): nitrogen | C): carbon | D): rain,C,2,2,C,C,True,True,False,91.53093438152196,39.228355247365535,90.0,0.003746132513375855,0.003746132513375855,0.01386025739891738,0.4092224821238179,0.42448194689316276,0.015259464769344866,0.9052028411525466,0.9014567086391707,0.9052028411525466,0.9014567086391707,1.0,0.9999999999999999,0.045067394797732634,0.03495326991219109,-0.010114124885541545,0.03509852195358171,0.04488088538005453,0.009782363426472825,0.9052028411525466,0.9014567086391707,-0.003746132513375855,0.0146312420961391,0.018709136068583637,0.004077893972444537
full,Full FUR,9-794,As the rain forest is deforested the atmosphere will increase with,1,8,"Step 2: When the rainforest is deforested, the trees that produce oxygen through photosynthesis are cut down.",A): oxygen | B): nitrogen | C): carbon | D): rain,C,2,2,C,C,True,True,False,81.64581367674809,35.308920901496,95.0,0.3513219421561542,0.3513219421561542,0.3513219421561542,0.4092224821238179,1.092505320651552,0.6832828385277341,0.9052028411525466,0.5538808989963924,0.9052028411525466,0.5538808989963924,1.0,1.0,0.045067394797732634,0.23089190027349255,0.1858245054757599,0.03509852195358171,0.1798187840831214,0.1447202621295397,0.9052028411525466,0.5538808989963924,-0.3513219421561542,0.0146312420961391,0.03540841664699372,0.02077717455085462
full,Full FUR,9-794,As the rain forest is deforested the atmosphere will increase with,2,8,"Step 3: With fewer trees, the amount of oxygen produced decreases.",A): oxygen | B): nitrogen | C): carbon | D): rain,C,2,2,C,C,True,True,False,91.85537919033003,34.80154247973641,90.0,0.23402521299608714,0.23402521299608714,0.2340252129960871,0.4092224821238179,0.9757389165291016,0.5665164344052838,0.9052028411525466,0.6711776281564594,0.9052028411525466,0.6711776281564594,1.0,1.0,0.045067394797732634,0.14975996371269212,0.10469256891495948,0.03509852195358171,0.11663316978750068,0.08153464783391898,0.9052028411525466,0.6711776281564594,-0.23402521299608714,0.0146312420961391,0.06242923834334775,0.04779799624720865
full,Full FUR,9-794,As the rain forest is deforested the atmosphere will increase with,3,8,Step 4: The atmosphere will decrease in oxygen levels.,A): oxygen | B): nitrogen | C): carbon | D): rain,C,2,2,C,C,True,True,False,98.93997214509805,43.575437953097904,100.0,-0.0936404918089011,-0.0936404918089011,0.09364049180890112,0.4092224821238179,0.010105755884166267,-0.3991167262396516,0.9052028411525466,0.9988433329614477,0.9052028411525466,0.9988433329614477,1.0,1.0,0.045067394797732634,0.0002451458181762085,-0.044822248979556424,0.03509852195358171,0.0006663754021998986,-0.03443214655138181,0.9052028411525466,0.9988433329614477,0.0936404918089011,0.0146312420961391,0.0002451458181762085,-0.014386096277962892
full,Full FUR,9-794,As the rain forest is deforested the atmosphere will increase with,4,8,Step 5: The atmosphere will increase in carbon dioxide levels because the trees that absorb carbon dioxide during photosynthesis are cut down.,A): oxygen | B): nitrogen | C): carbon | D): rain,C,2,0,C,A,True,False,True,90.40329139550015,50.39962912665585,95.0,0.8754633371926329,0.8754633371926329,0.8754633371926329,0.4092224821238179,0.52524811627061,0.11602563414679207,0.9052028411525466,0.029739503959913642,0.9052028411525466,0.029739503959913642,1.0,1.0,0.045067394797732634,0.8691156892133803,0.8240482944156478,0.03509852195358171,0.038186277269531776,0.0030877553159500692,0.9052028411525466,0.029739503959913642,-0.8754633371926329,0.0146312420961391,0.06295852955717429,0.04832728746103519
full,Full FUR,9-794,As the rain forest is deforested the atmosphere will increase with,5,8,"Step 6: The increased carbon dioxide levels will contribute to the greenhouse effect, leading to global warming.",A): oxygen | B): nitrogen | C): carbon | D): rain,C,2,0,C,A,True,False,True,79.03886128489022,48.42377497446437,95.0,0.5394604138729384,0.5394604138729384,0.5394604138729384,0.4092224821238179,1.004227980150616,0.595005498026798,0.9052028411525466,0.3657424272796081,0.9052028411525466,0.3657424272796081,1.0,0.9999999999999999,0.045067394797732634,0.5321520905272022,0.4870846957294696,0.03509852195358171,0.06355651160242166,0.028457989648839957,0.9052028411525466,0.3657424272796081,-0.5394604138729384,0.0146312420961391,0.03854897059076794,0.023917728494628844
full,Full FUR,9-794,As the rain forest is deforested the atmosphere will increase with,6,8,"Step 7: The increased carbon dioxide levels will also contribute to acid rain, which is formed when carbon dioxide reacts with water and oxygen in the atmosphere.",A): oxygen | B): nitrogen | C): carbon | D): rain,C,2,2,C,C,True,True,False,89.12550449027789,53.03931271338159,95.0,-0.027722814285841668,-0.027722814285841668,0.029103047426612474,0.4092224821238179,0.2994052391715053,-0.1098172429523126,0.9052028411525466,0.9329256554383882,0.9052028411525466,0.9329256554383882,1.0,1.0,0.045067394797732634,0.04644762793850344,0.0013802331407708063,0.03509852195358171,0.015079338328232442,-0.020019183625349265,0.9052028411525466,0.9329256554383882,0.027722814285841668,0.0146312420961391,0.005547378294875894,-0.009083863801263206
full,Full FUR,9-794,As the rain forest is deforested the atmosphere will increase with,7,8,Step 8: The increased carbon dioxide levels will also contribute to,A): oxygen | B): nitrogen | C): carbon | D): rain,C,2,2,C,C,True,True,False,91.05488399129757,51.54862048040454,95.0,-0.01499536440863758,-0.01499536440863758,0.01574194004934797,0.4092224821238179,0.34886585774536455,-0.06035662437845335,0.9052028411525466,0.9201982055611841,0.9052028411525466,0.9201982055611841,1.0,1.0,0.045067394797732634,0.045813970438443014,0.0007465756407103799,0.03509852195358171,0.027787577464385246,-0.007310944489196461,0.9052028411525466,0.9201982055611841,0.01499536440863758,0.0146312420961391,0.00620024653598758,-0.008430995560151519
full,Full FUR,8-257,Which of these is a hypothesis?,0,6,Step 1:  A hypothesis is a proposed explanation for a phenomenon.,A): The ice caps will completely melt if global warming continues | B): The earth is round | C): The earth revolves around the sun | D): Gravity causes objects to fall,A,0,3,A,D,True,False,True,91.08975769366243,36.31186312148776,95.0,0.6612236819723392,0.6612236819723392,0.661223681972339,0.6849389305243558,1.3275211303531285,0.6425821998287726,0.8082846403121948,0.1470609583398557,0.8082846403121948,0.1470609583398557,1.0,1.0,0.8082846403121948,0.1470609583398557,-0.6612236819723392,0.07518218457698822,0.31132807863759876,0.23614589406061054,0.08519257605075836,0.18883003013089256,0.1036374540801342,0.031340599060058594,0.35278093289165297,0.32144033383159437
full,Full FUR,8-257,Which of these is a hypothesis?,1,6,"Step 2:  The earth revolving around the sun is a well-established scientific fact, not a proposed explanation.",A): The ice caps will completely melt if global warming continues | B): The earth is round | C): The earth revolves around the sun | D): Gravity causes objects to fall,A,0,0,A,A,True,True,False,82.62260565495548,43.575437953097904,100.0,-0.15513118633594658,-0.15513118633594658,0.15513118633594655,0.6849389305243558,0.1917898881201962,-0.49314904240415963,0.8082846403121948,0.9634158266481414,0.8082846403121948,0.9634158266481414,1.0,1.0,0.8082846403121948,0.9634158266481414,0.15513118633594658,0.07518218457698822,0.012127615827669616,-0.0630545687493186,0.08519257605075836,0.01999505661415084,-0.06519751943660752,0.031340599060058594,0.004461500910038152,-0.02687909815002044
full,Full FUR,8-257,Which of these is a hypothesis?,2,6,"Step 3:  Gravity causing objects to fall is a fundamental principle of physics, not a proposed explanation.",A): The ice caps will completely melt if global warming continues | B): The earth is round | C): The earth revolves around the sun | D): Gravity causes objects to fall,A,0,2,A,C,True,False,True,86.93399347262284,42.686880392851926,100.0,0.8010721059265554,0.8010721059265554,0.8594630596491181,0.6849389305243558,0.2679094735584771,-0.41702945696587873,0.8082846403121948,0.0072125343856394054,0.8082846403121948,0.0072125343856394054,1.0,1.0,0.8082846403121948,0.0072125343856394054,-0.8010721059265554,0.07518218457698822,0.028526128563445913,-0.04665605601354231,0.08519257605075836,0.9446556356998763,0.859463059649118,0.031340599060058594,0.019605701351038337,-0.011734897709020257
full,Full FUR,8-257,Which of these is a hypothesis?,3,6,"Step 4:  The earth being round is a well-established scientific fact, not a proposed explanation.",A): The ice caps will completely melt if global warming continues | B): The earth is round | C): The earth revolves around the sun | D): Gravity causes objects to fall,A,0,0,A,A,True,True,False,85.13632694618775,45.31143922336992,100.0,-0.18375763973309256,-0.18375763973309256,0.18375763973309253,0.6849389305243558,0.05376920423624418,-0.6311697262881116,0.8082846403121948,0.9920422800452874,0.8082846403121948,0.9920422800452874,1.0,1.0,0.8082846403121948,0.9920422800452874,0.18375763973309256,0.07518218457698822,0.002459027048831818,-0.0727231575281564,0.08519257605075836,0.004594067470576095,-0.08059850858018226,0.031340599060058594,0.0009046254353047378,-0.030435973624753854
full,Full FUR,8-257,Which of these is a hypothesis?,4,6,"Step 5:  The ice caps melting is a consequence of global warming, and it is a proposed explanation for the phenomenon of global warming.",A): The ice caps will completely melt if global warming continues | B): The earth is round | C): The earth revolves around the sun | D): Gravity causes objects to fall,A,0,0,A,A,True,True,False,86.93399347262284,49.81495565037538,100.0,0.14201898871955987,0.14201898871955987,0.14201898871955987,0.6849389305243558,1.0028738331861249,0.31793490266176905,0.8082846403121948,0.666265651592635,0.8082846403121948,0.666265651592635,1.0,1.0,0.8082846403121948,0.666265651592635,-0.14201898871955987,0.07518218457698822,0.10217515150811185,0.02699296693112363,0.08519257605075836,0.1157795984496266,0.030587022398868235,0.031340599060058594,0.1157795984496266,0.084438999389568
full,Full FUR,8-257,Which of these is a hypothesis?,5,6,"Step 6:  Therefore, the ice caps melting is a hypothesis.",A): The ice caps will completely melt if global warming continues | B): The earth is round | C): The earth revolves around the sun | D): Gravity causes objects to fall,A,0,0,A,A,True,True,False,92.9788979985012,50.20549876391658,95.0,-0.01751949556406196,-0.01751949556406196,0.03276757935713877,0.6849389305243558,0.651835704643366,-0.033103225880989795,0.8082846403121948,0.8258041358762568,0.8082846403121948,0.8258041358762568,1.0,1.0,0.8082846403121948,0.8258041358762568,0.01751949556406196,0.07518218457698822,0.059821052174074074,-0.015361132402914146,0.08519257605075836,0.06778612909653374,-0.017406446954224622,0.031340599060058594,0.046588682853135395,0.015248083793076801
full,Full FUR,1582,A tool used to identify the percent chance of a trait being passed down has at least,0,7,Step 1:  The question is asking about a tool used to identify the percent chance of a trait being passed down.,A): four boxes | B): eight boxes | C): two boxes | D): six boxes,A,1,2,B,C,False,False,True,79.32348922093469,31.271072120902776,90.0,0.1013998847385073,-0.0933212870811897,0.10534319634225653,1.1391965864260554,1.272271991598613,0.13307540517255756,0.44267729254571564,0.34127740780720833,0.06788675537621047,0.16120804245740017,1.0,1.0,0.06788675537621047,0.16120804245740017,0.0933212870811897,0.44267729254571564,0.34127740780720833,-0.1013998847385073,0.3906613021393217,0.38671799053557254,-0.003943311603749167,0.09877464993875212,0.110796559199819,0.012021909261066874
full,Full FUR,1582,A tool used to identify the percent chance of a trait being passed down has at least,1,7,Step 2:  This tool is known as a Punnett Square.,A): four boxes | B): eight boxes | C): two boxes | D): six boxes,A,1,1,B,B,False,False,False,88.60362655434096,23.327340392917996,95.0,-0.03914263623031439,0.002679523747746701,0.062191148321355375,1.1391965864260554,1.1522872593243079,0.013090672898252498,0.44267729254571564,0.48181992877603,0.06788675537621047,0.06520723162846377,1.0,1.0,0.06788675537621047,0.06520723162846377,-0.002679523747746701,0.44267729254571564,0.48181992877603,0.03914263623031439,0.3906613021393217,0.33114967756571306,-0.059511624573608646,0.09877464993875212,0.12182316202979314,0.023048512091041015
full,Full FUR,1582,A tool used to identify the percent chance of a trait being passed down has at least,2,7,Step 3:  A Punnett Square is a graphical representation of the possible genotypes of offspring from a cross between two parents.,A): four boxes | B): eight boxes | C): two boxes | D): six boxes,A,1,1,B,B,False,False,False,79.52442554024402,35.937595026695256,100.0,0.013906452377716372,-0.01654321649754975,0.026178813229043724,1.1391965864260554,1.18039409487686,0.04119750845080472,0.44267729254571564,0.42877084016799927,0.06788675537621047,0.08442997187376022,1.0,1.0,0.06788675537621047,0.08442997187376022,0.01654321649754975,0.44267729254571564,0.42877084016799927,-0.013906452377716372,0.3906613021393217,0.3783889412879944,-0.012272360851327324,0.09877464993875212,0.10841024667024612,0.009635596731494
full,Full FUR,1582,A tool used to identify the percent chance of a trait being passed down has at least,3,7,Step 4:  The Punnett Square is arranged in a grid with the alleles of one parent on the top and the alleles of the other parent on the side.,A): four boxes | B): eight boxes | C): two boxes | D): six boxes,A,1,1,B,B,False,False,False,84.84316726356596,38.631974880164144,95.0,-0.0537439590869393,-0.018378312351240003,0.07212227143817927,1.1391965864260554,1.1219799102297794,-0.017216676196275982,0.44267729254571564,0.49642125163265494,0.06788675537621047,0.08626506772745048,1.0,1.0,0.06788675537621047,0.08626506772745048,0.018378312351240003,0.44267729254571564,0.49642125163265494,0.0537439590869393,0.3906613021393217,0.34118501552719543,-0.049476286612126275,0.09877464993875212,0.07612866511269915,-0.02264598482605297
full,Full FUR,1582,A tool used to identify the percent chance of a trait being passed down has at least,4,7,Step 5:  The number of boxes in a Punnett Square represents the number of possible genotypes.,A): four boxes | B): eight boxes | C): two boxes | D): six boxes,A,1,2,B,C,False,False,True,78.03291523454247,33.90403600025511,100.0,0.11433751210091153,-0.005375748765380953,0.15605526650134693,1.1391965864260554,1.052779170979694,-0.08641741544636128,0.44267729254571564,0.3283397804448041,0.06788675537621047,0.07326250414159143,1.0,0.9999999999999999,0.06788675537621047,0.07326250414159143,0.005375748765380953,0.44267729254571564,0.3283397804448041,-0.11433751210091153,0.3906613021393217,0.5413408198752877,0.150679517735966,0.09877464993875212,0.057056895538316735,-0.04171775440043539
full,Full FUR,1582,A tool used to identify the percent chance of a trait being passed down has at least,5,7,"Step 6:  In a Punnett Square, there are four boxes, representing the four possible genotypes of the offspring.",A): four boxes | B): eight boxes | C): two boxes | D): six boxes,A,1,1,B,B,False,False,False,86.36032689815003,39.346934028736655,95.0,-0.19951113728674286,-0.019023999066004493,0.21853513635274732,1.1391965864260554,1.020504109869864,-0.11869247655619142,0.44267729254571564,0.6421884298324585,0.06788675537621047,0.08691075444221497,1.0,1.0,0.06788675537621047,0.08691075444221497,0.019023999066004493,0.44267729254571564,0.6421884298324585,0.19951113728674286,0.3906613021393217,0.18399006128311157,-0.20667124085621014,0.09877464993875212,0.08691075444221497,-0.011863895496537158
full,Full FUR,1582,A tool used to identify the percent chance of a trait being passed down has at least,6,7,"Step 7:  Therefore, the correct answer is",A): four boxes | B): eight boxes | C): two boxes | D): six boxes,A,1,1,B,B,False,False,False,73.9134413873715,27.69079513076128,100.0,-0.01790023098349608,0.0055543668882062636,0.03369716627457055,1.1391965864260554,1.0831808693633058,-0.05601571706274955,0.44267729254571564,0.4605775235292117,0.06788675537621047,0.06233238848800421,1.0,1.0,0.06788675537621047,0.06233238848800421,-0.0055543668882062636,0.44267729254571564,0.4605775235292117,0.01790023098349608,0.3906613021393217,0.4064582374303962,0.01579693529107451,0.09877464993875212,0.07063185055238788,-0.028142799386364242
full,Full FUR,7-1122,The lowest temperature on the trip was at,0,3,Step 1:  The lowest temperature is usually found in areas with lower elevations.,A): the mountain pass | B): the plain | C): the large hill | D): the canyon,A,0,0,A,A,True,True,False,93.5318577394763,62.55967579145775,95.0,-0.1527186332153196,-0.1527186332153196,0.1527186332153196,1.3094174842049977,1.2201063965866146,-0.08931108761838313,0.3320117368998767,0.48473037011519626,0.3320117368998767,0.48473037011519626,1.0,1.0,0.3320117368998767,0.48473037011519626,0.1527186332153196,0.3320117368998767,0.22897042675272267,-0.10304131014715401,0.22818810257736077,0.20206569436290406,-0.026122408214456716,0.10778842362288588,0.08423350876917703,-0.02355491485370885
full,Full FUR,7-1122,The lowest temperature on the trip was at,1,3,"Step 2:  Among the options given, the plain is typically the lowest elevation.",A): the mountain pass | B): the plain | C): the large hill | D): the canyon,A,0,0,A,A,True,True,False,90.55207457189076,63.99399208758483,95.0,-0.07351955894563883,-0.07351955894563883,0.09129862307691011,1.3094174842049977,1.2895091500463076,-0.01990833415869009,0.3320117368998767,0.4055312958455155,0.3320117368998767,0.4055312958455155,1.0,1.0,0.3320117368998767,0.4055312958455155,0.07351955894563883,0.3320117368998767,0.24596716670863206,-0.08604457019124462,0.22818810257736077,0.24596716670863206,0.017779064131271283,0.10778842362288588,0.10253437073722038,-0.0052540528856654944
full,Full FUR,7-1122,The lowest temperature on the trip was at,2,3,"Step 3:  Therefore, the lowest temperature on the trip was at the plain.",A): the mountain pass | B): the plain | C): the large hill | D): the canyon,A,0,0,A,A,True,True,False,80.15439273860949,65.91019687469455,100.0,-0.11451919459479248,-0.11451919459479248,0.11451919459479248,1.3094174842049977,1.205069430244778,-0.10434805396021973,0.3320117368998767,0.44653093149466916,0.3320117368998767,0.44653093149466916,1.0,1.0,0.3320117368998767,0.44653093149466916,0.11451919459479248,0.3320117368998767,0.3068959071204676,-0.02511582977940907,0.22818810257736077,0.18614177128461343,-0.042046331292747346,0.10778842362288588,0.060431390100249796,-0.04735703352263608
full,Full FUR,7-49,A rabbit may enjoy,0,3,"- Rabbits are herbivores, which means they primarily eat plants.",A): meat | B): compost | C): peas | D): pebbles,C,2,0,C,A,True,False,True,96.14523204870059,66.30735511092392,85.0,0.7454557683817742,0.7454557683817742,0.7921003020607339,0.5197984092115706,0.582847969196046,0.06304955998447537,0.8721140623092651,0.12665829392749092,0.8721140623092651,0.12665829392749092,1.0,1.0,0.03381553292274475,0.8259158349834786,0.7921003020607339,0.055752385407686234,0.041119926750061986,-0.014632458657624248,0.8721140623092651,0.12665829392749092,-0.7454557683817742,0.03831801936030388,0.006305944338968435,-0.03201207502133544
full,Full FUR,7-49,A rabbit may enjoy,1,3,"- Among the options provided, peas are a type of plant that rabbits can eat.",A): meat | B): compost | C): peas | D): pebbles,C,2,0,C,A,True,False,True,92.75602429657485,69.79810831521678,95.0,0.7317405641078949,0.7317405641078949,0.7317405641078949,0.5197984092115706,1.2364783434052748,0.7166799341937042,0.8721140623092651,0.14037349820137024,0.8721140623092651,0.14037349820137024,1.0,1.0,0.03381553292274475,0.3815746605396271,0.3477591276168823,0.055752385407686234,0.3815746605396271,0.32582227513194084,0.8721140623092651,0.14037349820137024,-0.7317405641078949,0.03831801936030388,0.09647718071937561,0.05815916135907173
full,Full FUR,7-49,A rabbit may enjoy,2,3,"- Meat, compost, and pebbles are not suitable for rabbits as a food source.",A): meat | B): compost | C): peas | D): pebbles,C,2,2,C,C,True,True,False,91.91876113231778,74.7653749591366,95.0,0.4106414277929422,0.4106414277929422,0.4106414277929422,0.5197984092115706,1.1485213910295802,0.6287229818180096,0.8721140623092651,0.4614726345163229,0.8721140623092651,0.4614726345163229,1.0,1.0,0.03381553292274475,0.11667855922066275,0.082863026297918,0.055752385407686234,0.35939527529877,0.3036428898910838,0.8721140623092651,0.4614726345163229,-0.4106414277929422,0.03831801936030388,0.06245353096424429,0.02413551160394041
full,Full FUR,7-1140,The summer solstice in the northern hemisphere is four months before,0,7,Step 1:  The question asks about the timing of the summer solstice in the northern hemisphere in relation to the calendar year.,A): May | B): July | C): April | D): October,D,1,1,B,B,False,False,False,87.06097018004397,33.515618129485134,100.0,-0.07014125668832327,0.00019623224604647937,0.07014125668832326,1.1949008492502313,1.0986582701291148,-0.09624257912111656,0.5326190909122405,0.6027603476005637,0.1525979111478822,0.15240167890183573,1.0,1.0,0.11884337788892056,0.09243629459576481,-0.026407083293155748,0.5326190909122405,0.6027603476005637,0.07014125668832327,0.19593962005095675,0.15240167890183573,-0.04353794114912102,0.1525979111478822,0.15240167890183573,-0.00019623224604647937
full,Full FUR,7-1140,The summer solstice in the northern hemisphere is four months before,1,7,"Step 2:  The summer solstice is the day when the sun is at its highest point in the sky, marking the beginning of summer in the respective hemisphere.",A): May | B): July | C): April | D): October,D,1,1,B,B,False,False,False,86.5717904293102,43.354598461281604,100.0,0.18575243397901198,-0.08579984392668574,0.18575243397901198,1.1949008492502313,1.3422700677546646,0.1473692185044333,0.5326190909122405,0.3468666569332285,0.1525979111478822,0.23839775507456795,1.0,1.0,0.11884337788892056,0.14459554420126844,0.025752166312347877,0.5326190909122405,0.3468666569332285,-0.18575243397901198,0.19593962005095675,0.27014004379093515,0.0742004237399784,0.1525979111478822,0.23839775507456795,0.08579984392668574
full,Full FUR,7-1140,The summer solstice in the northern hemisphere is four months before,2,7,"Step 3:  In the northern hemisphere, the summer solstice typically occurs around June 20 or 21.",A): May | B): July | C): April | D): October,D,1,1,B,B,False,False,False,83.02515256139138,36.31186312148776,100.0,0.0592146641901109,-0.07102252839002057,0.07242723686150027,1.1949008492502313,1.2466430307928222,0.051742181542590915,0.5326190909122405,0.47340442672212957,0.1525979111478822,0.22362043953790278,1.0,1.0,0.11884337788892056,0.10563080521753121,-0.013212572671389353,0.5326190909122405,0.47340442672212957,-0.0592146641901109,0.19593962005095675,0.19734432852243644,0.0014047084714796931,0.1525979111478822,0.22362043953790278,0.07102252839002057
full,Full FUR,7-1140,The summer solstice in the northern hemisphere is four months before,3,7,Step 4:  The question states that the summer solstice is four months before a specific month.,A): May | B): July | C): April | D): October,D,1,1,B,B,False,False,False,80.46207036095238,32.73192127435776,95.0,-0.217411315838838,0.09826588891682467,0.217411315838838,1.1949008492502313,0.8021154723429649,-0.39278537690726645,0.5326190909122405,0.7500304067510785,0.1525979111478822,0.054332022231057535,1.0,1.0,0.11884337788892056,0.047947839438332314,-0.07089553845058824,0.5326190909122405,0.7500304067510785,0.217411315838838,0.19593962005095675,0.14768973157953172,-0.04824988847142503,0.1525979111478822,0.054332022231057535,-0.09826588891682467
full,Full FUR,7-1140,The summer solstice in the northern hemisphere is four months before,4,7,"Step 5:  If we count back four months from June, we find that the summer solstice is in the month of February.",A): May | B): July | C): April | D): October,D,1,1,B,B,False,False,False,88.86762326086944,40.17053227007293,100.0,-0.007543075301829516,-0.04611665056465705,0.05365972586648654,1.1949008492502313,1.1808911262269952,-0.01400972302323611,0.5326190909122405,0.54016216621407,0.1525979111478822,0.19871456171253926,1.0,1.0,0.11884337788892056,0.10636423179374009,-0.012479146095180471,0.5326190909122405,0.54016216621407,0.007543075301829516,0.19593962005095675,0.1547590402796507,-0.04118057977130604,0.1525979111478822,0.19871456171253926,0.04611665056465705
full,Full FUR,7-1140,The summer solstice in the northern hemisphere is four months before,5,7,"Step 6:  However, the question asks for the month before the summer solstice, not the month after.",A): May | B): July | C): April | D): October,D,1,1,B,B,False,False,False,88.95425610396357,42.46256318507407,100.0,-0.009029177787405529,0.04594106176357435,0.06603324085650802,1.1949008492502313,1.1821125917540574,-0.01278825749617396,0.5326190909122405,0.541648268699646,0.1525979111478822,0.10665684938430786,1.0,1.0,0.11884337788892056,0.17584744095802307,0.05700406306910251,0.5326190909122405,0.541648268699646,0.009029177787405529,0.19593962005095675,0.17584744095802307,-0.020092179092933676,0.1525979111478822,0.10665684938430786,-0.04594106176357435
full,Full FUR,7-1044,are explosions safe?,0,5,Explosions are powerful events that release a huge amount of energy in a very short time.,A): they could harm living things | B): they are very safe | C): they cause nothing serious | D): none of these,A,0,0,A,A,True,True,False,90.19488134564551,64.20434791153616,95.0,0.09263931690391747,0.09263931690391747,0.0926393169039175,0.25842654467749265,0.5680897803885543,0.30966323571106164,0.946868318074724,0.8542290011708066,0.946868318074724,0.8542290011708066,1.0,1.0,0.946868318074724,0.8542290011708066,-0.09263931690391747,0.022268210021186806,0.07011939323993797,0.04785118321875117,0.00563028465267801,0.03312205027334205,0.027491765620664042,0.025233187251411143,0.04252955531591344,0.017296368064502295
full,Full FUR,7-1044,are explosions safe?,1,5,This energy can cause damage to objects and living things.,A): they could harm living things | B): they are very safe | C): they cause nothing serious | D): none of these,A,0,0,A,A,True,True,False,97.47691417534179,62.48647869997201,100.0,0.17345653648845627,0.17345653648845627,0.1734565364884563,0.25842654467749265,0.7520625043197477,0.4936359596422551,0.946868318074724,0.7734117815862678,0.946868318074724,0.7734117815862678,1.0,1.0,0.946868318074724,0.7734117815862678,-0.17345653648845627,0.022268210021186806,0.11860653316205244,0.09633832314086563,0.00563028465267801,0.02646469226238533,0.02083440760970732,0.025233187251411143,0.08151699298929449,0.056283805737883344
full,Full FUR,7-1044,are explosions safe?,2,5,"For example, a bomb explosion can destroy buildings and injure or kill people.",A): they could harm living things | B): they are very safe | C): they cause nothing serious | D): none of these,A,0,0,A,A,True,True,False,93.08775009567289,63.640648413776645,90.0,0.11330739931325962,0.11330739931325962,0.11330739931325964,0.25842654467749265,0.6209599316499298,0.36253338697243714,0.946868318074724,0.8335609187614644,0.946868318074724,0.8335609187614644,1.0,1.0,0.946868318074724,0.8335609187614644,-0.11330739931325962,0.022268210021186806,0.07753324277599923,0.05526503275481242,0.00563028465267801,0.028522885485801532,0.02289260083312352,0.025233187251411143,0.06038295297673485,0.0351497657253237
full,Full FUR,7-1044,are explosions safe?,3,5,"So, explosions are not safe.",A): they could harm living things | B): they are very safe | C): they cause nothing serious | D): none of these,A,0,0,A,A,True,True,False,99.06452870139563,60.06706444162311,90.0,0.379027041454727,0.379027041454727,0.379027041454727,0.25842654467749265,0.9626255275633974,0.7041989828859048,0.946868318074724,0.5678412766199971,0.946868318074724,0.5678412766199971,1.0,0.9999999999999999,0.946868318074724,0.5678412766199971,-0.379027041454727,0.022268210021186806,0.34441318209881977,0.322144972077633,0.00563028465267801,0.04113428932450702,0.035504004671829015,0.025233187251411143,0.046611251956676085,0.021378064705264942
full,Full FUR,7-1044,are explosions safe?,4,5,The best answer is (A).,A): they could harm living things | B): they are very safe | C): they cause nothing serious | D): none of these,A,0,0,A,A,True,True,False,99.70564089576207,47.09745560096034,95.0,-3.526162062628124e-05,-3.526162062628124e-05,0.007890041418443449,0.25842654467749265,0.2627404645293327,0.004313919851840042,0.946868318074724,0.9469035796953503,0.946868318074724,0.9469035796953503,1.0,1.0,0.946868318074724,0.9469035796953503,3.526162062628124e-05,0.022268210021186806,0.025234125101983088,0.0029659150807962824,0.00563028465267801,0.010519149369698914,0.004888864717020904,0.025233187251411143,0.017343145832967713,-0.00789004141844343
full,Full FUR,9-271,what system is needed for a body to get its needed supply of the gas humans breathe in?,0,7,The body needs oxygen to function properly.,A): the circulatory system | B): the digestive system | C): the school system | D): central nervous system,A,0,0,A,A,True,True,False,98.78467207683282,59.2794578606611,95.0,0.11001979277864904,0.11001979277864904,0.11041209195917857,0.4330776174708923,0.6299897323854049,0.1969121149145126,0.8692596551727368,0.7592398623940878,0.8692596551727368,0.7592398623940878,1.0,1.0,0.8692596551727368,0.7592398623940878,-0.11001979277864904,0.11764150047165245,0.21752585756197113,0.09988435709031868,0.0006995219255195722,0.0003072227449900662,-0.00039229918052950593,0.01239932243009111,0.02292705729895105,0.01052773486885994
full,Full FUR,9-271,what system is needed for a body to get its needed supply of the gas humans breathe in?,1,7,The circulatory system is responsible for transporting oxygen to the body's cells.,A): the circulatory system | B): the digestive system | C): the school system | D): central nervous system,A,0,0,A,A,True,True,False,86.25334961614806,57.98684909794769,95.0,0.12254230337385696,0.12254230337385696,0.12478212917407072,0.4330776174708923,0.6117636510178213,0.17868603354692897,0.8692596551727368,0.7467173517988799,0.8692596551727368,0.7467173517988799,1.0,1.0,0.8692596551727368,0.7467173517988799,-0.12254230337385696,0.11764150047165245,0.2424236296457232,0.12478212917407075,0.0006995219255195722,0.00020766827720372145,-0.0004918536483158507,0.01239932243009111,0.01065135027819324,-0.0017479721518978697
full,Full FUR,9-271,what system is needed for a body to get its needed supply of the gas humans breathe in?,2,7,"The digestive system is involved in breaking down food, not supplying oxygen.",A): the circulatory system | B): the digestive system | C): the school system | D): central nervous system,A,0,1,A,B,True,False,True,93.9945332104692,54.216663822838576,90.0,0.7842549292956573,0.7842549292956573,0.7962453587768232,0.4330776174708923,0.2998422422968261,-0.1332353751740662,0.8692596551727368,0.08500472587707952,0.8692596551727368,0.08500472587707952,1.0,1.0,0.8692596551727368,0.08500472587707952,-0.7842549292956573,0.11764150047165245,0.9138868592484757,0.7962453587768232,0.0006995219255195722,0.00016409771596133756,-0.0005354242095582345,0.01239932243009111,0.000944317158483451,-0.011455005271607659
full,Full FUR,9-271,what system is needed for a body to get its needed supply of the gas humans breathe in?,3,7,The school system is not a part of the human body.,A): the circulatory system | B): the digestive system | C): the school system | D): central nervous system,A,0,0,A,A,True,True,False,96.55135056601938,39.81893993283055,95.0,0.007349007354013892,0.007349007354013892,0.014623221924151799,0.4330776174708923,0.42820585080008244,-0.004871766670809852,0.8692596551727368,0.861910647818723,0.8692596551727368,0.861910647818723,1.0,1.0,0.8692596551727368,0.861910647818723,-0.007349007354013892,0.11764150047165245,0.13217828355378777,0.014536783082135324,0.0006995219255195722,0.0007859607675360416,8.643884201646945e-05,0.01239932243009111,0.005125107859953196,-0.007274214570137914
full,Full FUR,9-271,what system is needed for a body to get its needed supply of the gas humans breathe in?,4,7,"The central nervous system controls the body's functions, but it doesn't supply oxygen.",A): the circulatory system | B): the digestive system | C): the school system | D): central nervous system,A,0,0,A,A,True,True,False,94.65862726728336,47.30370307566291,95.0,-0.035079654346902966,-0.035079654346902966,0.03507965434690294,0.4330776174708923,0.3179223858121755,-0.11515523165871677,0.8692596551727368,0.9043393095196398,0.8692596551727368,0.9043393095196398,1.0,1.0,0.8692596551727368,0.9043393095196398,0.035079654346902966,0.11764150047165245,0.09531666296416444,-0.02232483750748801,0.0006995219255195722,9.252324484936917e-05,-0.000606998680670203,0.01239932243009111,0.0002515042713464093,-0.012147818158744701
full,Full FUR,9-271,what system is needed for a body to get its needed supply of the gas humans breathe in?,5,7,"So, the circulatory system is the correct answer.",A): the circulatory system | B): the digestive system | C): the school system | D): central nervous system,A,0,0,A,A,True,True,False,93.65696293560937,50.10814884135281,90.0,0.23472823263006382,0.23472823263006382,0.23472823263006384,0.4330776174708923,0.7547606501810838,0.32168303271019155,0.8692596551727368,0.634531422542673,0.8692596551727368,0.634531422542673,1.0,1.0,0.8692596551727368,0.634531422542673,-0.23472823263006382,0.11764150047165245,0.3396401916766771,0.22199869120502463,0.0006995219255195722,0.0012249338601092055,0.0005254119345896334,0.01239932243009111,0.024603451920540687,0.012204129490449578
full,Full FUR,9-271,what system is needed for a body to get its needed supply of the gas humans breathe in?,6,7,The best answer is A.,A): the circulatory system | B): the digestive system | C): the school system | D): central nervous system,A,0,0,A,A,True,True,False,90.84275667822239,32.33661538382711,90.0,0.10517911204082586,0.10517911204082586,0.10517911204082588,0.4330776174708923,0.6116395510932523,0.17856193362236,0.8692596551727368,0.764080543131911,0.8692596551727368,0.764080543131911,1.0,1.0,0.8692596551727368,0.764080543131911,-0.10517911204082586,0.11764150047165245,0.21891272385839222,0.10127122338673977,0.0006995219255195722,0.0011487486157072285,0.0004492266901876563,0.01239932243009111,0.015857984393989572,0.003458661963898463
full,Full FUR,1309,They studied the soil by using,0,6,"- The question is about studying soil, which is a natural substance.",A): plants | B): a telescope | C): roots | D): a microscope,D,0,2,A,C,False,False,True,97.43718135503588,48.725095780090385,90.0,0.31788309105810864,-0.06560698102299192,0.31788309105810864,0.9477734570366163,1.1931515756925009,0.24537811865588455,0.611345412624424,0.29346232156631535,0.07301480350276382,0.13862178452575574,1.0,1.0,0.611345412624424,0.29346232156631535,-0.31788309105810864,0.026860643278288257,0.08407835355809684,0.057217710279808584,0.2887791405945239,0.48383754034983206,0.19505839975530814,0.07301480350276382,0.13862178452575574,0.06560698102299192
full,Full FUR,1309,They studied the soil by using,1,6,"- Studying soil typically involves examining its composition, structure, and properties.",A): plants | B): a telescope | C): roots | D): a microscope,D,0,3,A,D,False,True,True,94.3141383230082,53.31366842900347,90.0,0.4583002512061437,-0.34300508012974795,0.4583002512061437,0.9477734570366163,1.1955820295149675,0.2478085724783512,0.611345412624424,0.15304516141828028,0.07301480350276382,0.41601988363251174,1.0,1.0,0.611345412624424,0.15304516141828028,-0.4583002512061437,0.026860643278288257,0.0637987176790929,0.03693807440080464,0.2887791405945239,0.367136237270115,0.0783570966755911,0.07301480350276382,0.41601988363251174,0.34300508012974795
full,Full FUR,1309,They studied the soil by using,2,6,- Plants are often used in soil studies because they can help indicate the soil's fertility and quality.,A): plants | B): a telescope | C): roots | D): a microscope,D,0,3,A,D,False,True,True,96.52430247327771,53.31366842900347,95.0,0.608116521016601,-0.6692002262394647,0.8833015195890811,0.9477734570366163,0.64113212998743,-0.30664132704918634,0.611345412624424,0.0032288916078230295,0.07301480350276382,0.7422150297422285,1.0,1.0,0.611345412624424,0.0032288916078230295,-0.608116521016601,0.026860643278288257,0.2409619366279046,0.21410129334961636,0.2887791405945239,0.013594142022043874,-0.27518499857248,0.07301480350276382,0.7422150297422285,0.6692002262394647
full,Full FUR,1309,They studied the soil by using,3,6,"- A telescope is used for astronomical observations, not for studying soil.",A): plants | B): a telescope | C): roots | D): a microscope,D,0,0,A,A,False,False,False,93.55707463636479,31.53902081741832,95.0,0.338218218475037,-0.16801911951172913,0.4142856703828278,0.9477734570366163,1.3811248060430121,0.4333513490063958,0.611345412624424,0.27312719414938696,0.07301480350276382,0.24103392301449295,1.0,1.0,0.611345412624424,0.27312719414938696,-0.338218218475037,0.026860643278288257,0.27312719414938696,0.24626655087109872,0.2887791405945239,0.21271168868673312,-0.0760674519077908,0.07301480350276382,0.24103392301449295,0.16801911951172913
full,Full FUR,1309,They studied the soil by using,4,6,"- Roots are a part of plants, but the question is about studying soil, not the roots of plants.",A): plants | B): a telescope | C): roots | D): a microscope,D,0,0,A,A,False,False,False,94.04126812380139,50.68940651349456,100.0,-0.10355983472122154,0.05142653618659926,0.10810993335044386,0.9477734570366163,0.7704304937800165,-0.17734296325659982,0.611345412624424,0.7149052473456455,0.07301480350276382,0.02158826731616456,1.0,1.0,0.611345412624424,0.7149052473456455,0.10355983472122154,0.026860643278288257,0.03141074190751061,0.00455009862922235,0.2887791405945239,0.23209574343067935,-0.05668339716384457,0.07301480350276382,0.02158826731616456,-0.05142653618659926
full,Full FUR,1309,They studied the soil by using,5,6,"- A microscope is used to study small objects or samples, which could include soil, but it's not the most direct or common method for studying soil.",A): plants | B): a telescope | C): roots | D): a microscope,D,0,3,A,D,False,True,True,91.9816498321198,57.158213945667605,100.0,0.5190153517251663,-0.6092172187826976,0.6123317588125339,0.9477734570366163,0.9050464731770329,-0.0427269838595834,0.611345412624424,0.09233006089925766,0.07301480350276382,0.6822320222854614,1.0,1.0,0.611345412624424,0.09233006089925766,-0.5190153517251663,0.026860643278288257,0.029975183308124542,0.003114540029836285,0.2887791405945239,0.19546273350715637,-0.09331640708736755,0.07301480350276382,0.6822320222854614,0.6092172187826976
full,Full FUR,1923,When trying to pull a rose out of the ground why do you encounter resistance?,0,8,(A): roots - Roots are the underground structures of a plant that anchor it in the soil and absorb water and nutrients.,A): roots | B): tensile strength | C): plant temperature | D): plant color,A,1,1,B,B,False,False,False,94.923096969658,51.831685181307094,85.0,-0.22348437994514714,0.22618346880579565,0.22618346880579568,0.6261810799795934,0.28450362291180775,-0.34167745706778563,0.7037077862810861,0.9271921662262332,0.29334904579072907,0.0671655769849334,1.0,1.0,0.29334904579072907,0.0671655769849334,-0.22618346880579565,0.7037077862810861,0.9271921662262332,0.22348437994514714,0.0017443172872517961,0.0022982797017979946,0.0005539624145461984,0.0011988506409330213,0.0033439770870354124,0.002145126446102391
full,Full FUR,1923,When trying to pull a rose out of the ground why do you encounter resistance?,1,8,"When you try to pull a rose out of the ground, you are essentially trying to pull the entire plant out of the ground.",A): roots | B): tensile strength | C): plant temperature | D): plant color,A,1,1,B,B,False,False,False,83.02515256139138,41.89792160205974,95.0,-0.29506839100811433,0.2928615478801581,0.2950683910081143,0.6261810799795934,0.01076259290149975,-0.6154184870780937,0.7037077862810861,0.9987761772892004,0.29334904579072907,0.00048749791057093385,1.0,1.0,0.29334904579072907,0.00048749791057093385,-0.2928615478801581,0.7037077862810861,0.9987761772892004,0.29506839100811433,0.0017443172872517961,0.0003566610613149208,-0.0013876562259368752,0.0011988506409330213,0.0003796637389137476,-0.0008191869020192737
full,Full FUR,1923,When trying to pull a rose out of the ground why do you encounter resistance?,2,8,The roots are firmly anchored in the soil and provide resistance to the plant's movement.,A): roots | B): tensile strength | C): plant temperature | D): plant color,A,1,1,B,B,False,False,False,97.0037614479853,45.41814857636225,95.0,-0.295217798911414,0.2930139435821458,0.2952177989114139,0.6261810799795934,0.00959452142549763,-0.6165865585540957,0.7037077862810861,0.9989255851925001,0.29334904579072907,0.00033510220858326957,1.0,0.9999999999999999,0.29334904579072907,0.00033510220858326957,-0.2930139435821458,0.7037077862810861,0.9989255851925001,0.295217798911414,0.0017443172872517961,0.00033510220858326957,-0.0014092150786685267,0.0011988506409330213,0.0004042103903333778,-0.0007946402505996435
full,Full FUR,1923,When trying to pull a rose out of the ground why do you encounter resistance?,3,8,"So, the correct answer is (A): roots.",A): roots | B): tensile strength | C): plant temperature | D): plant color,A,1,1,B,B,False,False,False,85.01974971358183,23.327340392917996,95.0,-0.2952130378151173,0.2926396377513441,0.2952130378151173,0.6261810799795934,0.009368744076512777,-0.6168123359030806,0.7037077862810861,0.9989208240962034,0.29334904579072907,0.0007094080393849373,1.0,0.9999999999999999,0.29334904579072907,0.0007094080393849373,-0.2926396377513441,0.7037077862810861,0.9989208240962034,0.2952130378151173,0.0017443172872517961,0.00026097661558164697,-0.0014833406716701493,0.0011988506409330213,0.00010879124882994905,-0.0010900593921030722
full,Full FUR,1923,When trying to pull a rose out of the ground why do you encounter resistance?,4,8,(B): tensile strength - Tensile strength is a measure of the maximum stress a material can withstand while being stretched or pulled before failing or breaking.,A): roots | B): tensile strength | C): plant temperature | D): plant color,A,1,1,B,B,False,False,False,86.46647167633873,40.053563650929114,90.0,-0.09211555631494917,0.09213338942229765,0.09260654314579046,0.6261810799795934,0.5232618626110929,-0.10291921736850052,0.7037077862810861,0.7958233425960353,0.29334904579072907,0.20121565636843142,1.0,0.9999999999999999,0.29334904579072907,0.20121565636843142,-0.09213338942229765,0.7037077862810861,0.7958233425960353,0.09211555631494917,0.0017443172872517961,0.002235304118093081,0.0004909868308412848,0.0011988506409330213,0.0007256969174401915,-0.0004731537234928298
full,Full FUR,1923,When trying to pull a rose out of the ground why do you encounter resistance?,5,8,"While the plant's structure does have tensile strength, this is not the primary reason you encounter resistance when trying to pull a rose out of the ground.",A): roots | B): tensile strength | C): plant temperature | D): plant color,A,1,0,B,A,False,True,True,85.36676683770854,36.68394465137003,100.0,0.6620207024423882,-0.6554446343680704,0.6620207024423882,0.6261810799795934,0.2330761982372671,-0.3931048817423263,0.7037077862810861,0.04168708383869789,0.29334904579072907,0.9487936801587995,1.0,1.0,0.29334904579072907,0.9487936801587995,0.6554446343680704,0.7037077862810861,0.04168708383869789,-0.6620207024423882,0.0017443172872517961,0.0038775029906759533,0.002133185703424157,0.0011988506409330213,0.005641733011826676,0.004442882370893655
full,Full FUR,1923,When trying to pull a rose out of the ground why do you encounter resistance?,6,8,"So, the correct answer is not (B): tensile strength.",A): roots | B): tensile strength | C): plant temperature | D): plant color,A,1,0,B,A,False,True,True,94.65862726728336,22.725989270542748,95.0,0.6913061264280592,-0.6918368206483406,0.6922475888291899,0.6261810799795934,0.08450557187786685,-0.5416755081017265,0.7037077862810861,0.012401659853026834,0.29334904579072907,0.9851858664390697,1.0,1.0,0.29334904579072907,0.9851858664390697,0.6918368206483406,0.7037077862810861,0.012401659853026834,-0.6913061264280592,0.0017443172872517961,0.0021550854681010863,0.00041076818084929013,0.0011988506409330213,0.0002573882398023492,-0.0009414624011306721
full,Full FUR,1923,When trying to pull a rose out of the ground why do you encounter resistance?,7,8,(C): plant temperature - Plant,A): roots | B): tensile strength | C): plant temperature | D): plant color,A,1,1,B,B,False,False,False,96.8353413888964,24.81032387284714,90.0,-0.12968212633677578,0.12924486047996836,0.12973622673153146,0.6261810799795934,0.4652113470762752,-0.16096973290331817,0.7037077862810861,0.8333899126178619,0.29334904579072907,0.1641041853107607,1.0,1.0,0.29334904579072907,0.1641041853107607,-0.12924486047996836,0.7037077862810861,0.8333899126178619,0.12968212633677578,0.0017443172872517961,0.001252951035688709,-0.0004913662515630872,0.0011988506409330213,0.001252951035688709,5.4100394755687625e-05
full,Full FUR,9-298,An example of conservation is avoiding the use of,0,1,The best answer is (A): gasoline.,A): gasoline | B): air | C): snow | D): clothes,A,1,1,B,B,False,False,False,99.32092066276287,99.32092066276287,75.0,-0.32444016049298535,0.29567570716018965,0.3244401604929854,1.1908342770677462,0.6449045097030878,-0.5459297673646585,0.4318599926160272,0.7563001531090126,0.2968127584285238,0.0011370512683341542,1.0,1.0,0.2968127584285238,0.0011370512683341542,-0.29567570716018965,0.4318599926160272,0.7563001531090126,0.32444016049298535,0.2311580152668514,0.21668362667943264,-0.014474388587418757,0.04016923368859765,0.025879168943220676,-0.014290064745376974
full,Full FUR,1672,Squirrels spend their fall,1,16,Squirrels are known for their ability to prepare for winter.,A): looking for pretty leaves to collect | B): stockpiling rocks for fighting in the winter | C): stockpiling pecans for the frigid months | D): collecting twigs to keep warm,C,2,2,C,C,True,True,False,91.79150013761011,37.543703197758916,90.0,0.01887724735063634,0.01887724735063634,0.02008402775610822,0.29670876429297993,0.3826713954626124,0.08596263116963249,0.9288397150232542,0.9099624676726179,0.9288397150232542,0.9099624676726179,0.9999999999999999,1.0,0.006258472145162202,0.01888566634620447,0.012627194201042267,0.059378730198546566,0.058171949793074704,-0.001206780405471862,0.9288397150232542,0.9099624676726179,-0.01887724735063634,0.005523082633036947,0.012979916188102918,0.007456833555065971
full,Full FUR,1672,Squirrels spend their fall,3,16,They do this by collecting and storing food.,A): looking for pretty leaves to collect | B): stockpiling rocks for fighting in the winter | C): stockpiling pecans for the frigid months | D): collecting twigs to keep warm,C,2,2,C,C,True,True,False,96.1225792168278,31.938986448695683,95.0,-0.06397407236146702,-0.06397407236146702,0.06397407236146702,0.29670876429297993,0.04677683217777394,-0.24993193211520598,0.9288397150232542,0.9928137873847213,0.9288397150232542,0.9928137873847213,0.9999999999999999,1.0,0.006258472145162202,0.00037739729390229325,-0.005881074851259909,0.059378730198546566,0.005903486289566495,-0.05347524390898007,0.9288397150232542,0.9928137873847213,0.06397407236146702,0.005523082633036947,0.0009053290318099165,-0.0046177536012270304
full,Full FUR,1672,Squirrels spend their fall,5,16,The primary food source for squirrels is nuts.,A): looking for pretty leaves to collect | B): stockpiling rocks for fighting in the winter | C): stockpiling pecans for the frigid months | D): collecting twigs to keep warm,C,2,2,C,C,True,True,False,94.70019415966442,27.831886217405565,90.0,0.2645747266946158,0.2645747266946158,0.26457472669461585,0.29670876429297993,0.834291167880961,0.537582403587981,0.9288397150232542,0.6642649883286385,0.9288397150232542,0.6642649883286385,0.9999999999999999,1.0,0.006258472145162202,0.033071806114538686,0.026813333969376484,0.059378730198546566,0.27690685764072936,0.2175281274421828,0.9288397150232542,0.6642649883286385,-0.2645747266946158,0.005523082633036947,0.025756347916093526,0.02023326528305658
full,Full FUR,1672,Squirrels spend their fall,7,16,Pecans are a type of nut that squirrels might collect.,A): looking for pretty leaves to collect | B): stockpiling rocks for fighting in the winter | C): stockpiling pecans for the frigid months | D): collecting twigs to keep warm,C,2,2,C,C,True,True,False,95.77462638710077,40.636128881804,90.0,0.15674956183943967,0.15674956183943967,0.1567495618394397,0.29670876429297993,0.6830028273570588,0.3862940630640788,0.9288397150232542,0.7720901531838146,0.9288397150232542,0.7720901531838146,0.9999999999999999,1.0,0.006258472145162202,0.04935806720569405,0.04309959506053185,0.059378730198546566,0.17227660480534993,0.11289787460680337,0.9288397150232542,0.7720901531838146,-0.15674956183943967,0.005523082633036947,0.0062751748051414575,0.0007520921721045105
full,Full FUR,1672,Squirrels spend their fall,9,16,"The question asks about squirrels spending their fall, which means we're looking for what they do during this season.",A): looking for pretty leaves to collect | B): stockpiling rocks for fighting in the winter | C): stockpiling pecans for the frigid months | D): collecting twigs to keep warm,C,2,2,C,C,True,True,False,92.52607582390743,45.524649716049026,100.0,-0.06303191259791496,-0.06303191259791496,0.06303191259791496,0.29670876429297993,0.0518213346605636,-0.24488742963241633,0.9288397150232542,0.9918716276211692,0.9288397150232542,0.9918716276211692,0.9999999999999999,1.0,0.006258472145162202,0.00035419546953119265,-0.0059042766756310094,0.059378730198546566,0.006683178061629506,-0.05269555213691706,0.9288397150232542,0.9918716276211692,0.06303191259791496,0.005523082633036947,0.0010909988476700701,-0.004432083785366877
full,Full FUR,1672,Squirrels spend their fall,11,16,"Given that squirrels prepare for winter, it's logical that they would collect nuts during the fall.",A): looking for pretty leaves to collect | B): stockpiling rocks for fighting in the winter | C): stockpiling pecans for the frigid months | D): collecting twigs to keep warm,C,2,2,C,C,True,True,False,91.66223507384336,45.09739424841669,90.0,-0.05179801687208563,-0.05179801687208563,0.05179801687208561,0.29670876429297993,0.1144872261211054,-0.18222153817187453,0.9288397150232542,0.9806377318953399,0.9288397150232542,0.9806377318953399,0.9999999999999999,1.0,0.006258472145162202,0.003322452285101049,-0.0029360198600611527,0.059378730198546566,0.01089390157117395,-0.04848482862737262,0.9288397150232542,0.9806377318953399,0.05179801687208563,0.005523082633036947,0.0051459142483851385,-0.00037716838465180844
full,Full FUR,1672,Squirrels spend their fall,13,16,Pecans are a plausible nut that squirrels might collect.,A): looking for pretty leaves to collect | B): stockpiling rocks for fighting in the winter | C): stockpiling pecans for the frigid months | D): collecting twigs to keep warm,C,2,2,C,C,True,True,False,98.68077401978238,32.73192127435776,90.0,-0.06789714467697527,-0.06789714467697527,0.06789714467697527,0.29670876429297993,0.0239597610032136,-0.2727490032897663,0.9288397150232542,0.9967368597002295,0.9288397150232542,0.9967368597002295,0.9999999999999999,0.9999999999999999,0.006258472145162202,0.00022980752048188944,-0.006028664624680312,0.059378730198546566,0.002630008011771125,-0.056748722186775444,0.9288397150232542,0.9967368597002295,0.06789714467697527,0.005523082633036947,0.000403324767517419,-0.005119757865519528
full,Full FUR,1672,Squirrels spend their fall,15,16,"Therefore, the correct answer is (C): stockpiling pecans for the frigid months.",A): looking for pretty leaves to collect | B): stockpiling rocks for fighting in the winter | C): stockpiling pecans for the frigid months | D): collecting twigs to keep warm,C,2,2,C,C,True,True,False,71.90367075410067,30.052265652439168,100.0,0.12788222304005092,0.12788222304005092,0.12788222304005095,0.29670876429297993,0.6541147051691252,0.35740594087614524,0.9288397150232542,0.8009574919832033,0.9288397150232542,0.8009574919832033,0.9999999999999999,1.0,0.006258472145162202,0.04518692889973228,0.03892845675457008,0.059378730198546566,0.1391855313719936,0.07980680117344705,0.9288397150232542,0.8009574919832033,-0.12788222304005092,0.005523082633036947,0.014670047745070818,0.009146965112033872
full,Full FUR,163,The transportation with the most mass is likely a,0,6,Step 1:  We need to consider the typical capacity of each mode of transportation.,A): commercial plane | B): private plane | C): bus | D): private car,A,2,0,C,A,False,True,True,88.86762326086944,38.02974195551051,90.0,0.2560671309320447,-0.07986806669307533,0.2560671309320447,1.1944073724308026,1.2857906361988347,0.09138326376803207,0.4226697399912204,0.1666026090591757,0.3730047393065493,0.45287280599962465,1.0,1.0,0.3730047393065493,0.45287280599962465,0.07986806669307533,0.08322860487507698,0.21392197588202394,0.13069337100694695,0.4226697399912204,0.1666026090591757,-0.2560671309320447,0.1210969158271533,0.1666026090591757,0.0455056932320224
full,Full FUR,163,The transportation with the most mass is likely a,1,6,"Step 2:  Commercial planes are designed to carry large numbers of passengers and cargo, making them a strong candidate for the mode with the most mass.",A): commercial plane | B): private plane | C): bus | D): private car,A,2,3,C,D,False,False,True,80.68969413591216,48.22191133722471,95.0,0.25984939957523345,0.27424922245891264,0.534098622034146,1.1944073724308026,1.2114351576629796,0.017027785232176962,0.4226697399912204,0.16282034041598692,0.3730047393065493,0.09875551684763667,1.0,1.0,0.3730047393065493,0.09875551684763667,-0.27424922245891264,0.08322860487507698,0.23690219400005186,0.15367358912497486,0.4226697399912204,0.16282034041598692,-0.25984939957523345,0.1210969158271533,0.5015219487363245,0.3804250329091712
full,Full FUR,163,The transportation with the most mass is likely a,2,6,"Step 3:  Private planes, while capable of carrying large numbers of people, are generally smaller and less frequently used than commercial planes, so they are less likely to have the most mass.",A): commercial plane | B): private plane | C): bus | D): private car,A,2,2,C,C,False,False,False,86.5717904293102,52.85551378008903,100.0,-0.22124433713033975,0.16395644689144903,0.2212443371303397,1.1944073724308026,0.9919045792323723,-0.20250279319843034,0.4226697399912204,0.6439140771215601,0.3730047393065493,0.20904829241510028,1.0,1.0,0.3730047393065493,0.20904829241510028,-0.16395644689144903,0.08322860487507698,0.059893341143329615,-0.023335263731747366,0.4226697399912204,0.6439140771215601,0.22124433713033975,0.1210969158271533,0.08714428932001002,-0.033952626507143285
full,Full FUR,163,The transportation with the most mass is likely a,3,6,Step 4:  Buses are designed to carry large groups of people but are typically smaller and less heavy than commercial planes.,A): commercial plane | B): private plane | C): bus | D): private car,A,2,2,C,C,False,False,False,85.64979918781663,41.78433008708468,95.0,-0.30913257471427613,0.1633398643866221,0.3091325747142761,1.1944073724308026,0.7609736413721389,-0.4334337310586638,0.4226697399912204,0.7318023147054965,0.3730047393065493,0.20966487491992722,1.0,1.0,0.3730047393065493,0.20966487491992722,-0.1633398643866221,0.08322860487507698,0.0220985160882908,-0.06113008878678618,0.4226697399912204,0.7318023147054965,0.30913257471427613,0.1210969158271533,0.03643429428628548,-0.08466262154086782
full,Full FUR,163,The transportation with the most mass is likely a,4,6,"Step 5:  Private cars are designed for individual use and are generally the smallest and lightest of the options, making them the least likely to have the most mass.",A): commercial plane | B): private plane | C): bus | D): private car,A,2,2,C,C,False,False,False,83.6115562675315,40.867566682117406,100.0,-0.06824306476121572,-0.0602242721191279,0.1284673368803436,1.1944073724308026,0.9597330561964831,-0.23467431623431956,0.4226697399912204,0.4909128047524361,0.3730047393065493,0.4332290114256772,1.0,1.0,0.3730047393065493,0.4332290114256772,0.0602242721191279,0.08322860487507698,0.035561604830705924,-0.047667000044371056,0.4226697399912204,0.4909128047524361,0.06824306476121572,0.1210969158271533,0.040296578991180776,-0.08080033683597253
full,Full FUR,163,The transportation with the most mass is likely a,5,6,"Step 6:  Based on these considerations, commercial",A): commercial plane | B): private plane | C): bus | D): private car,A,2,2,C,C,False,False,False,90.09865916361737,24.957035389429237,95.0,-9.13647067203871e-05,0.11658715343500853,0.11658715343500856,1.1944073724308026,1.290334309930101,0.09592693749929837,0.4226697399912204,0.42276110469794076,0.3730047393065493,0.2564175858715408,1.0,1.0,0.3730047393065493,0.2564175858715408,-0.11658715343500853,0.08322860487507698,0.12112308925287146,0.03789448437779448,0.4226697399912204,0.42276110469794076,9.13647067203871e-05,0.1210969158271533,0.19969822017764705,0.07860130435049374
full,Full FUR,9-675,"A person wants to be able to have more natural power in their home. They choose to cease using a traditional electric company to source this electricity, and so decide to install",0,8,Step 1: The person wants to have more natural power in their home.,A): sun grafts | B): sunlight shields | C): panels collecting sunlight | D): solar bees,C,2,2,C,C,True,True,False,82.52048609874389,39.70128393885708,100.0,0.00905841888393144,0.00905841888393144,0.009058418883931437,0.01625764993851654,0.07091256719175057,0.05465491725323403,0.9980341634383497,0.9889757445544183,0.9980341634383497,0.9889757445544183,0.9999999999999999,0.9999999999999999,0.0007544905992199086,0.0066636664459740706,0.005909175846754162,0.0008549498608266651,0.002777829480731603,0.0019228796199049379,0.9980341634383497,0.9889757445544183,-0.00905841888393144,0.0003563961016036604,0.0015827595188759964,0.0012263634172723359
full,Full FUR,9-675,"A person wants to be able to have more natural power in their home. They choose to cease using a traditional electric company to source this electricity, and so decide to install",1,8,Step 2: They choose to stop using a traditional electric company.,A): sun grafts | B): sunlight shields | C): panels collecting sunlight | D): solar bees,C,2,2,C,C,True,True,False,90.40329139550015,26.120468718570134,95.0,-0.0002976473323228479,-0.0002976473323228479,0.0002979022590840236,0.01625764993851654,0.014002466390476573,-0.0022551835480399685,0.9980341634383497,0.9983318107706726,0.9980341634383497,0.9983318107706726,0.9999999999999999,1.0,0.0007544905992199086,0.0005521617272723909,-0.00020232887194751776,0.0008549498608266651,0.0008552047875878696,2.5492676120454985e-07,0.9980341634383497,0.9983318107706726,0.0002976473323228479,0.0003563961016036604,0.00026082271446718335,-9.557338713647707e-05
full,Full FUR,9-675,"A person wants to be able to have more natural power in their home. They choose to cease using a traditional electric company to source this electricity, and so decide to install",2,8,Step 3: They need a way to generate electricity.,A): sun grafts | B): sunlight shields | C): panels collecting sunlight | D): solar bees,C,2,2,C,C,True,True,False,94.48907389602414,34.29018463969452,100.0,0.0001104230666516548,0.0001104230666516548,0.0004073426283218611,0.01625764993851654,0.01710399044882011,0.0008463405103035677,0.9980341634383497,0.9979237403716981,0.9980341634383497,0.9979237403716981,0.9999999999999999,1.0,0.0007544905992199086,0.0004575710375497425,-0.00029691956167016614,0.0008549498608266651,0.0009099887180039273,5.5038857177262205e-05,0.9980341634383497,0.9979237403716981,-0.0001104230666516548,0.0003563961016036604,0.0007086998727482994,0.000352303771144639
full,Full FUR,9-675,"A person wants to be able to have more natural power in their home. They choose to cease using a traditional electric company to source this electricity, and so decide to install",3,8,"Step 4: The options are sun grafts, sunlight shields, panels collecting sunlight, and solar bees.",A): sun grafts | B): sunlight shields | C): panels collecting sunlight | D): solar bees,C,2,2,C,C,True,True,False,82.07098794498813,47.81581075467848,100.0,-0.0006688663966384345,-0.0006688663966384345,0.000668866396638415,0.01625764993851654,0.011252462097251233,-0.005005187841265309,0.9980341634383497,0.9987030298349882,0.9980341634383497,0.9987030298349882,0.9999999999999999,1.0,0.0007544905992199086,0.00033502754007623347,-0.00041946305914367517,0.0008549498608266651,0.0006662818268649555,-0.00018866803396170955,0.9980341634383497,0.9987030298349882,0.0006688663966384345,0.0003563961016036604,0.00029566079807064966,-6.073530353301076e-05
full,Full FUR,9-675,"A person wants to be able to have more natural power in their home. They choose to cease using a traditional electric company to source this electricity, and so decide to install",4,8,Step 5: Sun grafts and sunlight shields are not common terms for electricity generation.,A): sun grafts | B): sunlight shields | C): panels collecting sunlight | D): solar bees,C,2,2,C,C,True,True,False,92.52607582390743,49.81495565037538,95.0,0.005222751339929221,0.005222751339929221,0.00522275133992922,0.01625764993851654,0.05011674720907119,0.033859097270554646,0.9980341634383497,0.9928114120984205,0.9980341634383497,0.9928114120984205,0.9999999999999999,0.9999999999999999,0.0007544905992199086,0.003580637385384994,0.0028261467861650856,0.0008549498608266651,0.0016913734659482547,0.0008364236051215896,0.9980341634383497,0.9928114120984205,-0.005222751339929221,0.0003563961016036604,0.0019165770502462037,0.0015601809486425434
full,Full FUR,9-675,"A person wants to be able to have more natural power in their home. They choose to cease using a traditional electric company to source this electricity, and so decide to install",5,8,Step 6: Solar bees are not a known method for generating electricity.,A): sun grafts | B): sunlight shields | C): panels collecting sunlight | D): solar bees,C,2,2,C,C,True,True,False,96.38584642407857,44.450219705234296,95.0,0.010325490374068269,0.010325490374068269,0.010325490374068293,0.01625764993851654,0.07415460124865111,0.05789695131013457,0.9980341634383497,0.9877086730642815,0.9980341634383497,0.9877086730642815,0.9999999999999999,1.0,0.0007544905992199086,0.009683155310404966,0.008928664711185058,0.0008549498608266651,0.001906726248089578,0.001051776387262913,0.9980341634383497,0.9877086730642815,-0.010325490374068269,0.0003563961016036604,0.0007014453772240075,0.0003450492756203471
full,Full FUR,9-675,"A person wants to be able to have more natural power in their home. They choose to cease using a traditional electric company to source this electricity, and so decide to install",6,8,"Step 7: Panels collecting sunlight are a known method for generating electricity, specifically solar panels.",A): sun grafts | B): sunlight shields | C): panels collecting sunlight | D): solar bees,C,2,2,C,C,True,True,False,87.96303073535098,44.23280401239106,100.0,-0.0006819831492429484,-0.0006819831492429484,0.0006819831492429026,0.01625764993851654,0.011140371532256695,-0.005117278406259846,0.9980341634383497,0.9987161465875927,0.9980341634383497,0.9987161465875927,0.9999999999999999,1.0,0.0007544905992199086,0.00035663965902926287,-0.00039785094019064576,0.0008549498608266651,0.0006662906002681205,-0.00018865926055854456,0.9980341634383497,0.9987161465875927,0.0006819831492429484,0.0003563961016036604,0.0002609231531099941,-9.54729484936663e-05
full,Full FUR,9-675,"A person wants to be able to have more natural power in their home. They choose to cease using a traditional electric company to source this electricity, and so decide to install",7,8,The best answer is C.,A): sun grafts | B): sunlight shields | C): panels collecting sunlight | D): solar bees,C,2,2,C,C,True,True,False,73.50263786431033,29.778497960734683,95.0,0.005374344099264183,0.005374344099264183,0.00537434409926423,0.01625764993851654,0.051032268179596045,0.034774618241079504,0.9980341634383497,0.9926598193390855,0.9980341634383497,0.9926598193390855,0.9999999999999999,1.0,0.0007544905992199086,0.0035800904007523195,0.002825599801532411,0.0008549498608266651,0.002171434721443877,0.0013164848606172122,0.9980341634383497,0.9926598193390855,-0.005374344099264183,0.0003563961016036604,0.001588655538718313,0.0012322594371146525
full,Full FUR,1184,Seeds provide new plants with,0,9,"Seeds contain the embryo of a new plant, which has the potential to grow into a mature plant.",A): life sustaining elements | B): essentials for photosynthesis | C): water and hydrogen | D): storage for roots,A,1,1,B,B,False,False,False,89.60319745802943,50.496410307380145,85.0,0.04757901818007637,-0.014973473310583907,0.04757901818007635,0.8619466224370681,0.960771678055217,0.09882505561814892,0.5903270360053217,0.5427480178252453,0.35805145606312955,0.37302492937371345,1.0,0.9999999999999999,0.35805145606312955,0.37302492937371345,0.014973473310583907,0.5903270360053217,0.5427480178252453,-0.04757901818007637,0.03773834630148976,0.057205220842205855,0.019466874540716092,0.013883161630059029,0.027021831958835365,0.013138670328776336
full,Full FUR,1184,Seeds provide new plants with,1,9,The embryo contains the genetic material necessary for the plant to develop.,A): life sustaining elements | B): essentials for photosynthesis | C): water and hydrogen | D): storage for roots,A,1,1,B,B,False,False,False,97.73832048393311,44.3416180187852,85.0,-0.12241252692836146,0.15384815528094714,0.15384815528094714,0.8619466224370681,0.8142018098647659,-0.04774481257230223,0.5903270360053217,0.7127395629336831,0.35805145606312955,0.2042033007821824,1.0,1.0,0.35805145606312955,0.2042033007821824,-0.15384815528094714,0.5903270360053217,0.7127395629336831,0.12241252692836146,0.03773834630148976,0.066295107466519,0.028556761165029233,0.013883161630059029,0.016762028817615435,0.0028788671875564064
full,Full FUR,1184,Seeds provide new plants with,2,9,"However, seeds do not contain water or hydrogen in the form that plants need to grow.",A): life sustaining elements | B): essentials for photosynthesis | C): water and hydrogen | D): storage for roots,A,1,1,B,B,False,False,False,96.44187868171498,49.32246650845613,95.0,-0.1324539230669618,0.2324509811631117,0.2324509811631117,0.8619466224370681,0.8695112387167119,0.007564616279643777,0.5903270360053217,0.7227809590722835,0.35805145606312955,0.12560047490001786,1.0,0.9999999999999999,0.35805145606312955,0.12560047490001786,-0.2324509811631117,0.5903270360053217,0.7227809590722835,0.1324539230669618,0.03773834630148976,0.1108420515993696,0.07310370529787985,0.013883161630059029,0.040776514428329046,0.026893352798270015
full,Full FUR,1184,Seeds provide new plants with,3,9,They do not store water and hydrogen for the roots either.,A): life sustaining elements | B): essentials for photosynthesis | C): water and hydrogen | D): storage for roots,A,1,0,B,A,False,True,True,98.29279473426537,39.346934028736655,90.0,0.4942254560354845,-0.3520484595437668,0.4966100093927706,0.8619466224370681,0.8782811883807013,0.01633456594363325,0.5903270360053217,0.09610157996983715,0.35805145606312955,0.7100999156068963,1.0,1.0,0.35805145606312955,0.7100999156068963,0.3520484595437668,0.5903270360053217,0.09610157996983715,-0.4942254560354845,0.03773834630148976,0.03535379294420367,-0.002384553357286094,0.013883161630059029,0.15844471147906286,0.14456154984900382
full,Full FUR,1184,Seeds provide new plants with,4,9,Seeds are essentially a package of genetic information and a dormant plant structure that can be activated by the right conditions.,A): life sustaining elements | B): essentials for photosynthesis | C): water and hydrogen | D): storage for roots,A,1,1,B,B,False,False,False,95.84013473308404,57.98684909794769,100.0,-0.37186951530915313,0.3380817035397857,0.3718695153091532,0.8619466224370681,0.19823281827807993,-0.6637138041589882,0.5903270360053217,0.9621965513144748,0.35805145606312955,0.019969752523343837,1.0,1.0,0.35805145606312955,0.019969752523343837,-0.3380817035397857,0.5903270360053217,0.9621965513144748,0.37186951530915313,0.03773834630148976,0.012112266666075835,-0.025626079635413926,0.013883161630059029,0.005721429496105516,-0.008161732133953513
full,Full FUR,1184,Seeds provide new plants with,5,9,"The essential elements for photosynthesis, such as carbon dioxide and sunlight, are not stored in seeds.",A): life sustaining elements | B): essentials for photosynthesis | C): water and hydrogen | D): storage for roots,A,1,1,B,B,False,False,False,96.63123844411354,48.524411479139296,100.0,0.0040999845575169225,-0.04485614843550989,0.044856148435509925,0.8619466224370681,0.7352886736692694,-0.12665794876779868,0.5903270360053217,0.5862270514478047,0.35805145606312955,0.40290760449863944,1.0,1.0,0.35805145606312955,0.40290760449863944,0.04485614843550989,0.5903270360053217,0.5862270514478047,-0.0040999845575169225,0.03773834630148976,0.00737951034027813,-0.030358835961211632,0.013883161630059029,0.003485833713277626,-0.010397327916781402
full,Full FUR,1184,Seeds provide new plants with,6,9,Seeds do not provide life-sustaining elements in the sense that they do not contain the necessary nutrients for immediate growth.,A): life sustaining elements | B): essentials for photosynthesis | C): water and hydrogen | D): storage for roots,A,1,0,B,A,False,True,True,94.53196026320853,53.8575806667656,90.0,0.44317117631400615,-0.48877204713168404,0.488772047131684,0.8619466224370681,0.4574585789848985,-0.4044880434521696,0.5903270360053217,0.14715585969131553,0.35805145606312955,0.8468235031948136,1.0,1.0,0.35805145606312955,0.8468235031948136,0.48877204713168404,0.5903270360053217,0.14715585969131553,-0.44317117631400615,0.03773834630148976,0.003921571415940499,-0.03381677488554927,0.013883161630059029,0.0020990656979303864,-0.011784095932128643
full,Full FUR,1184,Seeds provide new plants with,7,9,They are more like a blueprint or a package of genetic material that can be used to grow a new plant when the right conditions are met.,A): life sustaining elements | B): essentials for photosynthesis | C): water and hydrogen | D): storage for roots,A,1,1,B,B,False,False,False,91.46451067662844,51.64315972749205,90.0,-0.38760161606384,0.3495907149709277,0.38760161606384,0.8619466224370681,0.12753166490185036,-0.7344149575352177,0.5903270360053217,0.9779286520691617,0.35805145606312955,0.008460741092201858,1.0,1.0,0.35805145606312955,0.008460741092201858,-0.3495907149709277,0.5903270360053217,0.9779286520691617,0.38760161606384,0.03773834630148976,0.010863806541429618,-0.026874539760060143,0.013883161630059029,0.0027468002972068127,-0.011136361332852215
full,Full FUR,9-1180,Mosquitoes enjoy all the people at a BBQ in the summer for what reason?,1,12,Mosquitoes are attracted to the warmth and moisture of the human body.,A): steak | B): blood | C): nice weather | D): taking food,B,1,1,B,B,True,True,False,94.86325204327493,42.686880392851926,95.0,9.101634432140404e-05,9.101634432140404e-05,9.107717136154152e-05,0.007905009870968984,0.008716584135939428,0.0008115742649704438,0.9990977144175639,0.9990066980732425,0.9990977144175639,0.9990066980732425,1.0,0.9999999999999999,9.602493901830673e-05,0.00015830391353249655,6.227897451418982e-05,0.9990977144175639,0.9990066980732425,-9.101634432140404e-05,0.0006665451864962287,0.0006664843594560488,-6.082704017990742e-08,0.00013971545692159973,0.000168513653768909,2.8798196847309277e-05
full,Full FUR,9-1180,Mosquitoes enjoy all the people at a BBQ in the summer for what reason?,3,12,They are known to feed on the blood of humans and other animals.,A): steak | B): blood | C): nice weather | D): taking food,B,1,1,B,B,True,True,False,93.70632484166201,35.812350873052026,95.0,0.04417440046687837,0.04417440046687837,0.04417440046687836,0.007905009870968984,0.21024370263933395,0.20233869276836497,0.9990977144175639,0.9549233139506855,0.9990977144175639,0.9549233139506855,1.0,1.0,9.602493901830673e-05,0.003039311561001249,0.0029432866219829424,0.9990977144175639,0.9549233139506855,-0.04417440046687837,0.0006665451864962287,0.03702639719422167,0.03635985200772544,0.00013971545692159973,0.005010977294091558,0.004871261837169958
full,Full FUR,9-1180,Mosquitoes enjoy all the people at a BBQ in the summer for what reason?,5,12,"At a BBQ, there are many people, which means there are many potential hosts for mosquitoes.",A): steak | B): blood | C): nice weather | D): taking food,B,1,1,B,B,True,True,False,94.86325204327493,44.666787774619735,95.0,0.002932923012679667,0.002932923012679667,0.002932923012679628,0.007905009870968984,0.028120638008950156,0.020215628137981174,0.9990977144175639,0.9961647914048842,0.9990977144175639,0.9961647914048842,1.0,0.9999999999999999,9.602493901830673e-05,0.0004862233145587564,0.00039019837554044967,0.9990977144175639,0.9961647914048842,-0.002932923012679667,0.0006665451864962287,0.002798022150668372,0.0021314769641721434,0.00013971545692159973,0.0005509631298885949,0.0004112476729669952
full,Full FUR,9-1180,Mosquitoes enjoy all the people at a BBQ in the summer for what reason?,7,12,"The presence of food, such as steak, may attract other animals, but it is not the primary reason mosquitoes are attracted to a BBQ.",A): steak | B): blood | C): nice weather | D): taking food,B,1,1,B,B,True,True,False,94.4458511668931,52.67099547811105,90.0,-0.00035507857635308504,-0.00035507857635308504,0.0003550785763530878,0.007905009870968984,0.0050970402183346,-0.0028079696526343836,0.9990977144175639,0.999452792993917,0.9990977144175639,0.999452792993917,1.0,1.0,9.602493901830673e-05,5.141670891536409e-05,-4.460823010294264e-05,0.9990977144175639,0.999452792993917,0.00035507857635308504,0.0006665451864962287,0.000379920945954199,-0.0002866242405420297,0.00013971545692159973,0.00011586935121348151,-2.3846105708118218e-05
full,Full FUR,9-1180,Mosquitoes enjoy all the people at a BBQ in the summer for what reason?,9,12,"The nice weather may contribute to the mosquitoes' presence, but it is not the reason they are attracted to people specifically.",A): steak | B): blood | C): nice weather | D): taking food,B,1,1,B,B,True,True,False,94.90322653301573,45.94858025525359,100.0,0.03477161381248006,0.03477161381248006,0.03477161381248005,0.007905009870968984,0.18153362561975891,0.17362861574878993,0.9990977144175639,0.9643261006050838,0.9990977144175639,0.9643261006050838,1.0,1.0,9.602493901830673e-05,0.003477902929111953,0.003381877990093646,0.9990977144175639,0.9643261006050838,-0.03477161381248006,0.0006665451864962287,0.025698418523487747,0.025031873336991518,0.00013971545692159973,0.0064975779423164645,0.006357862485394865
full,Full FUR,9-1180,Mosquitoes enjoy all the people at a BBQ in the summer for what reason?,11,12,Taking food is not a relevant factor in mosquitoes' attraction to humans at a BBQ.,A): steak | B): blood | C): nice weather | D): taking food,B,1,1,B,B,True,True,False,95.67442453948122,41.556480397287764,90.0,-0.0004920247495574515,-0.0004920247495574515,0.0004920247495574478,0.007905009870968984,0.003930316906665961,-0.003974692964303023,0.9990977144175639,0.9995897391671213,0.9990977144175639,0.9995897391671213,1.0,1.0,9.602493901830673e-05,4.830815007440975e-05,-4.7716788943896976e-05,0.9990977144175639,0.9995897391671213,0.0004920247495574515,0.0006665451864962287,0.0002959232769416597,-0.000370621909554569,0.00013971545692159973,6.60294058626217e-05,-7.368605105897804e-05
full,Full FUR,8-41,Tadpoles start their lives as,1,6,Tadpoles are the larval stage of frogs.,A): Water animals | B): Frogs | C): Ants | D): College Students,A,1,1,B,B,False,False,False,93.9945332104692,69.50172312889407,95.0,-0.20909653023082142,0.20992166830629683,0.20993317300305103,0.6134306439461276,0.20992860013468562,-0.40350204381144195,0.7474204246146945,0.9565169548455159,0.24265187797954768,0.032730209673250854,1.0,1.0,0.24265187797954768,0.032730209673250854,-0.20992166830629683,0.7474204246146945,0.9565169548455159,0.20909653023082142,0.0034612435589638085,0.0034497388622096773,-1.1504696754131242e-05,0.006466453846793965,0.007303096619023616,0.0008366427722296503
full,Full FUR,8-41,Tadpoles start their lives as,3,6,They start their lives in water.,A): Water animals | B): Frogs | C): Ants | D): College Students,A,1,1,B,B,False,False,False,98.68077401978238,64.89669849611899,85.0,-0.24349583986482437,0.24048425725641942,0.24349583986482437,0.6134306439461276,0.05963885459126117,-0.5537917893548664,0.7474204246146945,0.9909162644795189,0.24265187797954768,0.002167620723128251,1.0,0.9999999999999999,0.24265187797954768,0.002167620723128251,-0.24048425725641942,0.7474204246146945,0.9909162644795189,0.24349583986482437,0.0034612435589638085,0.001023911534524352,-0.0024373320244394565,0.006466453846793965,0.005892203262828494,-0.0005742505839654716
full,Full FUR,8-41,Tadpoles start their lives as,5,6,They undergo metamorphosis to become adult frogs.,A): Water animals | B): Frogs | C): Ants | D): College Students,A,1,1,B,B,False,False,False,98.22478740783714,76.06162820318211,95.0,0.007567399442925615,0.002456767315594327,0.010024166758519977,0.6134306439461276,0.6561314194236687,0.04270077547754114,0.7474204246146945,0.7398530251717689,0.24265187797954768,0.24019511066395335,1.0,1.0,0.24265187797954768,0.24019511066395335,-0.002456767315594327,0.7474204246146945,0.7398530251717689,-0.007567399442925615,0.0034612435589638085,0.0064009828552612875,0.002939739296297479,0.006466453846793965,0.013550881309016497,0.007084427462222532
full,Full FUR,7-891,A recyclable material can be,0,4,(A): transformed - This is a good option because recyclable materials can be transformed into new products.,A): transformed | B): traded | C): thrown away | D): used more times,D,0,3,A,D,False,True,True,89.62348389557117,46.054046406627315,90.0,0.36306655914364283,-0.24869648286689156,0.36306655914364283,1.1846010438936614,1.0438456026343137,-0.1407554412593477,0.41342954287567946,0.05036298373203664,0.3648502690773357,0.6135467519442273,1.0,1.0,0.41342954287567946,0.05036298373203664,-0.36306655914364283,0.17234306885514153,0.19918947663864034,0.02684640778349881,0.0493771191918433,0.1369007876850958,0.08752366849325251,0.3648502690773357,0.6135467519442273,0.24869648286689156
full,Full FUR,7-891,A recyclable material can be,1,4,"(B): traded - This is not a good option because trading refers to exchanging goods or services, not the process of recycling.",A): transformed | B): traded | C): thrown away | D): used more times,D,0,1,A,B,False,False,True,95.3229377616041,61.29567170661896,100.0,0.2709543408594972,0.15755008388542585,0.46618646727975,1.1846010438936614,0.9422931635264324,-0.24230788036722894,0.41342954287567946,0.14247520201618225,0.3648502690773357,0.20730018519190985,1.0,1.0,0.41342954287567946,0.14247520201618225,-0.2709543408594972,0.17234306885514153,0.6385295361348915,0.46618646727975,0.0493771191918433,0.011695076657016405,-0.0376820425348269,0.3648502690773357,0.20730018519190985,-0.15755008388542585
full,Full FUR,7-891,A recyclable material can be,2,4,"(C): thrown away - This is not a good option because recyclable materials are meant to be recycled, not thrown away.",A): transformed | B): traded | C): thrown away | D): used more times,D,0,3,A,D,False,True,True,84.0536065769052,59.12008216493021,95.0,0.37385230450340223,-0.5359234374913684,0.5359234374913684,1.1846010438936614,0.4151251383082778,-0.7694759055853836,0.41342954287567946,0.0395772383722772,0.3648502690773357,0.9007737065687041,1.0,1.0,0.41342954287567946,0.0395772383722772,-0.37385230450340223,0.17234306885514153,0.05081817894471301,-0.12152488991042852,0.0493771191918433,0.008830876114305695,-0.04054624307753761,0.3648502690773357,0.9007737065687041,0.5359234374913684
full,Full FUR,7-891,A recyclable material can be,3,4,"(D): used more times - This is not a good option because recyclable materials are meant to be recycled, not used more times.",A): transformed | B): traded | C): thrown away | D): used more times,D,0,3,A,D,False,True,True,79.92045900016946,57.49161136978385,100.0,0.3253131171333868,-0.47117512087065466,0.4711751208706546,1.1846010438936614,0.5832780450748489,-0.6013229988188125,0.41342954287567946,0.08811642574229267,0.3648502690773357,0.8360253899479904,1.0,1.0,0.41342954287567946,0.08811642574229267,-0.3253131171333868,0.17234306885514153,0.06862514734478313,-0.1037179215103584,0.0493771191918433,0.007233036964933903,-0.0421440822269094,0.3648502690773357,0.8360253899479904,0.47117512087065466
full,Full FUR,8-53,the dashboard reading in a jaguar would likely be set to which of these?,1,12,"The question is about a Jaguar car, not a human.",A): set to calories | B): set to volume | C): set to kilometers | D): set to width,C,2,2,C,C,True,True,False,98.16843611112658,45.630943048699955,95.0,0.017942562135132123,0.017942562135132123,0.02897461598065837,0.6583479782986794,0.6982901473948933,0.03994216909621384,0.8208620364771329,0.8029194743420007,0.8208620364771329,0.8029194743420007,1.0,1.0,0.046309872426617014,0.06590764445501864,0.01959777202840162,0.08651821866963315,0.09589506262188988,0.009376843952256728,0.8208620364771329,0.8029194743420007,-0.017942562135132123,0.046309872426617014,0.03527781858109075,-0.011032053845526267
full,Full FUR,8-53,the dashboard reading in a jaguar would likely be set to which of these?,3,12,The dashboard reading in a car is typically related to the car's performance or status.,A): set to calories | B): set to volume | C): set to kilometers | D): set to width,C,2,2,C,C,True,True,False,95.64049863067055,55.97059588828219,90.0,0.015557878822253679,0.015557878822253679,0.01719766898620432,0.6583479782986794,0.7022175857478644,0.043869607449185,0.8208620364771329,0.8053041576548792,0.8208620364771329,0.8053041576548792,1.0,1.0,0.046309872426617014,0.0514813728409801,0.005171500414363088,0.08651821866963315,0.08487842850568252,-0.001639790163950633,0.8208620364771329,0.8053041576548792,-0.015557878822253679,0.046309872426617014,0.05833604099845825,0.012026168571841238
full,Full FUR,8-53,the dashboard reading in a jaguar would likely be set to which of these?,5,12,"The options provided are calories, volume, kilometers, and width.",A): set to calories | B): set to volume | C): set to kilometers | D): set to width,C,2,2,C,C,True,True,False,90.25216522500516,29.089381756260156,90.0,-0.05473113426939746,-0.05473113426939746,0.05473113426939749,0.6583479782986794,0.5081247916415503,-0.15022318665712908,0.8208620364771329,0.8755931707465303,0.8208620364771329,0.8755931707465303,1.0,1.0,0.046309872426617014,0.029961151499952442,-0.016348720926664572,0.08651821866963315,0.05597479920131491,-0.03054341946831824,0.8208620364771329,0.8755931707465303,0.05473113426939746,0.046309872426617014,0.03847087855220231,-0.007838993874414703
full,Full FUR,8-53,the dashboard reading in a jaguar would likely be set to which of these?,7,12,Calories and volume are not typically related to a car's performance or status.,A): set to calories | B): set to volume | C): set to kilometers | D): set to width,C,2,2,C,C,True,True,False,95.67442453948122,51.64315972749205,85.0,0.2138692386734894,0.2138692386734894,0.21386923867348934,0.6583479782986794,0.9729335883870559,0.3145856100883765,0.8208620364771329,0.6069927978036435,0.8208620364771329,0.6069927978036435,1.0,0.9999999999999999,0.046309872426617014,0.056459117409872896,0.010149244983255881,0.08651821866963315,0.28672308680512515,0.200204868135492,0.8208620364771329,0.6069927978036435,-0.2138692386734894,0.046309872426617014,0.04982499798135846,0.003515125554741448
full,Full FUR,8-53,the dashboard reading in a jaguar would likely be set to which of these?,9,12,"Kilometers is a unit of distance, which could be relevant to a car's performance or status.",A): set to calories | B): set to volume | C): set to kilometers | D): set to width,C,2,1,C,B,True,False,True,92.75602429657485,49.32246650845613,95.0,0.5119626246528048,0.5119626246528048,0.5119626246528048,0.6583479782986794,1.323272075359888,0.6649240970612085,0.8208620364771329,0.30889941182432806,0.8208620364771329,0.30889941182432806,1.0,1.0,0.046309872426617014,0.21230325735519104,0.16599338492857402,0.08651821866963315,0.35002888292160284,0.2635106642519697,0.8208620364771329,0.30889941182432806,-0.5119626246528048,0.046309872426617014,0.1287684478988781,0.08245857547226107
full,Full FUR,8-53,the dashboard reading in a jaguar would likely be set to which of these?,11,12,Width is not typically related to a car's performance or status.,A): set to calories | B): set to volume | C): set to kilometers | D): set to width,C,2,2,C,C,True,True,False,95.50211320221104,31.805924880965186,90.0,-0.009491102807207552,-0.009491102807207552,0.03534896289153738,0.6583479782986794,0.6030550161779393,-0.055292962120740086,0.8208620364771329,0.8303531392843404,0.8208620364771329,0.8303531392843404,1.0,1.0,0.046309872426617014,0.03219628700577414,-0.014113585420842872,0.08651821866963315,0.11237607875396297,0.025857860084329817,0.8208620364771329,0.8303531392843404,0.009491102807207552,0.046309872426617014,0.025074494955922486,-0.021235377470694528
full,Full FUR,1272,Inherited behavior is exhibited when,0,7,Step 1: Inherited behavior refers to actions or traits that are passed down from parents to offspring through genes.,A): bears take a long winter sleep | B): dogs sit on command | C): seals clap for their trainers | D): rats navigate thru a maze,A,1,0,B,A,False,True,True,89.94273573350856,40.867566682117406,95.0,0.15536148983909553,-0.22161186123254298,0.24715444361045402,1.2156995665746537,1.3525916075823168,0.13689204100766306,0.4369796975321955,0.2816182076931,0.09750336026785375,0.31911522150039673,1.0,1.0,0.09750336026785375,0.31911522150039673,0.22161186123254298,0.4369796975321955,0.2816182076931,-0.15536148983909553,0.1251967893986698,0.1507393717765808,0.025542582377911016,0.340320152801281,0.24852719902992249,-0.09179295377135849
full,Full FUR,1272,Inherited behavior is exhibited when,1,7,Step 2: The question asks for an example of inherited behavior.,A): bears take a long winter sleep | B): dogs sit on command | C): seals clap for their trainers | D): rats navigate thru a maze,A,1,1,B,B,False,False,False,93.70632484166201,34.29018463969452,95.0,-0.07816578501965293,0.03597800401415023,0.10056066155795859,1.2156995665746537,1.150872822155595,-0.06482674441905867,0.4369796975321955,0.5151454825518484,0.09750336026785375,0.06152535625370352,1.0,0.9999999999999999,0.09750336026785375,0.06152535625370352,-0.03597800401415023,0.4369796975321955,0.5151454825518484,0.07816578501965293,0.1251967893986698,0.14759166593697542,0.02239487653830563,0.340320152801281,0.2757374952574726,-0.06458265754380837
full,Full FUR,1272,Inherited behavior is exhibited when,2,7,"Step 3: Looking at the options, we can see that inherited behavior is not typically associated with bears taking a long winter sleep, as this is more of a natural adaptation.",A): bears take a long winter sleep | B): dogs sit on command | C): seals clap for their trainers | D): rats navigate thru a maze,A,1,0,B,A,False,True,True,89.7042345845394,53.767370686998994,95.0,0.3882092591975193,-0.7669733108264818,0.7669733108264818,1.2156995665746537,0.5447561414770515,-0.6709434250976022,0.4369796975321955,0.048770438334676196,0.09750336026785375,0.8644766710943356,1.0,1.0,0.09750336026785375,0.8644766710943356,0.7669733108264818,0.4369796975321955,0.048770438334676196,-0.3882092591975193,0.1251967893986698,0.037982452236312046,-0.08721433716235774,0.340320152801281,0.048770438334676196,-0.29154971446660477
full,Full FUR,1272,Inherited behavior is exhibited when,3,7,"Step 4: Dogs sitting on command is a learned behavior, not an inherited one.",A): bears take a long winter sleep | B): dogs sit on command | C): seals clap for their trainers | D): rats navigate thru a maze,A,1,1,B,B,False,False,False,85.25199696757207,36.31186312148776,95.0,-0.1536032648721229,0.04902536076303424,0.19761132023729205,1.2156995665746537,1.0750472118997747,-0.14065235467487902,0.4369796975321955,0.5905829624043184,0.09750336026785375,0.04847799950481951,1.0,0.9999999999999999,0.09750336026785375,0.04847799950481951,-0.04902536076303424,0.4369796975321955,0.5905829624043184,0.1536032648721229,0.1251967893986698,0.1692048447638389,0.04400805536516911,0.340320152801281,0.19173419332702313,-0.14858595947425784
full,Full FUR,1272,Inherited behavior is exhibited when,4,7,"Step 5: Seals clapping for their trainers is also a learned behavior, not an inherited one.",A): bears take a long winter sleep | B): dogs sit on command | C): seals clap for their trainers | D): rats navigate thru a maze,A,1,1,B,B,False,False,False,77.8606252533847,31.672603173400105,100.0,-0.4135588917003307,0.06452440547155697,0.4135588917003307,1.2156995665746537,0.5737404922231619,-0.6419590743514918,0.4369796975321955,0.8505385892325262,0.09750336026785375,0.03297895479629679,1.0,0.9999999999999999,0.09750336026785375,0.03297895479629679,-0.06452440547155697,0.4369796975321955,0.8505385892325262,0.4135588917003307,0.1251967893986698,0.03737005493942505,-0.08782673445924474,0.340320152801281,0.0791124010317519,-0.26120775176952904
full,Full FUR,1272,Inherited behavior is exhibited when,5,7,"Step 6: Rats navigating through a maze is a learned behavior, as they use their sense of smell and problem-solving skills to find the path.",A): bears take a long winter sleep | B): dogs sit on command | C): seals clap for their trainers | D): rats navigate thru a maze,A,1,3,B,D,False,False,True,90.55207457189076,45.73702897979207,95.0,0.3868105578989529,0.08121582685318753,0.5489490716666929,1.2156995665746537,0.45956396995820636,-0.7561355966164474,0.4369796975321955,0.050169139633242606,0.09750336026785375,0.01628753341466623,1.0,1.0,0.09750336026785375,0.01628753341466623,-0.08121582685318753,0.4369796975321955,0.050169139633242606,-0.3868105578989529,0.1251967893986698,0.04427410248411724,-0.08092268691455255,0.340320152801281,0.889269224467974,0.5489490716666929
full,Full FUR,1272,Inherited behavior is exhibited when,6,7,"Step 7: However, bears taking a long winter sleep is an example of",A): bears take a long winter sleep | B): dogs sit on command | C): seals clap for their trainers | D): rats navigate thru a maze,A,1,3,B,D,False,False,True,92.22834853162153,35.812350873052026,90.0,0.41219484268010925,0.09319639767458969,0.589724710663639,1.2156995665746537,0.3132153498191821,-0.9024842167554716,0.4369796975321955,0.024784854852086265,0.09750336026785375,0.00430696259326406,1.0,1.0,0.09750336026785375,0.00430696259326406,-0.09319639767458969,0.4369796975321955,0.024784854852086265,-0.41219484268010925,0.1251967893986698,0.04086331908972974,-0.08433347030894006,0.340320152801281,0.93004486346492,0.589724710663639
full,Full FUR,8-125,"A prisoner is kept in a stone room, unable to see the sun. The prisoner knows that he needs vitamin D to survive, so he",0,4,Step 1: The prisoner needs vitamin D to survive.,A): asks for milk | B): asks for television | C): asks for water | D): asks for sleep,A,0,0,A,A,True,True,False,87.8211427506459,29.365836057438045,90.0,-0.09808870187710184,-0.09808870187710184,0.09808870187710184,1.0818605459522086,0.9237675987821443,-0.15809294717006428,0.6035369589661288,0.7016256608432306,0.6035369589661288,0.7016256608432306,1.0,0.9999999999999999,0.6035369589661288,0.7016256608432306,0.09808870187710184,0.19593974801942893,0.13815827976520983,-0.05778146825421909,0.08167983530700329,0.06526135054069795,-0.016418484766305336,0.11884345770743893,0.09495470885086153,-0.023888748856577394
full,Full FUR,8-125,"A prisoner is kept in a stone room, unable to see the sun. The prisoner knows that he needs vitamin D to survive, so he",1,4,Step 2: Vitamin D is obtained from sunlight.,A): asks for milk | B): asks for television | C): asks for water | D): asks for sleep,A,0,0,A,A,True,True,False,95.0212931632136,33.90403600025511,95.0,-0.028447939958473722,-0.028447939958473722,0.09595869921406747,1.0818605459522086,0.9491950783098051,-0.1326654676424035,0.6035369589661288,0.6319848989246025,0.6035369589661288,0.6319848989246025,1.0,1.0,0.6035369589661288,0.6319848989246025,0.028447939958473722,0.19593974801942893,0.26345050727502267,0.06751075925559374,0.08167983530700329,0.0457808382180458,-0.03589899708895749,0.11884345770743893,0.05878375558232897,-0.06005970212510996
full,Full FUR,8-125,"A prisoner is kept in a stone room, unable to see the sun. The prisoner knows that he needs vitamin D to survive, so he",2,4,"Step 3: Since the prisoner is kept in a stone room and cannot see the sun, he cannot get vitamin D from sunlight.",A): asks for milk | B): asks for television | C): asks for water | D): asks for sleep,A,0,1,A,B,True,False,True,77.51198083158357,47.09745560096034,100.0,0.2855808987950015,0.2855808987950015,0.31200825657534004,1.0818605459522086,1.2224159244214734,0.1405553784692648,0.6035369589661288,0.3179560601711273,0.6035369589661288,0.3179560601711273,1.0,1.0,0.6035369589661288,0.3179560601711273,-0.2855808987950015,0.19593974801942893,0.4082636535167694,0.21232390549734048,0.08167983530700329,0.055252477526664734,-0.026427357780338556,0.11884345770743893,0.21852780878543854,0.09968435107799961
full,Full FUR,8-125,"A prisoner is kept in a stone room, unable to see the sun. The prisoner knows that he needs vitamin D to survive, so he",3,4,"Step 4: The prisoner needs to find another way to get vitamin D.
Step 5: Milk is a source of vitamin D.
Step 6: Therefore, the prisoner should ask for milk.",A): asks for milk | B): asks for television | C): asks for water | D): asks for sleep,A,0,3,A,D,True,False,True,80.83996812836007,64.48291188610344,100.0,0.507536528143766,0.507536528143766,0.5144511522880206,1.0818605459522086,1.0359164879496587,-0.04594405800254986,0.6035369589661288,0.0960004308223628,0.6035369589661288,0.0960004308223628,1.0,1.0,0.6035369589661288,0.0960004308223628,-0.507536528143766,0.19593974801942893,0.20323289476559547,0.007293146746166546,0.08167983530700329,0.07476521116274869,-0.0069146241442546025,0.11884345770743893,0.6260014632492931,0.5071580055418541
full,Full FUR,132,What would happen when balloons heat up?,0,4,"When balloons heat up, the molecules inside the balloon start moving faster.",A): they get bigger | B): they get smaller | C): nothing happens | D): they fall down,A,0,2,A,C,True,False,True,94.38038061800702,66.89443364768405,90.0,0.352441830469152,0.352441830469152,0.5225345572555679,1.0291099803887702,1.3255406542278392,0.29643067383906896,0.5142346129875272,0.16179278251837517,0.5142346129875272,0.16179278251837517,1.0,1.0,0.5142346129875272,0.16179278251837517,-0.352441830469152,0.3534279836112779,0.1833352568248621,-0.17009272678641582,0.01759614272705758,0.38812073486863474,0.3705245921415772,0.11474126067413737,0.266751225788128,0.15200996511399062
full,Full FUR,132,What would happen when balloons heat up?,1,4,This increased movement causes the molecules to spread out and move away from each other.,A): they get bigger | B): they get smaller | C): nothing happens | D): they fall down,A,0,1,A,B,True,False,True,90.40329139550015,62.7784112388045,90.0,0.21486010113092685,0.21486010113092685,0.24660093072669442,1.0291099803887702,1.3060218938980062,0.27691191350923594,0.5142346129875272,0.2993745118566003,0.5142346129875272,0.2993745118566003,1.0,1.0,0.5142346129875272,0.2993745118566003,-0.21486010113092685,0.3534279836112779,0.33923574271095563,-0.014192240900322284,0.01759614272705758,0.264197073453752,0.2466009307266944,0.11474126067413737,0.09719267197869205,-0.017548588695445316
full,Full FUR,132,What would happen when balloons heat up?,2,4,"As a result, the volume of the balloon increases, and it gets bigger.",A): they get bigger | B): they get smaller | C): nothing happens | D): they fall down,A,0,0,A,A,True,True,False,91.72712007527028,64.20434791153616,90.0,0.05684188295164366,0.05684188295164366,0.1013157752945264,1.0291099803887702,1.1063265728146474,0.0772165924258772,0.5142346129875272,0.4573927300358835,0.5142346129875272,0.4573927300358835,1.0,1.0,0.5142346129875272,0.4573927300358835,-0.05684188295164366,0.3534279836112779,0.3143611305006783,-0.0390668531105996,0.01759614272705758,0.012189103494774423,-0.005407039232283157,0.11474126067413737,0.21605703596866377,0.1013157752945264
full,Full FUR,132,What would happen when balloons heat up?,3,4,"So, the correct answer is (A): they get bigger.",A): they get bigger | B): they get smaller | C): nothing happens | D): they fall down,A,0,1,A,B,True,False,True,80.30883247958059,47.917633530625025,90.0,0.2560201498270076,0.2560201498270076,0.2560201498270076,1.0291099803887702,1.327944196779353,0.29883421639058283,0.5142346129875272,0.25821446316051955,0.5142346129875272,0.25821446316051955,1.0,1.0,0.5142346129875272,0.25821446316051955,-0.2560201498270076,0.3534279836112779,0.3756998163238031,0.022271832712525197,0.01759614272705758,0.13821225898059153,0.12061611625353395,0.11474126067413737,0.22787346153508586,0.1131322008609485
full,Full FUR,1426,To grow plants require,0,6,"To grow plants, they need a few basic things.",A): acid rain | B): pesticides | C): shafts of sunlight | D): moonbeam rays,C,2,2,C,C,True,True,False,95.70808643477497,58.47631713181587,95.0,0.0012667038964102595,0.0012667038964102595,0.001268608430005614,0.03133860744358369,0.039496833576788654,0.008158226133204965,0.9958276115513309,0.9945609076549207,0.9958276115513309,0.9945609076549207,1.0,1.0,0.0007528224931924697,0.0013195639612899619,0.0005667414680974921,0.0014971663421125474,0.0014952618085171912,-1.9045335953561063e-06,0.9958276115513309,0.9945609076549207,-0.0012667038964102595,0.0019223996133640423,0.002624266575272163,0.0007018669619081206
full,Full FUR,1426,To grow plants require,1,6,"First, they need water, air, and a suitable temperature.",A): acid rain | B): pesticides | C): shafts of sunlight | D): moonbeam rays,C,2,2,C,C,True,True,False,95.74148637112124,61.29567170661896,95.0,0.017820850075993877,0.017820850075993877,0.017820850075993856,0.03133860744358369,0.1293363035031306,0.09799769605954692,0.9958276115513309,0.978006761475337,0.9958276115513309,0.978006761475337,1.0,0.9999999999999999,0.0007528224931924697,0.0065897571527492056,0.005836934659556736,0.0014971663421125474,0.009588041159738932,0.008090874817626385,0.9958276115513309,0.978006761475337,-0.017820850075993877,0.0019223996133640423,0.005815440212174762,0.0038930405988107197
full,Full FUR,1426,To grow plants require,2,6,"However, when it comes to sunlight, plants require more than just any old light.",A): acid rain | B): pesticides | C): shafts of sunlight | D): moonbeam rays,C,2,2,C,C,True,True,False,96.95657755641199,68.65627975066214,95.0,0.014033998766993294,0.014033998766993294,0.014033998766993308,0.03133860744358369,0.1076568450720993,0.07631823762851561,0.9958276115513309,0.9817936127843376,0.9958276115513309,0.9817936127843376,1.0,1.0,0.0007528224931924697,0.005151979937345387,0.0043991574441529175,0.0014971663421125474,0.010906742560662552,0.009409576218550004,0.9958276115513309,0.9817936127843376,-0.014033998766993294,0.0019223996133640423,0.002147664717654445,0.0002252651042904028
full,Full FUR,1426,To grow plants require,3,6,They need a specific type of light that is rich in energy.,A): acid rain | B): pesticides | C): shafts of sunlight | D): moonbeam rays,C,2,2,C,C,True,True,False,95.87250706142024,64.20434791153616,90.0,0.017643784266347384,0.017643784266347384,0.017643784266347367,0.03133860744358369,0.12771552736632383,0.09637691992274014,0.9958276115513309,0.9781838272849835,0.9958276115513309,0.9781838272849835,1.0,0.9999999999999999,0.0007528224931924697,0.005816493421520364,0.005063670928327894,0.0014971663421125474,0.010866641573236375,0.009369475231123827,0.9958276115513309,0.9781838272849835,-0.017643784266347384,0.0019223996133640423,0.005133037720259666,0.003210638106895624
full,Full FUR,1426,To grow plants require,4,6,"This energy is essential for photosynthesis, the process by which plants make their food.",A): acid rain | B): pesticides | C): shafts of sunlight | D): moonbeam rays,C,2,2,C,C,True,True,False,94.1793019990428,60.06706444162311,100.0,0.001065573329981917,0.001065573329981917,0.002080867343282106,0.03133860744358369,0.03766863662603625,0.006330029182452561,0.9958276115513309,0.994762038221349,0.9958276115513309,0.994762038221349,1.0,0.9999999999999999,0.0007528224931924697,0.0011647465114954774,0.0004119240183030077,0.0014971663421125474,0.0031661096670916253,0.001668943324979078,0.9958276115513309,0.994762038221349,-0.001065573329981917,0.0019223996133640423,0.0009071056000638326,-0.0010152940133002098
full,Full FUR,1426,To grow plants require,5,6,"So, what type of light do plants need to grow?",A): acid rain | B): pesticides | C): shafts of sunlight | D): moonbeam rays,C,2,2,C,C,True,True,False,96.78550526731239,56.82220165314562,95.0,0.003578977169530706,0.003578977169530706,0.003578977169530713,0.03133860744358369,0.05311246478356415,0.02177385733998046,0.9958276115513309,0.9922486343818002,0.9958276115513309,0.9922486343818002,1.0,1.0,0.0007528224931924697,0.0012367336063232605,0.0004839111131307908,0.0014971663421125474,0.004055093426544782,0.002557927084432235,0.9958276115513309,0.9922486343818002,-0.003578977169530706,0.0019223996133640423,0.002459538585331736,0.0005371389719676938
full,Full FUR,8-464,An electric car runs on electricity via,0,2,"Electric cars run on electricity, which is a form of energy.",A): gasoline | B): a power station | C): electrical conductors | D): fuel,C,1,1,B,B,False,False,False,96.31456363203735,82.69035369507888,90.0,-0.3169630228821243,0.3372804759368461,0.33728047593684607,0.778896643823113,0.4928845148962531,-0.28601212892685984,0.5504712270175377,0.867434249899662,0.42870737605120374,0.09142690011435761,1.0000000000000002,1.0,0.0019853091105361547,0.007504776470522572,0.0055194673599864175,0.5504712270175377,0.867434249899662,0.3169630228821243,0.42870737605120374,0.09142690011435761,-0.3372804759368461,0.01883608782072245,0.03363407351545784,0.014797985694735387
full,Full FUR,8-464,An electric car runs on electricity via,1,2,"Electricity is generated at power stations, so the correct answer is related to power stations.",A): gasoline | B): a power station | C): electrical conductors | D): fuel,C,1,2,B,C,False,True,True,92.46745711008072,84.2393876875457,100.0,0.21439603981861494,-0.19916372096010787,0.21439603981861494,0.778896643823113,0.7926170039692892,0.01372036014617628,0.5504712270175377,0.33607518719892276,0.42870737605120374,0.6278710970113116,1.0000000000000002,1.0,0.0019853091105361547,0.004793854902676104,0.0028085457921399495,0.5504712270175377,0.33607518719892276,-0.21439603981861494,0.42870737605120374,0.6278710970113116,0.19916372096010787,0.01883608782072245,0.03125986088708955,0.012423773066367098
full,Full FUR,1702,How can we see that the coloration of fur is an inherited characteristic?,0,4,"(A) is a characteristic of puppies, but it doesn't tell us anything about inheritance.",A): puppies have soft fur | B): kittens look like their parents | C): all mammals are born with fur | D): baby rats are mostly bald,B,1,1,B,B,True,True,False,94.3141383230082,56.48355398355083,90.0,0.20526596709381983,0.20526596709381983,0.2052659670938198,0.36701826843711566,0.7555231489234018,0.3885048804862861,0.9067174500955716,0.7014514830017518,0.9067174500955716,0.7014514830017518,1.0,1.0,0.004198935213626116,0.016496559666456877,0.01229762445283076,0.9067174500955716,0.7014514830017518,-0.20526596709381983,0.07442789285652125,0.2580496082382262,0.18362171538170496,0.014655721834281083,0.024002349093565155,0.009346627259284071
full,Full FUR,1702,How can we see that the coloration of fur is an inherited characteristic?,1,4,"(B) is a good clue, but it doesn't tell us how the coloration of fur is inherited.",A): puppies have soft fur | B): kittens look like their parents | C): all mammals are born with fur | D): baby rats are mostly bald,B,1,2,B,C,True,False,True,85.01974971358183,54.39515613501873,100.0,0.7908956756360075,0.7908956756360075,0.7908956756360074,0.36701826843711566,1.0945027286739426,0.7274844602368269,0.9067174500955716,0.11582177445956415,0.9067174500955716,0.11582177445956415,1.0,1.0,0.004198935213626116,0.21638361303569328,0.21218467782206718,0.9067174500955716,0.11582177445956415,-0.7908956756360075,0.07442789285652125,0.5881915469396283,0.513763654083107,0.014655721834281083,0.07960306556511426,0.06494734373083318
full,Full FUR,1702,How can we see that the coloration of fur is an inherited characteristic?,2,4,"(C) is true, but it doesn't tell us anything about the coloration of fur.",A): puppies have soft fur | B): kittens look like their parents | C): all mammals are born with fur | D): baby rats are mostly bald,B,1,1,B,B,True,True,False,89.21013048572325,61.89572669847874,100.0,-0.08841665243809482,-0.08841665243809482,0.08841665243809482,0.36701826843711566,0.03481581233778573,-0.3322024560993299,0.9067174500955716,0.9951341025336664,0.9067174500955716,0.9951341025336664,1.0,1.0,0.004198935213626116,0.000378279301638065,-0.003820655911988051,0.9067174500955716,0.9951341025336664,0.08841665243809482,0.07442789285652125,0.0013203244720846963,-0.07310756838443655,0.014655721834281083,0.0031672936926108483,-0.011488428141670235
full,Full FUR,1702,How can we see that the coloration of fur is an inherited characteristic?,3,4,"(D) is a characteristic of baby rats, but it doesn't tell us anything about the inheritance of fur coloration.",A): puppies have soft fur | B): kittens look like their parents | C): all mammals are born with fur | D): baby rats are mostly bald,B,1,1,B,B,True,True,False,79.68376772484682,55.45159120530734,100.0,-0.016157627123742135,-0.016157627123742135,0.018404951274758663,0.36701826843711566,0.31822850271140973,-0.048789765725705925,0.9067174500955716,0.9228750772193137,0.9067174500955716,0.9228750772193137,1.0,1.0,0.004198935213626116,0.0012244524746403774,-0.0029744827389857386,0.9067174500955716,0.9228750772193137,0.016157627123742135,0.07442789285652125,0.05899742432074831,-0.015430468535772943,0.014655721834281083,0.016903045985297595,0.002247324151016512
full,Full FUR,8-466,What is the best way to guess a babies eye color?,1,9,"**Understanding the Basics of Eye Color Genetics**: Eye color is determined by multiple genes, but for simplicity, we can consider it as a single gene with two alleles (forms) - one dominant and one recessive.",A): The surroundings they are born in. | B): Their parents usual diet. | C): Just take a random guess. | D): The genealogy records of their family.,D,0,0,A,A,False,False,False,90.13726083328886,53.31366842900347,95.0,-0.2221179364513841,0.063891721909528,0.2221179364513841,1.203474645140419,0.8580432609107442,-0.3454313842296748,0.4917175586626843,0.7138354951140684,0.0854476881978032,0.0215559662882752,1.0,1.0,0.4917175586626843,0.7138354951140684,0.2221179364513841,0.159637311114471,0.14056253773591107,-0.019074773378559923,0.26319744202504153,0.12404600086174535,-0.1391514411632962,0.0854476881978032,0.0215559662882752,-0.063891721909528
full,Full FUR,8-466,What is the best way to guess a babies eye color?,2,9,"The dominant allele determines the eye color, and the recessive allele is masked by the dominant one.",A): The surroundings they are born in. | B): Their parents usual diet. | C): Just take a random guess. | D): The genealogy records of their family.,D,0,2,A,C,False,False,True,97.12977927067085,46.68253580277024,100.0,0.2823247671763408,0.03872583738889606,0.38177776018828463,1.203474645140419,0.9822116901377728,-0.22126295500264626,0.4917175586626843,0.20939279148634352,0.0854476881978032,0.04672185080890714,1.0,1.0,0.4917175586626843,0.20939279148634352,-0.2823247671763408,0.159637311114471,0.0989101554914232,-0.0607271556230478,0.26319744202504153,0.6449752022133262,0.38177776018828463,0.0854476881978032,0.04672185080890714,-0.03872583738889606
full,Full FUR,8-466,What is the best way to guess a babies eye color?,4,9,"**Considering the Role of Environment**: The surroundings a baby is born in can influence their eye color, but this is not a reliable method for guessing their eye color.",A): The surroundings they are born in. | B): Their parents usual diet. | C): Just take a random guess. | D): The genealogy records of their family.,D,0,2,A,C,False,False,True,90.40329139550015,49.52003948770541,85.0,0.3493526926661367,0.026101179775101152,0.37545387244123785,1.203474645140419,1.1541226674590497,-0.04935197768136934,0.4917175586626843,0.14236486599654757,0.0854476881978032,0.059346508422702046,1.0,1.0,0.4917175586626843,0.14236486599654757,-0.3493526926661367,0.159637311114471,0.30138642779669594,0.14174911668222495,0.26319744202504153,0.4969021977840544,0.2337047557590129,0.0854476881978032,0.059346508422702046,-0.026101179775101152
full,Full FUR,8-466,What is the best way to guess a babies eye color?,5,9,"Eye color is primarily determined by genetics, not the environment.",A): The surroundings they are born in. | B): Their parents usual diet. | C): Just take a random guess. | D): The genealogy records of their family.,D,0,0,A,A,False,False,False,94.13364969881192,24.81032387284714,90.0,0.06989865291900943,0.0023866276359832406,0.2621815946292039,1.203474645140419,1.1264304012090784,-0.07704424393134057,0.4917175586626843,0.42181890574367487,0.0854476881978032,0.08306106056181996,1.0,1.0,0.4917175586626843,0.42181890574367487,-0.06989865291900943,0.159637311114471,0.42181890574367487,0.2621815946292039,0.26319744202504153,0.07330112795083034,-0.1898963140742112,0.0854476881978032,0.08306106056181996,-0.0023866276359832406
full,Full FUR,8-466,What is the best way to guess a babies eye color?,7,9,**Analyzing the Impact of Parental Diet**: There is no scientific evidence to suggest that a baby's eye color is influenced by their parents' diet.,A): The surroundings they are born in. | B): Their parents usual diet. | C): Just take a random guess. | D): The genealogy records of their family.,D,0,0,A,A,False,False,False,90.05990641128251,42.7987108346189,90.0,-0.09177787834937823,0.07712457198532179,0.1824883486347211,1.203474645140419,0.879945446520729,-0.32352919861969,0.4917175586626843,0.5834954370120625,0.0854476881978032,0.008323116212481416,1.0,0.9999999999999999,0.4917175586626843,0.5834954370120625,0.09177787834937823,0.159637311114471,0.05427353446507168,-0.1053637766493993,0.26319744202504153,0.3539079123103844,0.09071047028534285,0.0854476881978032,0.008323116212481416,-0.07712457198532179
full,Full FUR,8-466,What is the best way to guess a babies eye color?,8,9,Genetics play a much more significant role in determining eye color.,A): The surroundings they are born in. | B): Their parents usual diet. | C): Just take a random guess. | D): The genealogy records of their family.,D,0,0,A,A,False,False,False,95.24928474843205,26.552090844345543,90.0,-0.12409702515522003,0.07549397114988507,0.15178983788727332,1.203474645140419,0.9107189764172516,-0.2927556687231674,0.4917175586626843,0.6158145838179043,0.0854476881978032,0.009953717047918132,1.0,0.9999999999999999,0.4917175586626843,0.6158145838179043,0.12409702515522003,0.159637311114471,0.08334144437708271,-0.07629586673738828,0.26319744202504153,0.2908902547570948,0.027692812732053262,0.0854476881978032,0.009953717047918132,-0.07549397114988507
full,Full FUR,1180,What is different about birth in humans and chickens?,0,7,Step 1: Understand the question - We need to identify what is different about birth in humans and chickens.,A): Mother | B): Fertilization | C): Father | D): the hard shell,D,1,1,B,B,False,False,False,85.70574531881294,42.57483131881479,95.0,0.08990901019157727,-0.03162264299278317,0.0899090101915773,0.4077875464487576,0.678061485113073,0.27027393866431537,0.9014225895980286,0.8115135794064513,0.06529884253205684,0.09692148552484,1.0,1.0,0.014570138892116826,0.04578246753435437,0.03121232864223754,0.9014225895980286,0.8115135794064513,-0.08990901019157727,0.01870842897779775,0.04578246753435437,0.027074038556556615,0.06529884253205684,0.09692148552484,0.03162264299278317
full,Full FUR,1180,What is different about birth in humans and chickens?,1,7,"Step 2: Consider the options - We have four options: Mother, Fertilization, Father, and the hard shell.",A): Mother | B): Fertilization | C): Father | D): the hard shell,D,1,3,B,D,False,True,True,76.97869282526385,42.57483131881479,90.0,0.7548011556290934,-0.679306271756132,0.7548011556290934,0.4077875464487576,0.7940692540931282,0.38628170764437064,0.9014225895980286,0.1466214339689351,0.06529884253205684,0.7446051142881889,1.0,1.0,0.014570138892116826,0.08893039706626389,0.07436025817414707,0.9014225895980286,0.1466214339689351,-0.7548011556290934,0.01870842897779775,0.019843054676612126,0.0011346256988143746,0.06529884253205684,0.7446051142881889,0.679306271756132
full,Full FUR,1180,What is different about birth in humans and chickens?,2,7,"Step 3: Analyze the options - 
- Mother and Father are not directly related to the process of birth.",A): Mother | B): Fertilization | C): Father | D): the hard shell,D,1,1,B,B,False,False,False,89.21013048572325,49.32246650845613,100.0,0.5671825901177812,-0.1374279746802511,0.567182590117781,0.4077875464487576,1.3636993790484606,0.955911832599703,0.9014225895980286,0.33423999948024746,0.06529884253205684,0.20272681721230795,1.0,1.0,0.014570138892116826,0.2603063660951366,0.24573622720301974,0.9014225895980286,0.33423999948024746,-0.5671825901177812,0.01870842897779775,0.20272681721230795,0.1840183882345102,0.06529884253205684,0.20272681721230795,0.1374279746802511
full,Full FUR,1180,What is different about birth in humans and chickens?,3,7,"- Fertilization is a process that occurs before birth, but it's not what's different about birth in humans and chickens.",A): Mother | B): Fertilization | C): Father | D): the hard shell,D,1,1,B,B,False,False,False,83.28832317797944,44.3416180187852,100.0,0.09649685583002543,-0.019539703648381063,0.0964968558300254,0.4077875464487576,0.696226308998377,0.2884387625496194,0.9014225895980286,0.8049257337680031,0.06529884253205684,0.0848385461804379,1.0,1.0,0.014570138892116826,0.03536596867914521,0.020795829787028382,0.9014225895980286,0.8049257337680031,-0.09649685583002543,0.01870842897779775,0.0748697513724137,0.056161322394615944,0.06529884253205684,0.0848385461804379,0.019539703648381063
full,Full FUR,1180,What is different about birth in humans and chickens?,4,7,"- The hard shell is a characteristic of chicken eggs, not related to birth.",A): Mother | B): Fertilization | C): Father | D): the hard shell,D,1,3,B,D,False,True,True,93.19491459749898,35.937595026695256,90.0,0.4723091727043723,-0.4856936664209862,0.4856936664209862,0.4077875464487576,0.7822501604893202,0.3744626140405626,0.9014225895980286,0.4291134168936563,0.06529884253205684,0.5509925089530431,1.0,1.0,0.014570138892116826,0.012958101930307366,-0.001612036961809461,0.9014225895980286,0.4291134168936563,-0.4723091727043723,0.01870842897779775,0.0069359722229932795,-0.011772456754804473,0.06529884253205684,0.5509925089530431,0.4856936664209862
full,Full FUR,1180,What is different about birth in humans and chickens?,5,7,"Step 4: Identify the correct answer - The correct answer is not explicitly listed, but we can infer that the difference is related to the reproductive system and the process of birth.",A): Mother | B): Fertilization | C): Father | D): the hard shell,D,1,3,B,D,False,True,True,88.64805680378615,56.31323542944426,95.0,0.5773290093520569,-0.5401876100474414,0.5773290093520569,0.4077875464487576,0.8984602356475139,0.4906726891987563,0.9014225895980286,0.3240935802459717,0.06529884253205684,0.6054864525794983,1.0,1.0,0.014570138892116826,0.04970135912299156,0.035131220230874734,0.9014225895980286,0.3240935802459717,-0.5773290093520569,0.01870842897779775,0.020718608051538467,0.0020101790737407157,0.06529884253205684,0.6054864525794983,0.5401876100474414
full,Full FUR,1180,What is different about birth in humans and chickens?,6,7,"In humans, birth is a process where a baby",A): Mother | B): Fertilization | C): Father | D): the hard shell,D,1,1,B,B,False,False,False,99.30481676036152,34.928758941813406,85.0,0.003878993249823548,0.014662894839277879,0.018541888089101437,0.4077875464487576,0.4364815449162921,0.02869399846753451,0.9014225895980286,0.897543596348205,0.06529884253205684,0.05063594769277896,1.0,1.0,0.014570138892116826,0.02110820187447528,0.006538062982358454,0.9014225895980286,0.897543596348205,-0.003878993249823548,0.01870842897779775,0.030712254084540744,0.012003825106742992,0.06529884253205684,0.05063594769277896,-0.014662894839277879
full,Full FUR,7-52,Human reproduction requires,0,4,- Human reproduction involves the combination of genetic material from two parents.,A): eggs with shells | B): nest incubation | C): a nest | D): a womb,D,3,3,D,D,True,True,False,98.68077401978238,58.15064285071099,85.0,-0.006137697771931183,-0.006137697771931183,0.00613769777193116,0.13627300237421536,0.1071008569491617,-0.029172145425053655,0.9750933291762818,0.981231026948213,0.9750933291762818,0.981231026948213,1.0,1.0,0.0033036673791214687,0.0020163880985948155,-0.0012872792805266532,0.017859457501466967,0.013996508806036957,-0.00386294869543001,0.0037435459431297774,0.0027560761471553045,-0.000987469795974473,0.9750933291762818,0.981231026948213,0.006137697771931183
full,Full FUR,7-52,Human reproduction requires,1,4,"- This process does not require a nest, as humans do not lay eggs with shells like birds do.",A): eggs with shells | B): nest incubation | C): a nest | D): a womb,D,3,3,D,D,True,True,False,94.1793019990428,71.23738550699935,90.0,0.05878433566166241,0.05878433566166241,0.05878433566166243,0.13627300237421536,0.33999922250724496,0.2037262201330296,0.9750933291762818,0.9163089935146194,0.9750933291762818,0.9163089935146194,1.0,1.0,0.0033036673791214687,0.004243352890404133,0.0009396855112826642,0.017859457501466967,0.06637720723501235,0.04851774973354538,0.0037435459431297774,0.01307044635996418,0.009326900416834403,0.9750933291762818,0.9163089935146194,-0.05878433566166241
full,Full FUR,7-52,Human reproduction requires,2,4,"- Human reproduction also does not involve incubation in a nest, as this is a characteristic of bird reproduction.",A): eggs with shells | B): nest incubation | C): a nest | D): a womb,D,3,3,D,D,True,True,False,91.85537919033003,65.3056643461083,95.0,0.08298020493552738,0.08298020493552738,0.08298020493552737,0.13627300237421536,0.4281851618387249,0.29191215946450955,0.9750933291762818,0.8921131242407544,0.9750933291762818,0.8921131242407544,1.0,1.0,0.0033036673791214687,0.00771829091799564,0.0044146235388741704,0.017859457501466967,0.07322910223447432,0.05536964473300735,0.0037435459431297774,0.026939482606775613,0.023195936663645837,0.9750933291762818,0.8921131242407544,-0.08298020493552738
full,Full FUR,7-52,Human reproduction requires,3,4,- The correct answer is related to the development of the embryo inside the mother's body.,A): eggs with shells | B): nest incubation | C): a nest | D): a womb,D,3,3,D,D,True,True,False,95.35933494870397,61.89572669847874,95.0,0.014836942540541465,0.014836942540541465,0.018999078754577937,0.13627300237421536,0.20293571840440497,0.06666271603018961,0.9750933291762818,0.9602563866357403,0.9750933291762818,0.9602563866357403,1.0,1.0,0.0033036673791214687,0.0034632253813370846,0.0001595580022156159,0.017859457501466967,0.013697321287430524,-0.004162136214036443,0.0037435459431297774,0.022583066695492125,0.018839520752362348,0.9750933291762818,0.9602563866357403,-0.014836942540541465
full,Full FUR,1189,What can feathers on Spheniscidae be used for?,0,4,"- Feathers are a key feature of birds, including Spheniscidae, which are a group of flightless birds.",A): keeping warm | B): flying | C): sleeping | D): eating,A,1,1,B,B,False,False,False,92.95141818223408,58.960082690363,85.0,0.3538313879739481,-0.331959171928335,0.3538313879739481,0.21817351906833787,0.8127853329340892,0.5946118138657512,0.9550179581199579,0.6011865701460098,0.03267891616775787,0.3646380880960929,1.0,1.0,0.03267891616775787,0.3646380880960929,0.331959171928335,0.9550179581199579,0.6011865701460098,-0.3538313879739481,0.0072916515996140465,0.018154261532308934,0.010862609932694889,0.005011474112670171,0.016021080225588305,0.011009606112918135
full,Full FUR,1189,What can feathers on Spheniscidae be used for?,1,4,- The primary function of feathers in birds is to provide insulation and support during flight.,A): keeping warm | B): flying | C): sleeping | D): eating,A,1,0,B,A,False,True,True,92.04404912817724,58.63820262955893,95.0,0.9247205763729979,-0.8527403317176272,0.9247205763729978,0.21817351906833787,0.47913665326684646,0.2609631341985086,0.9550179581199579,0.030297381746960093,0.03267891616775787,0.8854192478853851,1.0,1.0,0.03267891616775787,0.8854192478853851,0.8527403317176272,0.9550179581199579,0.030297381746960093,-0.9247205763729979,0.0072916515996140465,0.03433142968577998,0.027039778086165932,0.005011474112670171,0.04995194068187486,0.04494046656920469
full,Full FUR,1189,What can feathers on Spheniscidae be used for?,2,4,"- Since Spheniscidae are flightless, the primary function of their feathers might be different from that of flying birds.",A): keeping warm | B): flying | C): sleeping | D): eating,A,1,1,B,B,False,False,False,82.34895151281381,46.054046406627315,90.0,-0.043869626760086544,0.03243375947317528,0.043869626760086586,0.21817351906833787,0.009858671296723171,-0.20831484777161471,0.9550179581199579,0.9988875848800445,0.03267891616775787,0.000245156694582591,1.0,1.0,0.03267891616775787,0.000245156694582591,-0.03243375947317528,0.9550179581199579,0.9988875848800445,0.043869626760086544,0.0072916515996140465,0.0004875523088074396,-0.006804099290806607,0.005011474112670171,0.0003797061165654401,-0.004631767996104731
full,Full FUR,1189,What can feathers on Spheniscidae be used for?,3,4,"- However, the basic principle of feathers being used for insulation and possibly other supportive functions remains the same.",A): keeping warm | B): flying | C): sleeping | D): eating,A,1,1,B,B,False,False,False,93.9945332104692,63.782400091917424,95.0,0.4713699171613142,-0.3941389857642787,0.4713699171613142,0.21817351906833787,0.9828975949897721,0.7647240759214342,0.9550179581199579,0.4836480409586437,0.03267891616775787,0.42681790193203656,1.0,1.0,0.03267891616775787,0.42681790193203656,0.3941389857642787,0.9550179581199579,0.4836480409586437,-0.4713699171613142,0.0072916515996140465,0.024079416395712948,0.016787764796098902,0.005011474112670171,0.0654546407136068,0.06044316660093662
full,Full FUR,1674,A girl and her mom have the same,0,5,Step 1: The question is about a girl and her mom having the same something.,A): date of birth | B): shirt | C): number of toenails | D): hair length,C,0,2,A,C,False,True,True,89.94273573350856,38.27134109546745,95.0,0.4740299596551495,-0.3229579471006196,0.4740299596551495,0.8200342566909988,1.123625640257266,0.30359138356626714,0.6856294602188865,0.211599500563737,0.2522290250345887,0.5751869721352083,0.9999999999999999,0.9999999999999999,0.6856294602188865,0.211599500563737,-0.4740299596551495,0.03868056682442892,0.11326102251753972,0.07458045569311081,0.2522290250345887,0.5751869721352083,0.3229579471006196,0.02346094792209583,0.09995250478351492,0.07649155686141909
full,Full FUR,1674,A girl and her mom have the same,1,5,"Step 2: The options given are all physical characteristics or objects, but we need to find something that both a girl and her mom would have in common.",A): date of birth | B): shirt | C): number of toenails | D): hair length,C,0,0,A,A,False,False,False,85.81698409126575,43.354598461281604,95.0,0.1977909382566766,0.0938510396280107,0.2916419778846873,0.8200342566909988,1.2383742350685265,0.4183399783775277,0.6856294602188865,0.4878385219622099,0.2522290250345887,0.15837798540657802,0.9999999999999999,1.0,0.6856294602188865,0.4878385219622099,-0.1977909382566766,0.03868056682442892,0.23043859808329945,0.19175803125887053,0.2522290250345887,0.15837798540657802,-0.0938510396280107,0.02346094792209583,0.12334489454791264,0.09988394662581682
full,Full FUR,1674,A girl and her mom have the same,2,5,"Step 3: Considering the options, we can eliminate (B) shirt because it's unlikely that a girl and her mom would have the same shirt.",A): date of birth | B): shirt | C): number of toenails | D): hair length,C,0,0,A,A,False,False,False,89.903372714123,46.9940293496107,100.0,0.09897762477663408,-0.06178310096360462,0.09897762477663412,0.8200342566909988,0.9718391032987369,0.15180484660773808,0.6856294602188865,0.5866518354422524,0.2522290250345887,0.31401212599819334,0.9999999999999999,1.0000000000000002,0.6856294602188865,0.5866518354422524,-0.09897762477663408,0.03868056682442892,0.061832645006508605,0.023152078182079684,0.2522290250345887,0.31401212599819334,0.06178310096360462,0.02346094792209583,0.03750339355304568,0.014042445630949852
full,Full FUR,1674,A girl and her mom have the same,3,5,Step 4: We can also eliminate (C) number of toenails because it's a personal and private aspect that wouldn't be something you'd share with your mom.,A): date of birth | B): shirt | C): number of toenails | D): hair length,C,0,2,A,C,False,True,True,94.55327812986499,56.05650689341157,85.0,0.6801696478736848,-0.7251890177343758,0.7251890177343758,0.8200342566909988,0.13059012079345822,-0.6894441358975406,0.6856294602188865,0.005459812345201706,0.2522290250345887,0.9774180427689645,0.9999999999999999,1.0,0.6856294602188865,0.005459812345201706,-0.6801696478736848,0.03868056682442892,0.012303877341146586,-0.026376689483282333,0.2522290250345887,0.9774180427689645,0.7251890177343758,0.02346094792209583,0.004818267544687209,-0.01864268037740862
full,Full FUR,1674,A girl and her mom have the same,4,5,"Step 5: Between (A) date of birth and (D) hair length, both are physical characteristics that can be shared between a girl and her mom, but the date of birth is a more significant and unique",A): date of birth | B): shirt | C): number of toenails | D): hair length,C,0,2,A,C,False,True,True,80.38560106644474,49.42134946923138,95.0,0.5970143285014171,-0.588527902671506,0.5970143285014172,0.8200342566909988,0.5955089750663437,-0.22452528162465513,0.6856294602188865,0.08861513171746935,0.2522290250345887,0.8407569277060948,0.9999999999999999,1.0,0.6856294602188865,0.08861513171746935,-0.5970143285014171,0.03868056682442892,0.04185882085982499,0.0031782540353960664,0.2522290250345887,0.8407569277060948,0.588527902671506,0.02346094792209583,0.028769119716610916,0.005308171794515086
full,Full FUR,7-671,"If a UFO is flying overhead and looks small, then large, then",1,6,"If a UFO is flying overhead and looks small, it is likely to be at a distance.",A): the UFO is calling | B): the UFO had been close | C): the UFO is approaching | D): the UFO is leaving,C,2,2,C,C,True,True,False,88.60362655434096,59.19984783293485,90.0,0.2640249008871298,0.2640249008871298,0.2640249008871298,0.721845371033521,1.1429251908544826,0.42107981982096165,0.767745897774661,0.5037209968875311,0.767745897774661,0.5037209968875311,1.0,1.0,0.009664494364252419,0.04134793936704122,0.0316834450027888,0.07141148911022602,0.18530861964334316,0.11389713053311715,0.767745897774661,0.5037209968875311,-0.2640249008871298,0.15117811875086057,0.26962244410208447,0.1184443253512239
full,Full FUR,7-671,"If a UFO is flying overhead and looks small, then large, then",3,6,"If it then looks large, it is likely to be moving closer.",A): the UFO is calling | B): the UFO had been close | C): the UFO is approaching | D): the UFO is leaving,C,2,2,C,C,True,True,False,97.94071736650012,67.21615672381449,95.0,-0.016618464638251562,-0.016618464638251562,0.030891941607660463,0.721845371033521,0.706725864754589,-0.015119506278931993,0.767745897774661,0.7843643624129125,0.767745897774661,0.7843643624129125,1.0,1.0,0.009664494364252419,0.012678069381330044,0.003013575017077625,0.07141148911022602,0.08267139106255729,0.011259901952331272,0.767745897774661,0.7843643624129125,0.016618464638251562,0.15117811875086057,0.1202861771432001,-0.03089194160766047
full,Full FUR,7-671,"If a UFO is flying overhead and looks small, then large, then",5,6,"Therefore, the correct answer is (C): the UFO is approaching.",A): the UFO is calling | B): the UFO had been close | C): the UFO is approaching | D): the UFO is leaving,C,2,1,C,B,True,False,True,86.14553330092446,49.22339022817099,85.0,0.6869014954614285,0.6869014954614285,0.6869014954614285,0.721845371033521,1.1461506446922374,0.4243052736587164,0.767745897774661,0.08084440231323242,0.767745897774661,0.08084440231323242,1.0,1.0,0.009664494364252419,0.09160870313644409,0.08194420877219168,0.07141148911022602,0.4652274250984192,0.3938159359881932,0.767745897774661,0.08084440231323242,-0.6869014954614285,0.15117811875086057,0.3623194694519043,0.21114135070104373
full,Full FUR,9-409,Every evening a child can look into the night sky and see that the moon is,0,6,Step 1: The question asks about the moon's position in the night sky.,A): gone | B): breaking | C): falling | D): moving upwards,D,3,3,D,D,True,True,False,93.60721387932924,41.556480397287764,95.0,0.00843058193758639,0.00843058193758639,0.03370412162800414,1.2912779740854115,1.2734009728822313,-0.017877001203180143,0.3967757523059845,0.3883451703683981,0.3967757523059845,0.3883451703683981,1.0,1.0,0.30900928378105164,0.34271340540905576,0.033704121628004124,0.128814235329628,0.12607720118530985,-0.00273703414431814,0.16540072858333588,0.14286422303723625,-0.022536505546099622,0.3967757523059845,0.3883451703683981,-0.00843058193758639
full,Full FUR,9-409,Every evening a child can look into the night sky and see that the moon is,1,6,"Step 2: We know that the moon orbits the Earth, which means it moves in a curved path around our planet.",A): gone | B): breaking | C): falling | D): moving upwards,D,3,3,D,D,True,True,False,85.3094939824491,50.39962912665585,100.0,0.03526723923546843,0.03526723923546843,0.12501051397285645,1.2912779740854115,1.3483489123395147,0.057070938254103254,0.3967757523059845,0.36150851307051607,0.3967757523059845,0.36150851307051607,1.0,1.0,0.30900928378105164,0.2192660090436636,-0.08974327473738802,0.128814235329628,0.17076453312092224,0.04195029779129425,0.16540072858333588,0.24846094476489805,0.08306021618156217,0.3967757523059845,0.36150851307051607,-0.03526723923546843
full,Full FUR,9-409,Every evening a child can look into the night sky and see that the moon is,2,6,"Step 3: The moon's orbit is not a straight line, but rather a curved path that takes it around the Earth.",A): gone | B): breaking | C): falling | D): moving upwards,D,3,3,D,D,True,True,False,93.4556133252925,61.06822282962921,95.0,-0.20598459407182357,-0.20598459407182357,0.20598459407182357,1.2912779740854115,1.09865827256169,-0.19261970152372143,0.3967757523059845,0.6027603463778081,0.3967757523059845,0.6027603463778081,1.0,1.0,0.30900928378105164,0.15240167876192742,-0.1566076050191242,0.128814235329628,0.09243629609833712,-0.03637793923129087,0.16540072858333588,0.15240167876192742,-0.012999049821408454,0.3967757523059845,0.6027603463778081,0.20598459407182357
full,Full FUR,9-409,Every evening a child can look into the night sky and see that the moon is,3,6,"Step 4: As the moon moves in its orbit, it appears to rise in the east and set in the west due to the Earth's rotation.",A): gone | B): breaking | C): falling | D): moving upwards,D,3,0,D,A,True,False,True,81.78864708789864,42.910323070715165,100.0,0.2505250358767487,0.2505250358767487,0.2868599619574911,1.2912779740854115,1.1432211095227942,-0.14805686456261724,0.3967757523059845,0.1462507164292358,0.3967757523059845,0.1462507164292358,1.0,1.0,0.30900928378105164,0.5784327646389349,0.26942348085788326,0.128814235329628,0.1462507164292358,0.017436481099607798,0.16540072858333588,0.1290658025025935,-0.036334926080742375,0.3967757523059845,0.1462507164292358,-0.2505250358767487
full,Full FUR,9-409,Every evening a child can look into the night sky and see that the moon is,4,6,"Step 5: The moon's position in the night sky changes daily, but it does not move upwards or downwards in a straight line.",A): gone | B): breaking | C): falling | D): moving upwards,D,3,3,D,D,True,True,False,94.04126812380139,57.9047119766703,90.0,-0.5006410089586075,-0.5006410089586075,0.5006410089586075,1.2912779740854115,0.42947617141277283,-0.8618018026726386,0.3967757523059845,0.897416761264592,0.3967757523059845,0.897416761264592,1.0,1.0,0.30900928378105164,0.014505390860550757,-0.2945038929205009,0.128814235329628,0.030707912204985473,-0.09810632312464251,0.16540072858333588,0.057369935669871704,-0.10803079291346418,0.3967757523059845,0.897416761264592,0.5006410089586075
full,Full FUR,9-409,Every evening a child can look into the night sky and see that the moon is,5,6,"Step 6: Therefore, the correct answer is that the moon is not moving upwards, but rather it is in a constant orbit around the Earth.",A): gone | B): breaking | C): falling | D): moving upwards,D,3,3,D,D,True,True,False,88.51424368960568,47.61156761276091,90.0,-0.4196819608347927,-0.4196819608347927,0.4196819608347927,1.2912779740854115,0.6663934132200362,-0.6248845608653752,0.3967757523059845,0.8164577131407772,0.3967757523059845,0.8164577131407772,1.0,1.0,0.30900928378105164,0.03165750299863526,-0.2773517807824164,0.128814235329628,0.0759423919302938,-0.05287184339933419,0.16540072858333588,0.0759423919302938,-0.08945833665304208,0.3967757523059845,0.8164577131407772,0.4196819608347927
full,Full FUR,8-63,Beak shape can influence a bird's ability,0,6,Step 1: The question is about the shape of a bird's beak and its influence on the bird's behavior or ability.,A): to give birth to live young | B): to mate with it's partner | C): to fly to warmer climates | D): to chew up certain worms,D,3,0,D,A,True,False,True,87.43454432210626,43.1328946281328,95.0,0.19677271693629989,0.19677271693629989,0.23345348044235956,1.3166035787928294,1.2986954870856777,-0.017908091707151685,0.41010456055091143,0.21333184361461155,0.41010456055091143,0.21333184361461155,1.0,1.0,0.21951318623086255,0.3985563427532537,0.17904315652239114,0.21951318623086255,0.27392351015083094,0.05441032391996839,0.1508690669873635,0.11418830348130382,-0.03668076350605967,0.41010456055091143,0.21333184361461155,-0.19677271693629989
full,Full FUR,8-63,Beak shape can influence a bird's ability,1,6,Step 2: The shape of a bird's beak is related to its diet and feeding behavior.,A): to give birth to live young | B): to mate with it's partner | C): to fly to warmer climates | D): to chew up certain worms,D,3,3,D,D,True,True,False,84.30083249187668,42.686880392851926,95.0,-0.36917398388971573,-0.36917398388971573,0.36917398388971573,1.3166035787928294,0.7671790374581424,-0.549424541334687,0.41010456055091143,0.7792785444406272,0.41010456055091143,0.7792785444406272,1.0,1.0,0.21951318623086255,0.08213535359692242,-0.13737783263394013,0.21951318623086255,0.08213535359692242,-0.13737783263394013,0.1508690669873635,0.05645074836552802,-0.09441831862183547,0.41010456055091143,0.7792785444406272,0.36917398388971573
full,Full FUR,8-63,Beak shape can influence a bird's ability,2,6,Step 3: Different beak shapes are adapted to eat different types of food.,A): to give birth to live young | B): to mate with it's partner | C): to fly to warmer climates | D): to chew up certain worms,D,3,1,D,B,True,False,True,86.5717904293102,37.05385239078417,95.0,0.22671962052272082,0.22671962052272082,0.2515501808830015,1.3166035787928294,1.3010875386609235,-0.015516040131905884,0.41010456055091143,0.1833849400281906,0.41010456055091143,0.1833849400281906,1.0,1.0,0.21951318623086255,0.30235064029693604,0.08283745406607348,0.21951318623086255,0.3882259130477905,0.16871272681692798,0.1508690669873635,0.12603850662708282,-0.024830560360280668,0.41010456055091143,0.1833849400281906,-0.22671962052272082
full,Full FUR,8-63,Beak shape can influence a bird's ability,3,6,"Step 4: For example, a bird with a strong, pointed beak is well-suited to eat hard seeds and nuts, while a bird with a short, flat beak is well-suited to eat soft, mushy foods like fruits and berries.",A): to give birth to live young | B): to mate with it's partner | C): to fly to warmer climates | D): to chew up certain worms,D,3,0,D,A,True,False,True,88.95425610396357,60.60930735994248,100.0,0.06444685171487968,0.06444685171487968,0.12614452260516923,1.3166035787928294,1.2909230148514075,-0.02568056394142193,0.41010456055091143,0.34565770883603175,0.41010456055091143,0.34565770883603175,1.0,1.0,0.21951318623086255,0.34565770883603175,0.1261445226051692,0.21951318623086255,0.20965199328699702,-0.009861192943865532,0.1508690669873635,0.09903258904093942,-0.05183647794642407,0.41010456055091143,0.34565770883603175,-0.06444685171487968
full,Full FUR,8-63,Beak shape can influence a bird's ability,4,6,Step 5: The ability to give birth to live young is not directly related to the shape of a bird's beak.,A): to give birth to live young | B): to mate with it's partner | C): to fly to warmer climates | D): to chew up certain worms,D,3,3,D,D,True,True,False,81.21055669129983,31.672603173400105,90.0,-0.5734829347002053,-0.5734829347002053,0.5734829347002053,1.3166035787928294,0.09473546648875644,-1.2218681123040729,0.41010456055091143,0.9835874952511167,0.41010456055091143,0.9835874952511167,1.0,1.0,0.21951318623086255,0.0006985186583452107,-0.21881466757251733,0.21951318623086255,0.003332446332461174,-0.21618073989840136,0.1508690669873635,0.012381539758076945,-0.13848752722928653,0.41010456055091143,0.9835874952511167,0.5734829347002053
full,Full FUR,8-63,Beak shape can influence a bird's ability,5,6,Step 6: Mating with its partner is also not directly related to the,A): to give birth to live young | B): to mate with it's partner | C): to fly to warmer climates | D): to chew up certain worms,D,3,0,D,A,True,False,True,84.66450331550716,31.40517730344343,95.0,0.3886790589343972,0.3886790589343972,0.6915223192470825,1.3166035787928294,0.3948949771208674,-0.921708601671962,0.41010456055091143,0.02142550161651423,0.41010456055091143,0.02142550161651423,1.0,1.0,0.21951318623086255,0.9110355054779451,0.6915223192470825,0.21951318623086255,0.040028105004627265,-0.1794850812262353,0.1508690669873635,0.027510887900913376,-0.12335817908645011,0.41010456055091143,0.02142550161651423,-0.3886790589343972
full,Full FUR,9-149,"When the eggs hatch, the offspring are",1,6,The question is about the outcome of eggs hatching.,A): killed | B): hurt | C): born | D): cold,C,2,0,C,A,True,False,True,95.93649790820325,72.66152130038584,100.0,0.5479147020932013,0.5479147020932013,0.5479147020932011,0.32304438467151075,1.1662494243858506,0.8432050397143398,0.9311859520973084,0.3832712500041071,0.9311859520973084,0.3832712500041071,1.0,1.0,0.015051219472184596,0.43430322732257265,0.4192520078503881,0.021899396349681577,0.08551936660348897,0.06361997025380739,0.9311859520973084,0.3832712500041071,-0.5479147020932013,0.03186343208082549,0.09690615606983122,0.06504272398900574
full,Full FUR,9-149,"When the eggs hatch, the offspring are",3,6,"Eggs hatch into offspring, which are typically living creatures.",A): killed | B): hurt | C): born | D): cold,C,2,2,C,C,True,True,False,96.44187868171498,76.06162820318211,95.0,0.1660265436761208,0.1660265436761208,0.1660265436761208,0.32304438467151075,0.8003412736901566,0.47729688901864586,0.9311859520973084,0.7651594084211876,0.9311859520973084,0.7651594084211876,1.0,1.0,0.015051219472184596,0.08064721200265351,0.06559599253046891,0.021899396349681577,0.06280810713512264,0.04090871078544106,0.9311859520973084,0.7651594084211876,-0.1660265436761208,0.03186343208082549,0.09138527244103631,0.05952184036021082
full,Full FUR,9-149,"When the eggs hatch, the offspring are",5,6,"The correct term for the offspring of eggs hatching is ""born"".",A): killed | B): hurt | C): born | D): cold,C,2,2,C,C,True,True,False,96.30013924192961,77.8606252533847,100.0,0.021457187456888405,0.021457187456888405,0.021804010925871753,0.32304438467151075,0.3907016660214695,0.06765728134995874,0.9311859520973084,0.90972876464042,0.9311859520973084,0.90972876464042,1.0,1.0,0.015051219472184596,0.014704396003201236,-0.0003468234689833604,0.021899396349681577,0.024243451632332567,0.0023440552826509906,0.9311859520973084,0.90972876464042,-0.021457187456888405,0.03186343208082549,0.05132338772404624,0.01945995564322075
full,Full FUR,8-343,"A person wants to start saving money so that they can afford a nice vacation at the end of the year. After looking over their budget and expenses, they decide the best way to save money is to",0,5,Step 1: The person wants to save money for a vacation.,A): make more phone calls | B): quit eating lunch out | C): buy less with monopoly money | D): have lunch with friends,B,1,1,B,B,True,True,False,82.79148084362684,47.406525085787756,95.0,0.07071637690651,0.07071637690651,0.07071637690650999,0.1602584498527391,0.38177796069507086,0.22151951084233176,0.9649453392730448,0.8942289623665348,0.9649453392730448,0.8942289623665348,0.9999999999999999,1.0,0.00017326577338520348,0.004692482591600324,0.00451921681821512,0.9649453392730448,0.8942289623665348,-0.07071637690651,0.03301861215710859,0.09425103322063545,0.06123242106352686,0.0018627827964613952,0.006827521821229391,0.004964739024767996
full,Full FUR,8-343,"A person wants to start saving money so that they can afford a nice vacation at the end of the year. After looking over their budget and expenses, they decide the best way to save money is to",1,5,Step 2: They have looked over their budget and expenses.,A): make more phone calls | B): quit eating lunch out | C): buy less with monopoly money | D): have lunch with friends,B,1,1,B,B,True,True,False,92.8683317302242,45.73702897979207,95.0,-0.031191041028861943,-0.031191041028861943,0.031191041028861933,0.1602584498527391,0.026349554013956566,-0.13390889583878254,0.9649453392730448,0.9961363803019068,0.9649453392730448,0.9961363803019068,0.9999999999999999,1.0,0.00017326577338520348,1.0741765576229243e-05,-0.00016252400780897424,0.9649453392730448,0.9961363803019068,0.031191041028861943,0.03301861215710859,0.0035926287996291516,-0.02942598335747944,0.0018627827964613952,0.00026024913288788374,-0.0016025336635735114
full,Full FUR,8-343,"A person wants to start saving money so that they can afford a nice vacation at the end of the year. After looking over their budget and expenses, they decide the best way to save money is to",2,5,Step 3: They have decided the best way to save money is to quit eating lunch out.,A): make more phone calls | B): quit eating lunch out | C): buy less with monopoly money | D): have lunch with friends,B,1,1,B,B,True,True,False,89.29409791644729,65.2378357544874,90.0,-0.02012979073267418,-0.02012979073267418,0.02449604241977026,0.1602584498527391,0.08962533228928476,-0.07063311756345433,0.9649453392730448,0.985075130005719,0.9649453392730448,0.985075130005719,0.9999999999999999,1.0,0.00017326577338520348,0.0005448296180242885,0.000371563844639085,0.9649453392730448,0.985075130005719,0.02012979073267418,0.03301861215710859,0.008522569737338307,-0.024496042419770284,0.0018627827964613952,0.005857470638918366,0.003994687842456971
full,Full FUR,8-343,"A person wants to start saving money so that they can afford a nice vacation at the end of the year. After looking over their budget and expenses, they decide the best way to save money is to",3,5,Step 4: This decision will help them save money for their vacation.,A): make more phone calls | B): quit eating lunch out | C): buy less with monopoly money | D): have lunch with friends,B,1,1,B,B,True,True,False,93.60721387932924,63.85306855709998,100.0,0.15571534593143332,0.15571534593143332,0.15571534593143332,0.1602584498527391,0.5325632184041564,0.37230476855141736,0.9649453392730448,0.8092299933416115,0.9649453392730448,0.8092299933416115,0.9999999999999999,1.0,0.00017326577338520348,0.002272960795519673,0.002099695022134469,0.9649453392730448,0.8092299933416115,-0.15571534593143332,0.03301861215710859,0.1805636338866061,0.14754502172949752,0.0018627827964613952,0.007933411976262714,0.006070629179801319
full,Full FUR,8-343,"A person wants to start saving money so that they can afford a nice vacation at the end of the year. After looking over their budget and expenses, they decide the best way to save money is to",4,5,The best answer is B.,A): make more phone calls | B): quit eating lunch out | C): buy less with monopoly money | D): have lunch with friends,B,1,1,B,B,True,True,False,93.50654214644392,38.02974195551051,95.0,0.06373208973195865,0.06373208973195865,0.06373208973195864,0.1602584498527391,0.34062974374445804,0.18037129389171894,0.9649453392730448,0.9012132495410862,0.9649453392730448,0.9012132495410862,0.9999999999999999,1.0,0.00017326577338520348,0.0009312214278515525,0.000757955654466349,0.9649453392730448,0.9012132495410862,-0.06373208973195865,0.03301861215710859,0.09498716482220247,0.06196855266509388,0.0018627827964613952,0.00286836420885979,0.001005581412398395
full,Full FUR,326,December 21st through March 20 is a three month period which is an example of what?,0,8,"- First, we need to understand the context of the question.",A): A session | B): A Match | C): A Season | D): Autumn,C,2,2,C,C,True,True,False,94.96260574248689,39.109544640493645,90.0,-0.026867276748494318,-0.026867276748494318,0.02686727674849429,0.18202176833802025,0.046289136725438926,-0.1357326316125813,0.9665395183467411,0.9934067950952354,0.9665395183467411,0.9934067950952354,1.0,1.0,0.015622656122974875,0.001318032687636035,-0.01430462343533884,0.009475619691015366,0.0035827845393128417,-0.005892835151702525,0.9665395183467411,0.9934067950952354,0.026867276748494318,0.008362205839268588,0.001692387677815691,-0.006669818161452897
full,Full FUR,326,December 21st through March 20 is a three month period which is an example of what?,1,8,"It mentions a specific period of time, December 21st through March 20th.",A): A session | B): A Match | C): A Season | D): Autumn,C,2,2,C,C,True,True,False,91.33009627811923,24.220603934060534,90.0,0.0055403960069121405,0.0055403960069121405,0.02452137259197098,0.18202176833802025,0.18593833417161643,0.003916565833596175,0.9665395183467411,0.960999122339829,0.9665395183467411,0.960999122339829,1.0,1.0,0.015622656122974875,0.0030586496144657067,-0.012564006508509168,0.009475619691015366,0.0030586496144657067,-0.006416970076549659,0.9665395183467411,0.960999122339829,-0.0055403960069121405,0.008362205839268588,0.03288357843123958,0.024521372591970993
full,Full FUR,326,December 21st through March 20 is a three month period which is an example of what?,2,8,- The question asks for an example of what this period is an example of.,A): A session | B): A Match | C): A Season | D): Autumn,C,2,2,C,C,True,True,False,91.53093438152196,40.287272657837256,95.0,0.26594272811031927,0.26594272811031927,0.26594272811031927,0.18202176833802025,0.8231571064896486,0.6411353381516283,0.9665395183467411,0.7005967902364219,0.9665395183467411,0.7005967902364219,1.0,1.0,0.015622656122974875,0.04478765165138469,0.02916499552840981,0.009475619691015366,0.027165084783206932,0.01768946509219157,0.9665395183467411,0.7005967902364219,-0.26594272811031927,0.008362205839268588,0.22745047332898652,0.21908826748971794
full,Full FUR,326,December 21st through March 20 is a three month period which is an example of what?,3,8,"- The options provided are: A session, A Match, A Season, and Autumn.",A): A session | B): A Match | C): A Season | D): Autumn,C,2,2,C,C,True,True,False,91.26209738045796,25.686310133124167,90.0,0.4258197404066645,0.4258197404066645,0.4258197404066645,0.18202176833802025,0.8466099074937208,0.6645881391557005,0.9665395183467411,0.5407197779400766,0.9665395183467411,0.5407197779400766,1.0,1.0,0.015622656122974875,0.023757568208557595,0.008134912085582719,0.009475619691015366,0.014409692179633168,0.004934072488617802,0.9665395183467411,0.5407197779400766,-0.4258197404066645,0.008362205839268588,0.42111296167173257,0.41275075583246396
full,Full FUR,326,December 21st through March 20 is a three month period which is an example of what?,4,8,"- A session typically refers to a period of time for a specific activity or event, but it's not commonly associated with a specific time of year.",A): A session | B): A Match | C): A Season | D): Autumn,C,2,2,C,C,True,True,False,88.95425610396357,42.7987108346189,95.0,0.3695127841375846,0.3695127841375846,0.36951278413758465,0.18202176833802025,0.8347475296699682,0.6527257613319479,0.9665395183467411,0.5970267342091565,0.9665395183467411,0.5970267342091565,1.0,1.0,0.015622656122974875,0.02042912957814405,0.004806473455169175,0.009475619691015366,0.02042912957814405,0.010953509887128685,0.9665395183467411,0.5970267342091565,-0.3695127841375846,0.008362205839268588,0.3621150066345554,0.3537528007952868
full,Full FUR,326,December 21st through March 20 is a three month period which is an example of what?,5,8,"- A match is a competition or a single event, which doesn't fit the context of a period of time.",A): A session | B): A Match | C): A Season | D): Autumn,C,2,2,C,C,True,True,False,96.8353413888964,47.09745560096034,100.0,-0.025954534176185207,-0.025954534176185207,0.025954534176185175,0.18202176833802025,0.05106248979932984,-0.1309592785386904,0.9665395183467411,0.9924940525229263,0.9665395183467411,0.9924940525229263,1.0,1.0,0.015622656122974875,0.0027877118136709843,-0.01283494430930389,0.009475619691015366,0.004056096100811014,-0.005419523590204351,0.9665395183467411,0.9924940525229263,0.025954534176185207,0.008362205839268588,0.0006621395625916832,-0.007700066276676905
full,Full FUR,326,December 21st through March 20 is a three month period which is an example of what?,6,8,"- A season is a period of the year characterized by specific weather conditions or activities, which aligns with the context of the question.",A): A session | B): A Match | C): A Season | D): Autumn,C,2,2,C,C,True,True,False,88.51424368960568,44.12377727095924,95.0,0.16446455385923753,0.16446455385923753,0.16446455385923753,0.18202176833802025,0.658170687926108,0.47614891958808775,0.9665395183467411,0.8020749644875036,0.9665395183467411,0.8020749644875036,1.0,1.0,0.015622656122974875,0.03109982079024123,0.015477164667266355,0.009475619691015366,0.027445495157471526,0.01796987546645616,0.9665395183467411,0.8020749644875036,-0.16446455385923753,0.008362205839268588,0.13937971956478362,0.13101751372551504
full,Full FUR,326,December 21st through March 20 is a three month period which is an example of what?,7,8,"- Autumn is a season, but the question asks for an example of what",A): A session | B): A Match | C): A Season | D): Autumn,C,2,2,C,C,True,True,False,94.08763934315263,29.91551548217515,100.0,-0.02974440432657477,-0.02974440432657477,0.029744404326574735,0.18202176833802025,0.027875966587857973,-0.1541458017501623,0.9665395183467411,0.9962839226733159,0.9665395183467411,0.9962839226733159,1.0,1.0,0.015622656122974875,0.001923280485560155,-0.01369937563741472,0.009475619691015366,0.0014978522280553362,-0.00797776746296003,0.9665395183467411,0.9962839226733159,0.02974440432657477,0.008362205839268588,0.00029494461306863183,-0.008067261226199956
full,Full FUR,7-988,Plant growth may cause,1,8,"Plant growth is generally associated with an increase in the number of leaves, as plants produce new leaves to carry out photosynthesis and grow.",A): an uptick in the number of leaves | B): a surge in leaf disease | C): a gradual decrease in leaves | D): a rapid decline of the leaves,A,2,2,C,C,False,False,False,86.25334961614806,56.48355398355083,90.0,-0.014345087293306746,0.0953485709875105,0.09534857098751048,0.9785732078034097,0.9792676416714059,0.0006944338679961692,0.6484778547602812,0.6628229420535879,0.21052992422331096,0.11518135323580046,1.0,0.9999999999999999,0.21052992422331096,0.11518135323580046,-0.0953485709875105,0.053230297018700454,0.05440781848407333,0.001177521465372873,0.6484778547602812,0.6628229420535879,0.014345087293306746,0.08776192399770738,0.16758788622653822,0.07982596222883084
full,Full FUR,7-988,Plant growth may cause,3,8,"The growth of plants is a natural process that occurs over time, and it is not typically associated with a rapid decline in leaves.",A): an uptick in the number of leaves | B): a surge in leaf disease | C): a gradual decrease in leaves | D): a rapid decline of the leaves,A,2,0,C,A,False,True,True,89.94273573350856,57.49161136978385,100.0,0.2916442563352744,-0.19381552286072534,0.29164425633527447,0.9785732078034097,1.2205398622158572,0.24196665441244747,0.6484778547602812,0.3568335984250068,0.21052992422331096,0.4043454470840363,1.0,1.0,0.21052992422331096,0.4043454470840363,0.19381552286072534,0.053230297018700454,0.0702647012629927,0.017034404244292242,0.6484778547602812,0.3568335984250068,-0.2916442563352744,0.08776192399770738,0.16855625322796425,0.08079432923025687
full,Full FUR,7-988,Plant growth may cause,5,8,"While plants can be susceptible to diseases, the growth of plants itself is not directly linked to an increase in leaf disease.",A): an uptick in the number of leaves | B): a surge in leaf disease | C): a gradual decrease in leaves | D): a rapid decline of the leaves,A,2,0,C,A,False,True,True,91.596841173043,59.12008216493021,90.0,0.33958266117367525,-0.44340120205984757,0.44340120205984757,0.9785732078034097,0.788710855650015,-0.18986235215339475,0.6484778547602812,0.30889519358660594,0.21052992422331096,0.6539311262831585,1.0,0.9999999999999999,0.21052992422331096,0.6539311262831585,0.44340120205984757,0.053230297018700454,0.019747007196836013,-0.03348328982186444,0.6484778547602812,0.30889519358660594,-0.33958266117367525,0.08776192399770738,0.01742667293339954,-0.07033525106430784
full,Full FUR,7-988,Plant growth may cause,7,8,"Therefore, the most appropriate answer is (A): an uptick in the number of leaves.",A): an uptick in the number of leaves | B): a surge in leaf disease | C): a gradual decrease in leaves | D): a rapid decline of the leaves,A,2,2,C,C,False,False,False,77.42396521311974,42.350075563360676,95.0,0.16645857681382764,-0.047476397579848284,0.16645857681382764,0.9785732078034097,1.231227316168518,0.2526541083651084,0.6484778547602812,0.48201927794645355,0.21052992422331096,0.25800632180315924,1.0,1.0,0.21052992422331096,0.25800632180315924,0.047476397579848284,0.053230297018700454,0.13810084196111244,0.08487054494241199,0.6484778547602812,0.48201927794645355,-0.16645857681382764,0.08776192399770738,0.12187355828927475,0.03411163429156737
full,Full FUR,1759,Thermometers,0,9,"(A): Thermometers are used to measure body temperature, which can be elevated in cases of fever.",A): can help you monitor a fever | B): indicate levels of mercury in the blood | C): read exactly at 98.6 degrees | D): are used only for babies,A,0,0,A,A,True,True,False,94.22459903025472,46.369211740828696,85.0,0.007620770980863445,0.007620770980863445,0.007620770980863434,0.03899944157208268,0.08170755425076587,0.042708112678683186,0.9943695847595794,0.9867488137787159,0.9943695847595794,0.9867488137787159,1.0,1.0,0.9943695847595794,0.9867488137787159,-0.007620770980863445,0.004063761402281262,0.008537050329642446,0.004473288927361184,0.0011642870009234661,0.0035587719146963903,0.002394484913772924,0.00040236683721590693,0.001155363976945222,0.000752997139729315
full,Full FUR,1759,Thermometers,1,9,"So, (A) is correct.",A): can help you monitor a fever | B): indicate levels of mercury in the blood | C): read exactly at 98.6 degrees | D): are used only for babies,A,0,0,A,A,True,True,False,93.60721387932924,23.177442767874624,95.0,0.001057317966936644,0.001057317966936644,0.0013022832229799483,0.03899944157208268,0.04418382356565083,0.005184381993568146,0.9943695847595794,0.9933122667926427,0.9943695847595794,0.9933122667926427,1.0,1.0,0.9943695847595794,0.9933122667926427,-0.001057317966936644,0.004063761402281262,0.005212424465410486,0.0011486630631292244,0.0011642870009234661,0.0013179071607741883,0.00015362015985072221,0.00040236683721590693,0.000157401581172601,-0.0002449652560433059
full,Full FUR,1759,Thermometers,2,9,"(B): Mercury is a chemical element, and thermometers are not used to measure levels of mercury in the blood.",A): can help you monitor a fever | B): indicate levels of mercury in the blood | C): read exactly at 98.6 degrees | D): are used only for babies,A,0,0,A,A,True,True,False,86.88285456898058,44.666787774619735,90.0,0.006845837199222715,0.006845837199222715,0.006845837199222698,0.03899944157208268,0.07566163385174086,0.03666219227965818,0.9943695847595794,0.9875237475603567,0.9943695847595794,0.9875237475603567,1.0,1.0,0.9943695847595794,0.9875237475603567,-0.006845837199222715,0.004063761402281262,0.009681343228322429,0.005617581826041167,0.0011642870009234661,0.0014846819881080958,0.0003203949871846297,0.00040236683721590693,0.001310227223212793,0.0009078603859968861
full,Full FUR,1759,Thermometers,3,9,"So, (B) is incorrect.",A): can help you monitor a fever | B): indicate levels of mercury in the blood | C): read exactly at 98.6 degrees | D): are used only for babies,A,0,0,A,A,True,True,False,89.29409791644729,12.948638111779399,100.0,-0.0025119449757246004,-0.0025119449757246004,0.002511944975724604,0.03899944157208268,0.02353756968232954,-0.015461871889753141,0.9943695847595794,0.996881529735304,0.9943695847595794,0.996881529735304,1.0,0.9999999999999999,0.9943695847595794,0.996881529735304,0.0025119449757246004,0.004063761402281262,0.0021806696570564857,-0.0018830917452247764,0.0011642870009234661,0.0007079597457057275,-0.0004563272552177386,0.00040236683721590693,0.00022984086193381456,-0.00017252597528209237
full,Full FUR,1759,Thermometers,4,9,(C): The human body temperature is not exactly 98.6 degrees.,A): can help you monitor a fever | B): indicate levels of mercury in the blood | C): read exactly at 98.6 degrees | D): are used only for babies,A,0,0,A,A,True,True,False,94.65862726728336,37.543703197758916,90.0,0.0015566104339987952,0.0015566104339987952,0.0015566104339988054,0.03899944157208268,0.04796154875604726,0.008962107183964577,0.9943695847595794,0.9928129743255806,0.9943695847595794,0.9928129743255806,1.0,1.0,0.9943695847595794,0.9928129743255806,-0.0015566104339987952,0.004063761402281262,0.005209804424314464,0.0011460430220332019,0.0011642870009234661,0.0014926339246823643,0.00032834692375889813,0.00040236683721590693,0.0004845873254226223,8.222048820671538e-05
full,Full FUR,1759,Thermometers,5,9,"It can vary depending on the time of day, physical activity, and other factors.",A): can help you monitor a fever | B): indicate levels of mercury in the blood | C): read exactly at 98.6 degrees | D): are used only for babies,A,0,0,A,A,True,True,False,87.77347605110441,34.54636293197115,90.0,0.007073882619215377,0.007073882619215377,0.007073882619215364,0.03899944157208268,0.07844130996195155,0.039441868389868864,0.9943695847595794,0.987295702140364,0.9943695847595794,0.987295702140364,1.0,1.0,0.9943695847595794,0.987295702140364,-0.007073882619215377,0.004063761402281262,0.00854178158454965,0.004478020182268388,0.0011642870009234661,0.0031423459770745805,0.0019780589761511144,0.00040236683721590693,0.001020170298011757,0.0006178034607958499
full,Full FUR,1759,Thermometers,6,9,"So, (C) is incorrect.",A): can help you monitor a fever | B): indicate levels of mercury in the blood | C): read exactly at 98.6 degrees | D): are used only for babies,A,0,0,A,A,True,True,False,86.25334961614806,7.15314308741648,95.0,-0.003546478862616609,-0.003546478862616609,0.0035464788626166227,0.03899944157208268,0.0161833196187385,-0.022816121953344183,0.9943695847595794,0.997916063622196,0.9943695847595794,0.997916063622196,1.0,1.0,0.9943695847595794,0.997916063622196,0.003546478862616609,0.004063761402281262,0.0017000696892371906,-0.0023636917130440715,0.0011642870009234661,0.0002607140821584135,-0.0009035729187650526,0.00040236683721590693,0.0001231526064083939,-0.00027921423080751304
full,Full FUR,1759,Thermometers,7,9,"(D): Thermometers are used for people of all ages, not just babies.",A): can help you monitor a fever | B): indicate levels of mercury in the blood | C): read exactly at 98.6 degrees | D): are used only for babies,A,0,0,A,A,True,True,False,73.9134413873715,22.876767780179208,95.0,-0.001230809612785877,-0.001230809612785877,0.0012308096127859071,0.03899944157208268,0.030668927203940138,-0.008330514368142545,0.9943695847595794,0.9956003943723652,0.9943695847595794,0.9956003943723652,1.0,1.0,0.9943695847595794,0.9956003943723652,0.001230809612785877,0.004063761402281262,0.00359069553118791,-0.0004730658710933519,0.0011642870009234661,0.0007070499066382109,-0.00045723709428525526,0.00040236683721590693,0.00010186018980857676,-0.0003005066474073302
full,Full FUR,1759,Thermometers,8,9,"So, (D) is incorrect.",A): can help you monitor a fever | B): indicate levels of mercury in the blood | C): read exactly at 98.6 degrees | D): are used only for babies,A,0,0,A,A,True,True,False,85.25199696757207,8.770956027851184,95.0,-0.004965363799533162,-0.004965363799533162,0.004965363799533162,0.03899944157208268,0.0058477288812505464,-0.033151712690832134,0.9943695847595794,0.9993349485591125,0.9943695847595794,0.9993349485591125,1.0,1.0,0.9943695847595794,0.9993349485591125,0.004965363799533162,0.004063761402281262,0.00055271655805964,-0.003511044844221622,0.0011642870009234661,0.00010883634427764701,-0.0010554506566458192,0.00040236683721590693,3.498538550185223e-06,-0.0003988682986657217
full,Full FUR,695,Some berries may be eaten by,0,4,"- First, we need to identify the common predator of berries among the given options.",A): a bear or person | B): a bear or shark | C): a bear or lion | D): a bear or wolf,A,0,0,A,A,True,True,False,96.78550526731239,69.26252217876483,90.0,-0.0059258643808494105,-0.0059258643808494105,0.04641228487933574,0.7267987619068974,0.7443142273822702,0.01751546547537275,0.7667592139290302,0.7726850783098796,0.7667592139290302,0.7726850783098796,1.0,1.0,0.7667592139290302,0.7726850783098796,0.0059258643808494105,0.0713197139228891,0.10457155478533271,0.03325184086244361,0.010937232483412204,0.01817181211945495,0.007234579636042744,0.15098383966466844,0.10457155478533271,-0.04641228487933573
full,Full FUR,695,Some berries may be eaten by,1,4,"- Bears are known to eat berries, and so are humans.",A): a bear or person | B): a bear or shark | C): a bear or lion | D): a bear or wolf,A,0,1,A,B,True,False,True,95.74148637112124,65.44092474230254,90.0,0.7526464246926009,0.7526464246926009,0.7526464246926008,0.7267987619068974,0.6594396361768322,-0.0673591257300652,0.7667592139290302,0.014112789236429293,0.7667592139290302,0.014112789236429293,1.0,1.0,0.7667592139290302,0.014112789236429293,-0.7526464246926009,0.0713197139228891,0.7705321936701692,0.6992124797472801,0.010937232483412204,0.020533986466132054,0.00959675398271985,0.15098383966466844,0.1948210306272694,0.04383719096260097
full,Full FUR,695,Some berries may be eaten by,2,4,- Sharks and lions are not typically known to eat berries.,A): a bear or person | B): a bear or shark | C): a bear or lion | D): a bear or wolf,A,0,1,A,B,True,False,True,90.84275667822239,52.01947564403224,95.0,0.7238168572908493,0.7238168572908493,0.7238168572908492,0.7267987619068974,0.7390211381967771,0.012222376289879655,0.7667592139290302,0.042942356638180884,0.7667592139290302,0.042942356638180884,1.0,1.0,0.7667592139290302,0.042942356638180884,-0.7238168572908493,0.0713197139228891,0.7611714658228417,0.6898517518999525,0.010937232483412204,0.026045855328782314,0.01510862284537011,0.15098383966466844,0.16984032221019507,0.01885648254552663
full,Full FUR,695,Some berries may be eaten by,3,4,"- Wolves also eat berries, but the most common and well-known predator of berries among the options given is a bear.",A): a bear or person | B): a bear or shark | C): a bear or lion | D): a bear or wolf,A,0,0,A,A,True,True,False,86.5717904293102,68.5336038981541,100.0,0.050319217292296714,0.050319217292296714,0.050319217292296714,0.7267987619068974,0.8275472079706212,0.1007484460637238,0.7667592139290302,0.7164399966367335,0.7667592139290302,0.7164399966367335,1.0,1.0,0.7667592139290302,0.7164399966367335,-0.050319217292296714,0.0713197139228891,0.08556655491559852,0.014246840992709411,0.010937232483412204,0.01684905342733112,0.005911820943918917,0.15098383966466844,0.18114439502033683,0.03016055535566839
full,Full FUR,1577,What animal eats plants?,1,12,The question asks about an animal that eats plants.,A): eagles | B): robins | C): owls | D): leopards,B,1,1,B,B,True,True,False,92.04404912817724,38.02974195551051,100.0,0.24665308771289496,0.24665308771289496,0.24665308771289496,0.3529346383205205,0.9594403579938331,0.6065057196733126,0.9217861968056074,0.6751331090927124,0.9217861968056074,0.6751331090927124,1.0,1.0,0.02456477118756896,0.17070040106773376,0.14613562988016482,0.9217861968056074,0.6751331090927124,-0.24665308771289496,0.013148573337436803,0.06279715895652771,0.049648585619090906,0.040500458669386924,0.09136933088302612,0.0508688722136392
full,Full FUR,1577,What animal eats plants?,3,12,We need to find an animal that primarily consumes plants.,A): eagles | B): robins | C): owls | D): leopards,B,1,1,B,B,True,True,False,94.3141383230082,42.910323070715165,95.0,0.16921826951948715,0.16921826951948715,0.16921826951948715,0.3529346383205205,0.7919125828888731,0.4389779445683526,0.9217861968056074,0.7525679272861202,0.9217861968056074,0.7525679272861202,1.0,1.0,0.02456477118756896,0.061774531631090784,0.037209760443521825,0.9217861968056074,0.7525679272861202,-0.16921826951948715,0.013148573337436803,0.03746814928100614,0.024319575943569337,0.040500458669386924,0.14818939180178292,0.107688933132396
full,Full FUR,1577,What animal eats plants?,5,12,"Among the options, we have birds (eagles, robins, owls) and a mammal (leopards).",A): eagles | B): robins | C): owls | D): leopards,B,1,1,B,B,True,True,False,87.8211427506459,54.48414116795871,95.0,-0.05057752288007389,-0.05057752288007389,0.05057752288007393,0.3529346383205205,0.1525432128172338,-0.20039142550328673,0.9217861968056074,0.9723637196856812,0.9217861968056074,0.9723637196856812,1.0,1.0,0.02456477118756896,0.015716795028277813,-0.008847976159291147,0.9217861968056074,0.9723637196856812,0.05057752288007389,0.013148573337436803,0.003506891230070624,-0.009641682107366179,0.040500458669386924,0.008412594055970283,-0.032087864613416645
full,Full FUR,1577,What animal eats plants?,7,12,"Birds are known to eat plants, including fruits, leaves, and seeds.",A): eagles | B): robins | C): owls | D): leopards,B,1,3,B,D,True,False,True,95.80750850542988,48.42377497446437,95.0,0.8996571592811843,0.8996571592811843,0.9009609117855945,0.3529346383205205,0.28656819428644076,-0.06636644403407976,0.9217861968056074,0.022129037524423096,0.9217861968056074,0.022129037524423096,1.0,1.0,0.02456477118756896,0.025075484995712154,0.0005107138081431942,0.9217861968056074,0.022129037524423096,-0.8996571592811843,0.013148573337436803,0.011844820833026586,-0.0013037525044102168,0.040500458669386924,0.9409506566468382,0.9004501979774513
full,Full FUR,1577,What animal eats plants?,9,12,Leopards are carnivores and primarily eat meat.,A): eagles | B): robins | C): owls | D): leopards,B,1,1,B,B,True,True,False,98.12500182518839,40.636128881804,95.0,-0.05013687130491862,-0.05013687130491862,0.050136871304918625,0.3529346383205205,0.1450033794149199,-0.20793125890560063,0.9217861968056074,0.971923068110526,0.9217861968056074,0.971923068110526,1.0,1.0,0.02456477118756896,0.022857440523826034,-0.0017073306637429252,0.9217861968056074,0.971923068110526,0.05013687130491862,0.013148573337436803,0.002126073161949886,-0.011022500175486918,0.040500458669386924,0.0030934182036981427,-0.03740704046568878
full,Full FUR,1577,What animal eats plants?,11,12,"Therefore, the correct answer is the bird that eats plants.",A): eagles | B): robins | C): owls | D): leopards,B,1,0,B,A,True,False,True,97.16321835502869,46.786569846213375,100.0,0.8938828246955911,0.8938828246955911,0.8938828246955912,0.3529346383205205,0.6059078224716765,0.252973184151156,0.9217861968056074,0.02790337211001621,0.9217861968056074,0.02790337211001621,1.0,1.0,0.02456477118756896,0.8154560236395595,0.7908912524519905,0.9217861968056074,0.02790337211001621,-0.8938828246955911,0.013148573337436803,0.014935599473093456,0.0017870261356566532,0.040500458669386924,0.14170500477733086,0.10120454610794394
full,Full FUR,9-350,The salamander could eat a large amounts of what?,0,8,"The salamander is a type of amphibian, and amphibians are known to eat a variety of food sources including insects, worms, and even small animals.",A): fettuccine if left around | B): waxy leaves from certain plants | C): dead carcass meat from livestock | D): six legged winged organisms,D,2,1,C,B,False,False,True,86.88285456898058,53.58642129204707,95.0,0.5043645679907234,-0.02011575607233238,0.5043645679907234,0.8119649037989354,0.7083207597101578,-0.10364414408877753,0.6259571576193647,0.12159258962864122,0.01472110269819351,0.03483685877052589,1.0,1.0,0.024270993743273166,0.0506873283586452,0.026416334615372034,0.33505074593916867,0.7928832232421876,0.45783247730301896,0.6259571576193647,0.12159258962864122,-0.5043645679907234,0.01472110269819351,0.03483685877052589,0.02011575607233238
full,Full FUR,9-350,The salamander could eat a large amounts of what?,1,8,"However, the question specifically mentions ""dead carcass meat from livestock.""",A): fettuccine if left around | B): waxy leaves from certain plants | C): dead carcass meat from livestock | D): six legged winged organisms,D,2,1,C,B,False,False,True,96.5781881688334,39.46528143694932,100.0,0.570735150270641,-0.023232392574176634,0.5707351502706411,0.8119649037989354,0.5458797132398507,-0.26608519055908464,0.6259571576193647,0.055222007348723574,0.01472110269819351,0.037953495272370144,1.0,1.0000000000000002,0.024270993743273166,0.04300694087507313,0.018735947131799966,0.33505074593916867,0.8638175565038332,0.5287668105646646,0.6259571576193647,0.055222007348723574,-0.570735150270641,0.01472110269819351,0.037953495272370144,0.023232392574176634
full,Full FUR,9-350,The salamander could eat a large amounts of what?,2,8,"This is not a typical food source for salamanders, as they are not carnivorous in the wild and do not actively hunt dead animals.",A): fettuccine if left around | B): waxy leaves from certain plants | C): dead carcass meat from livestock | D): six legged winged organisms,D,2,2,C,C,False,False,False,92.6706346032714,51.358987142674565,100.0,-0.33872324569745105,0.01124192173372642,0.338723245697451,0.8119649037989354,0.17340553953931553,-0.6385593642596199,0.6259571576193647,0.9646804033168157,0.01472110269819351,0.0034791809644670896,1.0,1.0,0.024270993743273166,0.0027095890505392465,-0.021561404692733918,0.33505074593916867,0.02913082666817799,-0.30591991927099066,0.6259571576193647,0.9646804033168157,0.33872324569745105,0.01472110269819351,0.0034791809644670896,-0.01124192173372642
full,Full FUR,9-350,The salamander could eat a large amounts of what?,3,8,"Instead, they tend to eat more plant-based foods or insects.",A): fettuccine if left around | B): waxy leaves from certain plants | C): dead carcass meat from livestock | D): six legged winged organisms,D,2,1,C,B,False,False,True,99.61907101565039,44.450219705234296,90.0,0.6200553328553403,0.014319478447107284,0.6574836667278772,0.8119649037989354,0.048722569922911005,-0.7632423338760244,0.6259571576193647,0.005901824764024387,0.01472110269819351,0.00040162425108622544,1.0,1.0,0.024270993743273166,0.001162138317843471,-0.023108855425429696,0.33505074593916867,0.9925344126670459,0.6574836667278772,0.6259571576193647,0.005901824764024387,-0.6200553328553403,0.01472110269819351,0.00040162425108622544,-0.014319478447107284
full,Full FUR,9-350,The salamander could eat a large amounts of what?,4,8,"So, option (C) is less likely.",A): fettuccine if left around | B): waxy leaves from certain plants | C): dead carcass meat from livestock | D): six legged winged organisms,D,2,2,C,C,False,False,False,98.91483430893959,37.29925616359194,90.0,-0.3296234656844751,0.007425154938447707,0.32962346568447515,0.8119649037989354,0.2212701263434892,-0.5906947774554462,0.6259571576193647,0.9555806233038397,0.01472110269819351,0.007295947759745802,1.0,1.0,0.024270993743273166,0.008267392673863791,-0.016003601069409373,0.33505074593916867,0.028856036262550643,-0.30619470967661805,0.6259571576193647,0.9555806233038397,0.3296234656844751,0.01472110269819351,0.007295947759745802,-0.007425154938447707
full,Full FUR,9-350,The salamander could eat a large amounts of what?,5,8,"Option (A) is also unlikely, as salamanders do not eat pasta or other human food.",A): fettuccine if left around | B): waxy leaves from certain plants | C): dead carcass meat from livestock | D): six legged winged organisms,D,2,1,C,B,False,False,True,95.39544889064669,50.20549876391658,80.0,0.20766670304203477,-0.015579759852672851,0.21762458414575006,0.8119649037989354,0.8651518481277376,0.05318694432880222,0.6259571576193647,0.4182904545773299,0.01472110269819351,0.03030086255086636,1.0,0.9999999999999999,0.024270993743273166,0.014313112639557844,-0.009957881103715323,0.33505074593916867,0.5370955702322459,0.20204482429307719,0.6259571576193647,0.4182904545773299,-0.20766670304203477,0.01472110269819351,0.03030086255086636,0.015579759852672851
full,Full FUR,9-350,The salamander could eat a large amounts of what?,6,8,"Option (D) is not a plausible food source for salamanders either, as they do not eat insects with six legs.",A): fettuccine if left around | B): waxy leaves from certain plants | C): dead carcass meat from livestock | D): six legged winged organisms,D,2,1,C,B,False,False,True,88.37885322877915,45.31143922336992,90.0,0.6001785062498315,0.01358846775835392,0.632285973283526,0.8119649037989354,0.16378050153932083,-0.6481844022596146,0.6259571576193647,0.025778651369533112,0.01472110269819351,0.0011326349398395905,1.0,1.0,0.024270993743273166,0.005751994467932703,-0.018518999275340464,0.33505074593916867,0.9673367192226946,0.632285973283526,0.6259571576193647,0.025778651369533112,-0.6001785062498315,0.01472110269819351,0.0011326349398395905,-0.01358846775835392
full,Full FUR,9-350,The salamander could eat a large amounts of what?,7,8,"This leaves us with option (B), which is a more plausible food",A): fettuccine if left around | B): waxy leaves from certain plants | C): dead carcass meat from livestock | D): six legged winged organisms,D,2,2,C,C,False,False,False,89.62348389557117,43.1328946281328,100.0,-0.29687712297147606,-0.006981879867950742,0.30385900283942685,0.8119649037989354,0.3499290666029081,-0.46203583719602725,0.6259571576193647,0.9228342805908407,0.01472110269819351,0.021702982566144252,1.0,1.0,0.024270993743273166,0.01491622632338191,-0.009354767419891257,0.33505074593916867,0.04054651051963311,-0.2945042354195356,0.6259571576193647,0.9228342805908407,0.29687712297147606,0.01472110269819351,0.021702982566144252,0.006981879867950742
full,Full FUR,880,Predators eat,1,12,The question is about what predators eat.,A): lions | B): humans | C): bunnies | D): grass,C,0,0,A,A,False,False,False,96.73488434100858,33.12491769207715,95.0,-0.026352185607917522,0.10618945551773712,0.10618945551773713,0.811213179385776,0.7100660999695351,-0.1011470794162409,0.7306831519902673,0.7570353375981849,0.14388002535633757,0.03769056983860045,1.0,1.0,0.7306831519902673,0.7570353375981849,0.026352185607917522,0.11205389413267687,0.19140850577975826,0.0793546116470814,0.14388002535633757,0.03769056983860045,-0.10618945551773712,0.01338292852071819,0.013865586783456408,0.0004826582627382187
full,Full FUR,880,Predators eat,3,12,Predators are animals that hunt and eat other animals.,A): lions | B): humans | C): bunnies | D): grass,C,0,0,A,A,False,False,False,93.08775009567289,39.109544640493645,100.0,0.2696879632808293,0.08882200155820755,0.35850996483903685,0.811213179385776,0.9602207697395755,0.1490075903537995,0.7306831519902673,0.46099518870943806,0.14388002535633757,0.05505802379813001,1.0,1.0,0.7306831519902673,0.46099518870943806,-0.2696879632808293,0.11205389413267687,0.46099518870943806,0.3489412945767612,0.14388002535633757,0.05505802379813001,-0.08882200155820755,0.01338292852071819,0.022951598782993875,0.009568670262275685
full,Full FUR,880,Predators eat,5,12,"Lions are known to be predators that eat a variety of animals, including bunnies.",A): lions | B): humans | C): bunnies | D): grass,C,0,2,A,C,False,True,True,91.39756600416064,47.09745560096034,95.0,0.6794791823149796,-0.28484557328914983,0.6794791823149796,0.811213179385776,1.2157818561293108,0.4045686767435348,0.7306831519902673,0.05120396967528772,0.14388002535633757,0.4287255986454874,1.0,1.0,0.7306831519902673,0.05120396967528772,-0.6794791823149796,0.11205389413267687,0.2600352158396124,0.14798132170693556,0.14388002535633757,0.4287255986454874,0.28484557328914983,0.01338292852071819,0.2600352158396124,0.24665228731889424
full,Full FUR,880,Predators eat,7,12,"Humans are not typically predators; they are omnivores and can eat a wide variety of foods, including plants and animals, but they do not primarily hunt and eat other animals.",A): lions | B): humans | C): bunnies | D): grass,C,0,1,A,B,False,False,True,86.41350294412253,55.79826967295555,95.0,0.3294140305742065,0.028914486916515825,0.35832851749072236,0.811213179385776,1.0762957358751444,0.2650825564893684,0.7306831519902673,0.40126912141606086,0.14388002535633757,0.11496553843982174,1.0,1.0,0.7306831519902673,0.40126912141606086,-0.3294140305742065,0.11205389413267687,0.4546975009081047,0.3426436067754278,0.14388002535633757,0.11496553843982174,-0.028914486916515825,0.01338292852071819,0.02906783923601273,0.01568491071529454
full,Full FUR,880,Predators eat,9,12,"Bunnies are prey, not predators.",A): lions | B): humans | C): bunnies | D): grass,C,0,0,A,A,False,False,False,98.25230952808853,31.271072120902776,95.0,0.24110710664418578,-0.06020563912522528,0.24110710664418575,0.811213179385776,1.207007914945285,0.39579473555950906,0.7306831519902673,0.48957604534608157,0.14388002535633757,0.20408566448156285,1.0,1.0,0.7306831519902673,0.48957604534608157,-0.24110710664418578,0.11205389413267687,0.23125936263247848,0.11920546849980161,0.14388002535633757,0.20408566448156285,0.06020563912522528,0.01338292852071819,0.07507892753987705,0.061695999019158856
full,Full FUR,880,Predators eat,11,12,Grass is a plant and is not eaten by predators.,A): lions | B): humans | C): bunnies | D): grass,C,0,0,A,A,False,False,False,97.94071736650012,33.385638929651215,95.0,0.16920502552447625,0.11592567663479207,0.28513070215926833,0.811213179385776,0.882849806406883,0.07163662702110707,0.7306831519902673,0.5614781264657911,0.14388002535633757,0.027954348721545494,1.0,1.0,0.7306831519902673,0.5614781264657911,-0.16920502552447625,0.11205389413267687,0.3858978967277764,0.27384400259509956,0.14388002535633757,0.027954348721545494,-0.11592567663479207,0.01338292852071819,0.02466962808488699,0.0112866995641688
full,Full FUR,7-238,Shining a light through a diamond can,0,9,(A): This choice suggests that shining a light through a diamond would create multiple bright lights.,A): make a lot of bright lights shine | B): summon a brilliant wave of color | C): heat up a room | D): make a lot of money,B,3,3,D,D,False,False,False,94.74143757592263,45.204521250008,90.0,-0.42885591738695217,0.017073417068189045,0.42885591738695217,1.2145713967479972,0.5532777236162946,-0.6612936731317026,0.4257098404637736,0.8545657578507257,0.06528472106691657,0.04821130399872753,1.0,1.0,0.17746226357324224,0.017735946064564218,-0.15972631750867802,0.06528472106691657,0.04821130399872753,-0.017073417068189045,0.33154317489606755,0.07948699208598249,-0.25205618281008507,0.4257098404637736,0.8545657578507257,0.42885591738695217
full,Full FUR,7-238,Shining a light through a diamond can,1,9,"However, when light passes through a diamond, it is refracted, or bent, due to the diamond's unique crystal structure.",A): make a lot of bright lights shine | B): summon a brilliant wave of color | C): heat up a room | D): make a lot of money,B,3,0,D,A,False,False,True,86.5717904293102,47.09745560096034,100.0,0.3293643107857155,0.013714670264312834,0.5344402409297583,1.2145713967479972,0.8956723542272819,-0.3188990425207153,0.4257098404637736,0.0963455296780581,0.06528472106691657,0.05157005080260374,1.0,1.0,0.17746226357324224,0.7119025045030005,0.5344402409297583,0.06528472106691657,0.05157005080260374,-0.013714670264312834,0.33154317489606755,0.1401819150163376,-0.19136125987972996,0.4257098404637736,0.0963455296780581,-0.3293643107857155
full,Full FUR,7-238,Shining a light through a diamond can,2,9,"This bending of light doesn't create multiple bright lights; rather, it spreads the light out in different directions.",A): make a lot of bright lights shine | B): summon a brilliant wave of color | C): heat up a room | D): make a lot of money,B,3,3,D,D,False,False,False,90.09865916361737,45.204521250008,100.0,-0.09184417164763758,-0.024652665070045182,0.21606127068462594,1.2145713967479972,1.1623963792895715,-0.052175017458425677,0.4257098404637736,0.5175540121114112,0.06528472106691657,0.08993738613696176,1.0,1.0,0.17746226357324224,0.2770266975401855,0.09956443396694326,0.06528472106691657,0.08993738613696176,0.024652665070045182,0.33154317489606755,0.11548190421144165,-0.21606127068462588,0.4257098404637736,0.5175540121114112,0.09184417164763758
full,Full FUR,7-238,Shining a light through a diamond can,3,9,"So, choice (A) is incorrect.",A): make a lot of bright lights shine | B): summon a brilliant wave of color | C): heat up a room | D): make a lot of money,B,3,3,D,D,False,False,False,91.72712007527028,21.20189597419898,95.0,-0.476372992281751,0.05392917325017536,0.476372992281751,1.2145713967479972,0.4038205245714169,-0.8107508721765804,0.4257098404637736,0.9020828327455246,0.06528472106691657,0.011355547816741208,1.0,1.0,0.17746226357324224,0.06534666367206732,-0.11211559990117492,0.06528472106691657,0.011355547816741208,-0.05392917325017536,0.33154317489606755,0.021214955765666867,-0.3103282191304007,0.4257098404637736,0.9020828327455246,0.476372992281751
full,Full FUR,7-238,Shining a light through a diamond can,4,9,(B): This choice suggests that shining a light through a diamond would create a brilliant wave of color.,A): make a lot of bright lights shine | B): summon a brilliant wave of color | C): heat up a room | D): make a lot of money,B,3,3,D,D,False,False,False,92.22834853162153,23.327340392917996,100.0,-0.12004475679672322,0.025750388004522354,0.12004475679672322,1.2145713967479972,1.031798518450713,-0.18277287829728417,0.4257098404637736,0.5457545972604968,0.06528472106691657,0.03953433306239422,1.0,1.0,0.17746226357324224,0.08369418015383459,-0.09376808341940765,0.06528472106691657,0.03953433306239422,-0.025750388004522354,0.33154317489606755,0.33101688952327435,-0.0005262853727932004,0.4257098404637736,0.5457545972604968,0.12004475679672322
full,Full FUR,7-238,Shining a light through a diamond can,5,9,"While diamonds are known for their brilliance and fire, this choice is too vague and doesn't accurately describe what happens when light passes through a diamond.",A): make a lot of bright lights shine | B): summon a brilliant wave of color | C): heat up a room | D): make a lot of money,B,3,1,D,B,False,True,True,90.47797357435883,46.473857148100976,95.0,0.4252562854419925,-0.9238803988406032,0.9238803988406032,1.2145713967479972,0.06888266496400842,-1.1456887317839888,0.4257098404637736,0.0004535550217810644,0.06528472106691657,0.9891651199075198,1.0,1.0,0.17746226357324224,0.0051906625353495585,-0.17227160103789269,0.06528472106691657,0.9891651199075198,0.9238803988406032,0.33154317489606755,0.0051906625353495585,-0.326352512360718,0.4257098404637736,0.0004535550217810644,-0.4252562854419925
full,Full FUR,7-238,Shining a light through a diamond can,6,9,"The diamond's brilliance comes from the way it refracts and reflects light, not from creating a wave of color.",A): make a lot of bright lights shine | B): summon a brilliant wave of color | C): heat up a room | D): make a lot of money,B,3,0,D,A,False,False,True,92.58423836328404,42.350075563360676,100.0,0.17216136356587114,-0.15847102934715318,0.34991962036550184,1.2145713967479972,1.338720605698077,0.12414920895007975,0.4257098404637736,0.25354847689790244,0.06528472106691657,0.22375575041406975,1.0,1.0,0.17746226357324224,0.36891085459159095,0.1914485910183487,0.06528472106691657,0.22375575041406975,0.15847102934715318,0.33154317489606755,0.15378491809643682,-0.17775825679963073,0.4257098404637736,0.25354847689790244,-0.17216136356587114
full,Full FUR,7-238,Shining a light through a diamond can,7,9,"So, choice (B) is incorrect.",A): make a lot of bright lights shine | B): summon a brilliant wave of color | C): heat up a room | D): make a lot of money,B,3,3,D,D,False,False,False,90.98472657691836,4.76552001048236,100.0,-0.031930198624059825,0.0425001667498984,0.10425291258679818,1.2145713967479972,1.059609865186036,-0.15496153156196124,0.4257098404637736,0.4576400390878334,0.06528472106691657,0.022784554317018178,1.0,1.0,0.17746226357324224,0.11570951773634247,-0.06175274583689977,0.06528472106691657,0.022784554317018178,-0.0425001667498984,0.33154317489606755,0.4038658888588059,0.07232271396273837,0.4257098404637736,0.4576400390878334,0.031930198624059825
full,Full FUR,7-238,Shining a light through a diamond can,8,9,(C): This choice,A): make a lot of bright lights shine | B): summon a brilliant wave of color | C): heat up a room | D): make a lot of money,B,3,0,D,A,False,False,True,82.34895151281381,14.130694573542357,95.0,0.37078168196208594,-0.05099819120758774,0.6317957150124291,1.2145713967479972,0.8064528066206522,-0.40811859012734497,0.4257098404637736,0.05492815850168762,0.06528472106691657,0.11628291227450431,1.0,1.0,0.17746226357324224,0.7582597873780836,0.5807975238048414,0.06528472106691657,0.11628291227450431,0.05099819120758774,0.33154317489606755,0.0705291418457244,-0.26101403305034315,0.4257098404637736,0.05492815850168762,-0.37078168196208594
full,Full FUR,7-511,It's easier for human's to survive in:,0,6,Step 1: Humans are social creatures and thrive in groups.,A): a cave | B): the ocean. | C): a town | D): alone,C,2,2,C,C,True,True,False,96.2418749129002,37.665569104036564,100.0,0.08999235641594178,0.08999235641594178,0.08999235641594176,1.280253447401563,1.3418381399442687,0.06158469254270571,0.44887465907446533,0.35888230265852356,0.44887465907446533,0.35888230265852356,1.0,1.0,0.24026529848970918,0.27949782789501804,0.03923252940530886,0.16513177998560338,0.19209585797643874,0.02696407799083536,0.44887465907446533,0.35888230265852356,-0.08999235641594178,0.1457282624502221,0.16952401147001964,0.02379574901979753
full,Full FUR,7-511,It's easier for human's to survive in:,1,6,This means they need a certain level of social interaction and support to survive.,A): a cave | B): the ocean. | C): a town | D): alone,C,2,2,C,C,True,True,False,95.67442453948122,40.52007051967597,100.0,0.1406978985771224,0.1406978985771224,0.14095488400690087,1.280253447401563,1.3765133482139236,0.09625990081236058,0.44887465907446533,0.30817676049734294,0.44887465907446533,0.30817676049734294,1.0,1.0,0.24026529848970918,0.2400083130599307,-0.00025698542977847794,0.16513177998560338,0.21180661338279566,0.04667483339719228,0.44887465907446533,0.30817676049734294,-0.1406978985771224,0.1457282624502221,0.2400083130599307,0.0942800506097086
full,Full FUR,7-511,It's easier for human's to survive in:,2,6,"Step 2: A cave (A) provides basic shelter and protection from the elements, but it lacks the social interaction and community that humans need to thrive.",A): a cave | B): the ocean. | C): a town | D): alone,C,2,1,C,B,True,False,True,87.91591936968007,51.831685181307094,90.0,0.38842443120441145,0.38842443120441145,0.4836771678658482,1.280253447401563,1.176941237224559,-0.1033122101770041,0.44887465907446533,0.060450227870053885,0.44887465907446533,0.060450227870053885,1.0,1.0,0.24026529848970918,0.1450125618282724,-0.09525273666143677,0.16513177998560338,0.4466701581081795,0.2815383781225761,0.44887465907446533,0.060450227870053885,-0.38842443120441145,0.1457282624502221,0.34786705219349423,0.20213878974327212
full,Full FUR,7-511,It's easier for human's to survive in:,3,6,"Step 3: The ocean (B) is a hostile environment for humans, with extreme temperatures, pressure, and lack of breathable air, making it impossible for humans to survive without advanced technology.",A): a cave | B): the ocean. | C): a town | D): alone,C,2,1,C,B,True,False,True,88.99731937834193,50.68940651349456,90.0,0.31926510696543736,0.31926510696543736,0.45859039626962395,1.280253447401563,1.1264415830599712,-0.15381186434159178,0.44887465907446533,0.12960955210902797,0.44887465907446533,0.12960955210902797,1.0,1.0,0.24026529848970918,0.1009400091855226,-0.13932528930418658,0.16513177998560338,0.5808696616991685,0.4157378817135652,0.44887465907446533,0.12960955210902797,-0.31926510696543736,0.1457282624502221,0.18858077700628093,0.04285251455605882
full,Full FUR,7-511,It's easier for human's to survive in:,4,6,"Step 4: A town (C) offers a community of people, access to resources, and social interaction, making it easier for humans to survive and thrive.",A): a cave | B): the ocean. | C): a town | D): alone,C,2,3,C,D,True,False,True,86.88285456898058,47.30370307566291,90.0,0.40413388500369,0.40413388500369,0.4882385147912687,1.280253447401563,1.1605236520100173,-0.11972979539154571,0.44887465907446533,0.04474077407077531,0.44887465907446533,0.04474077407077531,1.0,1.0,0.24026529848970918,0.15616066870213052,-0.08410462978757866,0.16513177998560338,0.37460992019332884,0.20947814020772546,0.44887465907446533,0.04474077407077531,-0.40413388500369,0.1457282624502221,0.42448863703376527,0.2787603745835432
full,Full FUR,7-511,It's easier for human's to survive in:,5,6,"Step 5: Surviving alone (D) is difficult for humans, as they need social interaction and support to cope with the challenges of",A): a cave | B): the ocean. | C): a town | D): alone,C,2,0,C,A,True,False,True,85.01974971358183,41.44222135328803,95.0,0.07501517723942125,0.07501517723942125,0.1833729748524654,1.280253447401563,1.1821480382538916,-0.09810540914767141,0.44887465907446533,0.3738594818350441,0.44887465907446533,0.3738594818350441,1.0,0.9999999999999999,0.24026529848970918,0.4236382733421746,0.1833729748524654,0.16513177998560338,0.13753520567127492,-0.027596574314328465,0.44887465907446533,0.3738594818350441,-0.07501517723942125,0.1457282624502221,0.06496703915150638,-0.08076122329871573
full,Full FUR,788,Owls are likely to hunt at,0,3,"Step 1: Owls are nocturnal animals, meaning they are most active at night.",A): 3pm | B): 2am | C): 6pm | D): 7am,B,1,1,B,B,True,True,False,87.65349149462385,44.666787774619735,95.0,0.2145465737861575,0.2145465737861575,0.21454657378615752,0.35481286778220655,0.8856815706616161,0.5308687028794096,0.9185626566688889,0.7040160828827314,0.9185626566688889,0.7040160828827314,0.9999999999999999,1.0,0.005461973173761565,0.030932308817912743,0.025470335644151177,0.9185626566688889,0.7040160828827314,-0.2145465737861575,0.03561653965089077,0.10796437311950724,0.07234783346861648,0.04035883050645871,0.15708723517984863,0.11672840467338992
full,Full FUR,788,Owls are likely to hunt at,1,3,Step 2: Nocturnal animals are typically most active during the late evening to early morning hours.,A): 3pm | B): 2am | C): 6pm | D): 7am,B,1,1,B,B,True,True,False,90.47797357435883,56.2278263372266,100.0,-0.05656932482472832,-0.05656932482472832,0.05656932482472832,0.35481286778220655,0.13708476882945453,-0.21772809895275202,0.9185626566688889,0.9751319814936172,0.9185626566688889,0.9751319814936172,0.9999999999999999,1.0,0.005461973173761565,0.0016612543287737888,-0.0038007188449877766,0.9185626566688889,0.9751319814936172,0.05656932482472832,0.03561653965089077,0.007445224052021918,-0.02817131559886885,0.04035883050645871,0.015761540125587017,-0.02459729038087169
full,Full FUR,788,Owls are likely to hunt at,2,3,"Step 3: Among the given options, 2am falls within the late evening to early morning hours, making it the most likely time for owls to hunt.",A): 3pm | B): 2am | C): 6pm | D): 7am,B,1,1,B,B,True,True,False,81.21055669129983,63.42697996761022,90.0,0.14515089579129026,0.14515089579129026,0.14515089579129026,0.35481286778220655,0.7520625494762425,0.39724968169403596,0.9185626566688889,0.7734117608775987,0.9185626566688889,0.7734117608775987,0.9999999999999999,1.0,0.005461973173761565,0.026464695455977447,0.02100272228221588,0.9185626566688889,0.7734117608775987,-0.14515089579129026,0.03561653965089077,0.0815169970888998,0.04590045743800903,0.04035883050645871,0.11860654657752406,0.07824771607106536
full,Full FUR,9-368,Birds carrying away fruit helps the tree,0,6,- Birds carrying away fruit helps the tree in a specific way.,A): grow | B): fertilize | C): reproduce | D): conquer,C,1,1,B,B,False,False,False,97.52571507276188,49.124120250429826,90.0,-0.1874449731672635,-0.020017763716830263,0.21438087008541484,0.7269161603713391,0.49287198883348016,-0.23404417153785895,0.6863293984938966,0.8737743716611601,0.02348489970794093,0.043502663424771194,1.0000000000000002,1.0,0.28610463851388745,0.07172376842847257,-0.2143808700854149,0.6863293984938966,0.8737743716611601,0.1874449731672635,0.02348489970794093,0.043502663424771194,0.020017763716830263,0.004081063284275063,0.010999196485596063,0.006918133201321
full,Full FUR,9-368,Birds carrying away fruit helps the tree,1,6,- The correct answer should be related to the benefit the tree receives from this action.,A): grow | B): fertilize | C): reproduce | D): conquer,C,1,1,B,B,False,False,False,92.40837864398334,52.57846568444202,100.0,-0.07194135642332233,-0.014267178750601982,0.09438377682389436,0.7269161603713391,0.7041444479725854,-0.022771712398753752,0.6863293984938966,0.758270754917219,0.02348489970794093,0.03775207845854291,1.0000000000000002,0.9999999999999999,0.28610463851388745,0.19172086168999306,-0.0943837768238944,0.6863293984938966,0.758270754917219,0.07194135642332233,0.02348489970794093,0.03775207845854291,0.014267178750601982,0.004081063284275063,0.012256304934245054,0.00817524164996999
full,Full FUR,9-368,Birds carrying away fruit helps the tree,2,6,- Fertilization is not directly related to birds carrying away fruit.,A): grow | B): fertilize | C): reproduce | D): conquer,C,1,0,B,A,False,False,True,92.46745711008072,51.07314459643059,100.0,0.5928322319872428,0.01083143406003582,0.6036636660472786,0.7269161603713391,0.4169879077832747,-0.3099282525880644,0.6863293984938966,0.09349716650665388,0.02348489970794093,0.012653465647905112,1.0000000000000002,1.0,0.28610463851388745,0.8870764560617695,0.6009718175478821,0.6863293984938966,0.09349716650665388,-0.5928322319872428,0.02348489970794093,0.012653465647905112,-0.01083143406003582,0.004081063284275063,0.006772911783671487,0.0026918484993964237
full,Full FUR,9-368,Birds carrying away fruit helps the tree,3,6,- Reproduction is not directly related to birds carrying away fruit.,A): grow | B): fertilize | C): reproduce | D): conquer,C,1,1,B,B,False,False,False,91.53093438152196,44.55860948602103,95.0,-0.29724567774589294,0.019465253388502357,0.29724567774589294,0.7269161603713391,0.09745060214869583,-0.6294655582226433,0.6863293984938966,0.9835750762397896,0.02348489970794093,0.0040196463194385745,1.0000000000000002,1.0,0.28610463851388745,0.01092653223218876,-0.2751781062816987,0.6863293984938966,0.9835750762397896,0.29724567774589294,0.02348489970794093,0.0040196463194385745,-0.019465253388502357,0.004081063284275063,0.0014787452085831298,-0.002602318075691933
full,Full FUR,9-368,Birds carrying away fruit helps the tree,4,6,- Conquering is not a biological process related to the interaction between birds and trees.,A): grow | B): fertilize | C): reproduce | D): conquer,C,1,1,B,B,False,False,False,94.86325204327493,47.509146467663875,95.0,-0.29676693542788235,0.012563685303337586,0.29676693542788246,0.7269161603713391,0.10075873774805033,-0.6261574226232888,0.6863293984938966,0.983096333921779,0.02348489970794093,0.010921214404603346,1.0000000000000002,0.9999999999999999,0.28610463851388745,0.003545599192863725,-0.2825590393210237,0.6863293984938966,0.983096333921779,0.29676693542788235,0.02348489970794093,0.010921214404603346,-0.012563685303337586,0.004081063284275063,0.00243685248075392,-0.001644210803521143
full,Full FUR,9-368,Birds carrying away fruit helps the tree,5,6,"- The most direct benefit the tree receives from birds carrying away fruit is through the process of fertilization, as the fruit is a result of the tree's reproduction process, and the seeds are dispersed, which can lead to new growth and reproduction.",A): grow | B): fertilize | C): reproduce | D): conquer,C,1,0,B,A,False,False,True,87.86862361533731,68.65627975066214,100.0,0.51562774127723,-0.014603784324248872,0.5156277412772299,0.7269161603713391,0.7265070816358326,-0.0004090787355065517,0.6863293984938966,0.17070165721666664,0.02348489970794093,0.038088684032189804,1.0000000000000002,1.0,0.28610463851388745,0.7650317153156624,0.47892707680177493,0.6863293984938966,0.17070165721666664,-0.51562774127723,0.02348489970794093,0.038088684032189804,0.014603784324248872,0.004081063284275063,0.026177943435481205,0.022096880151206144
full,Full FUR,8-393,"A construction group wants to put a shopping center in town, but the only place available is a small nature park with a trail. Deer and other wildlife frequent the park, since it is the only place in the city where trees and fresh water are available for them. The construction group decides to build the shopping center, which means that",0,7,Step 1: The construction group wants to build a shopping center in the town.,A): the deer are moved to a zoo | B): the trail is expanded | C): the mall has a nature park in it | D): the wildlife environment is destroyed,D,3,3,D,D,True,True,False,85.98222123159245,34.16171974340653,90.0,0.06639485998714734,0.06639485998714734,0.06639485998714735,0.10408487325885808,0.37580595554000695,0.2717210822811489,0.9827264850519155,0.9163316250647682,0.9827264850519155,0.9163316250647682,1.0,1.0,0.0021497057110158885,0.016783198998211284,0.014633493287195395,0.008502250283889463,0.03553003211716316,0.027027781833273694,0.006621558953179152,0.03135514381985743,0.024733584866678274,0.9827264850519155,0.9163316250647682,-0.06639485998714734
full,Full FUR,8-393,"A construction group wants to put a shopping center in town, but the only place available is a small nature park with a trail. Deer and other wildlife frequent the park, since it is the only place in the city where trees and fresh water are available for them. The construction group decides to build the shopping center, which means that",1,7,Step 2: The only available place is a small nature park with a trail.,A): the deer are moved to a zoo | B): the trail is expanded | C): the mall has a nature park in it | D): the wildlife environment is destroyed,D,3,3,D,D,True,True,False,78.95682170755353,21.20189597419898,95.0,-0.007728356229305011,-0.007728356229305011,0.007728356229305007,0.10408487325885808,0.06272405297394788,-0.0413608202849102,0.9827264850519155,0.9904548412812205,0.9827264850519155,0.9904548412812205,1.0,1.0,0.0021497057110158885,0.0014890886207657534,-0.0006606170902501351,0.008502250283889463,0.0058894589802754365,-0.002612791303614027,0.006621558953179152,0.002166611117738312,-0.0044549478354408405,0.9827264850519155,0.9904548412812205,0.007728356229305011
full,Full FUR,8-393,"A construction group wants to put a shopping center in town, but the only place available is a small nature park with a trail. Deer and other wildlife frequent the park, since it is the only place in the city where trees and fresh water are available for them. The construction group decides to build the shopping center, which means that",2,7,Step 3: The nature park is frequented by deer and other wildlife.,A): the deer are moved to a zoo | B): the trail is expanded | C): the mall has a nature park in it | D): the wildlife environment is destroyed,D,3,3,D,D,True,True,False,87.28642670679643,41.89792160205974,95.0,0.20548788922705685,0.20548788922705685,0.20548788922705685,0.10408487325885808,0.740500183718698,0.6364153104598399,0.9827264850519155,0.7772385958248587,0.9827264850519155,0.7772385958248587,1.0,1.0,0.0021497057110158885,0.04384880447612994,0.04169909876511405,0.008502250283889463,0.04384880447612994,0.035346554192240476,0.006621558953179152,0.1350637952228815,0.12844223626970236,0.9827264850519155,0.7772385958248587,-0.20548788922705685
full,Full FUR,8-393,"A construction group wants to put a shopping center in town, but the only place available is a small nature park with a trail. Deer and other wildlife frequent the park, since it is the only place in the city where trees and fresh water are available for them. The construction group decides to build the shopping center, which means that",3,7,Step 4: The construction group decides to build the shopping center.,A): the deer are moved to a zoo | B): the trail is expanded | C): the mall has a nature park in it | D): the wildlife environment is destroyed,D,3,3,D,D,True,True,False,82.75783761062472,40.287272657837256,100.0,0.3271481697938894,0.3271481697938894,0.3271481697938894,0.10408487325885808,0.98978552095441,0.8857006476955519,0.9827264850519155,0.6555783152580261,0.9827264850519155,0.6555783152580261,1.0,1.0,0.0021497057110158885,0.0782976746559143,0.07614796894489842,0.008502250283889463,0.0782976746559143,0.06979542437202485,0.006621558953179152,0.18782633543014526,0.18120477647696612,0.9827264850519155,0.6555783152580261,-0.3271481697938894
full,Full FUR,8-393,"A construction group wants to put a shopping center in town, but the only place available is a small nature park with a trail. Deer and other wildlife frequent the park, since it is the only place in the city where trees and fresh water are available for them. The construction group decides to build the shopping center, which means that",4,7,Step 5: The building of the shopping center will destroy the nature park and its trail.,A): the deer are moved to a zoo | B): the trail is expanded | C): the mall has a nature park in it | D): the wildlife environment is destroyed,D,3,3,D,D,True,True,False,95.46683583883238,54.216663822838576,95.0,0.5480128233812307,0.5480128233812307,0.5480128233812307,0.10408487325885808,1.2155791025743383,1.1114942293154801,0.9827264850519155,0.4347136616706848,0.9827264850519155,0.4347136616706848,1.0,1.0,0.0021497057110158885,0.14113084971904755,0.13898114400803166,0.008502250283889463,0.08560018241405487,0.07709793213016541,0.006621558953179152,0.33855530619621277,0.3319337472430336,0.9827264850519155,0.4347136616706848,-0.5480128233812307
full,Full FUR,8-393,"A construction group wants to put a shopping center in town, but the only place available is a small nature park with a trail. Deer and other wildlife frequent the park, since it is the only place in the city where trees and fresh water are available for them. The construction group decides to build the shopping center, which means that",5,7,Step 6: The destruction of the nature park and its trail will affect the deer and other wildlife that depend on it.,A): the deer are moved to a zoo | B): the trail is expanded | C): the mall has a nature park in it | D): the wildlife environment is destroyed,D,3,3,D,D,True,True,False,83.9285374631956,55.27723366308543,95.0,0.18162985792345643,0.18162985792345643,0.18162985792345643,0.10408487325885808,0.7073550803789997,0.6032702071201417,0.9827264850519155,0.8010966271284591,0.9827264850519155,0.8010966271284591,1.0,1.0,0.0021497057110158885,0.04519477909648544,0.043045073385469555,0.008502250283889463,0.058031246714643166,0.0495289964307537,0.006621558953179152,0.09567734706041232,0.08905578810723318,0.9827264850519155,0.8010966271284591,-0.18162985792345643
full,Full FUR,8-393,"A construction group wants to put a shopping center in town, but the only place available is a small nature park with a trail. Deer and other wildlife frequent the park, since it is the only place in the city where trees and fresh water are available for them. The construction group decides to build the shopping center, which means that",6,7,Step 7: The destruction of the nature park and its trail will result in the destruction of the wildlife environment.,A): the deer are moved to a zoo | B): the trail is expanded | C): the mall has a nature park in it | D): the wildlife environment is destroyed,D,3,3,D,D,True,True,False,87.62935365576423,56.99053593599377,95.0,0.04162771086832828,0.04162771086832828,0.04162771086832829,0.10408487325885808,0.28833746888209383,0.18425259562323576,0.9827264850519155,0.9410987741835872,0.9827264850519155,0.9410987741835872,1.0,1.0,0.0021497057110158885,0.0221325206707224,0.01998281495970651,0.008502250283889463,0.017236824436604067,0.008734574152714603,0.006621558953179152,0.019531880709086333,0.01291032175590718,0.9827264850519155,0.9410987741835872,-0.04162771086832828
full,Full FUR,8-93,Over a period of time the weather can change,0,4,Step 1: The question is about the weather changing over time.,A): The color of my hair | B): The way I walk | C): The size of a statue | D): The sound a computer makes,C,1,3,B,D,False,False,True,92.72767217730197,43.795416473329205,100.0,0.18946140564258662,0.16591221310684015,0.3898171076963811,1.2689877646761971,1.2259302422512186,-0.04305752242497851,0.4242697796125047,0.2348083739699181,0.29159607397034487,0.12568386086350472,1.0,1.0,0.17686195012696274,0.14241846118000837,-0.03444348894695437,0.4242697796125047,0.2348083739699181,-0.18946140564258662,0.29159607397034487,0.12568386086350472,-0.16591221310684015,0.10727219629018768,0.4970893039865688,0.3898171076963811
full,Full FUR,8-93,Over a period of time the weather can change,1,4,"Step 2: The color of my hair, the way I walk, and the size of a statue are all things that do not change over time.",A): The color of my hair | B): The way I walk | C): The size of a statue | D): The sound a computer makes,C,1,1,B,B,False,False,False,78.87446103638977,52.85551378008903,90.0,0.00018141441400626457,0.06459792023914546,0.15341838855199832,1.2689877646761971,1.1404859403350451,-0.12850182434115198,0.4242697796125047,0.42408836519849846,0.29159607397034487,0.22699815373119941,1.0,1.0,0.17686195012696274,0.33028033867896106,0.15341838855199832,0.4242697796125047,0.42408836519849846,-0.00018141441400626457,0.29159607397034487,0.22699815373119941,-0.06459792023914546,0.10727219629018768,0.018633142391341066,-0.08863905389884662
full,Full FUR,8-93,Over a period of time the weather can change,2,4,Step 3: The sound a computer makes is also something that does not change over time.,A): The color of my hair | B): The way I walk | C): The size of a statue | D): The sound a computer makes,C,1,3,B,D,False,False,True,88.33336934633189,51.737514507814566,100.0,0.2850438506743091,0.19590758262357205,0.5997753801145658,1.2689877646761971,0.9093714299589449,-0.3596163347172522,0.4242697796125047,0.13922592893819563,0.29159607397034487,0.09568849134677282,1.0,1.0,0.17686195012696274,0.05803800331027803,-0.1188239468166847,0.4242697796125047,0.13922592893819563,-0.2850438506743091,0.29159607397034487,0.09568849134677282,-0.19590758262357205,0.10727219629018768,0.7070475764047535,0.5997753801145658
full,Full FUR,8-93,Over a period of time the weather can change,3,4,Step 4: The only option that fits the description of changing over time is the weather.,A): The color of my hair | B): The way I walk | C): The size of a statue | D): The sound a computer makes,C,1,2,B,C,False,True,True,82.89201718286574,51.737514507814566,95.0,0.23543974385403865,-0.061184869434999345,0.26524073125838754,1.2689877646761971,1.3275211351397718,0.05853337046357465,0.4242697796125047,0.18883003575846607,0.29159607397034487,0.3527809434053442,1.0,1.0,0.17686195012696274,0.14706096272261385,-0.02980098740434889,0.4242697796125047,0.18883003575846607,-0.23543974385403865,0.29159607397034487,0.3527809434053442,0.061184869434999345,0.10727219629018768,0.31132805811357583,0.20405586182338814
full,Full FUR,1032,Which requires energy to move?,0,4,"- Weasel (A) is an animal, and animals generally require energy to move.",A): weasel | B): willow | C): mango | D): poison ivy,A,2,3,C,D,False,False,True,95.62343602474063,51.54862048040454,95.0,0.0872984878489203,0.0812992658741031,0.16859775372302344,1.2464355239528957,1.153365137960645,-0.09307038599225059,0.45787067154628014,0.37057218369735984,0.11576784629667493,0.03446858042257183,1.0,1.0,0.11576784629667493,0.03446858042257183,-0.0812992658741031,0.14864885142525205,0.1750459094536965,0.026397058028444442,0.45787067154628014,0.37057218369735984,-0.0872984878489203,0.27771263073179286,0.41991332642637186,0.142200695694579
full,Full FUR,1032,Which requires energy to move?,1,4,"- Willow (B) is a plant, and plants do not require energy to move in the same way animals do.",A): weasel | B): willow | C): mango | D): poison ivy,A,2,2,C,C,False,False,False,70.89834090901681,49.22339022817099,100.0,-0.17038069754073515,0.0881644065156308,0.17038069754073518,1.2464355239528957,0.9908071955834045,-0.25562832836949123,0.45787067154628014,0.6282513690870153,0.11576784629667493,0.027603439781044126,1.0,0.9999999999999999,0.11576784629667493,0.027603439781044126,-0.0881644065156308,0.14864885142525205,0.14018183842165888,-0.008467013003593177,0.45787067154628014,0.6282513690870153,0.17038069754073515,0.27771263073179286,0.20396335271028165,-0.07374927802151121
full,Full FUR,1032,Which requires energy to move?,2,4,"- Mango (C) is a type of fruit, and like plants, fruits do not require energy to move.",A): weasel | B): willow | C): mango | D): poison ivy,A,2,0,C,A,False,True,True,74.3178759921345,35.56112751748047,90.0,0.4349683986486685,-0.7436336277701653,0.7436336277701652,1.2464355239528957,0.5423880333795901,-0.7040474905733056,0.45787067154628014,0.02290227289761163,0.11576784629667493,0.8594014740668402,1.0,1.0,0.11576784629667493,0.8594014740668402,0.7436336277701653,0.14864885142525205,0.07993678837943959,-0.06871206304581247,0.45787067154628014,0.02290227289761163,-0.4349683986486685,0.27771263073179286,0.0377594646561086,-0.23995316607568426
full,Full FUR,1032,Which requires energy to move?,3,4,"- Poison ivy (D) is a type of plant, and as mentioned, plants do not require energy to move.",A): weasel | B): willow | C): mango | D): poison ivy,A,2,2,C,C,False,False,False,69.26252217876483,32.994174659764084,100.0,-0.27573716253662006,0.0032654270000048308,0.27573716253662006,1.2464355239528957,0.8506532836956706,-0.3957822402572251,0.45787067154628014,0.7336078340829002,0.11576784629667493,0.1125024192966701,1.0,1.0,0.11576784629667493,0.1125024192966701,-0.0032654270000048308,0.14864885142525205,0.04138732732375955,-0.1072615241014925,0.45787067154628014,0.7336078340829002,0.27573716253662006,0.27771263073179286,0.1125024192966701,-0.16521021143512277
full,Full FUR,1204,Which of these situations is an example of pollutants?,0,6,"Step 1:  Definition of Pollutants:  Pollutants are substances that contaminate the environment, causing harm to living organisms or ecosystems.",A): plastic bags floating in the ocean | B): mallard ducks floating on a lake | C): cottonwood seeds floating in the air | D): cirrus clouds floating in the sky,A,0,0,A,A,True,True,False,86.88285456898058,44.450219705234296,90.0,0.0300495955058111,0.0300495955058111,0.03004959550581109,0.0702017235636973,0.21274351516685033,0.14254179160315303,0.9891408380610001,0.959091242555189,0.9891408380610001,0.959091242555189,1.0,1.0,0.9891408380610001,0.959091242555189,-0.0300495955058111,0.004580631523002134,0.013680701093075048,0.009100069570072915,0.005190535137520287,0.019905304462070374,0.014714769324550087,0.001087995278477528,0.007322751889665604,0.006234756611188076
full,Full FUR,1204,Which of these situations is an example of pollutants?,1,6,"Step 2:  Analyzing the Options:
(A): Plastic bags floating in the ocean are man-made objects that can harm marine life and the environment.",A): plastic bags floating in the ocean | B): mallard ducks floating on a lake | C): cottonwood seeds floating in the air | D): cirrus clouds floating in the sky,A,0,0,A,A,True,True,False,85.13632694618775,48.22191133722471,95.0,0.0186994530985517,0.0186994530985517,0.018699453098551724,0.0702017235636973,0.16196783862970415,0.09176611506600685,0.9891408380610001,0.9704413849624484,0.9891408380610001,0.9704413849624484,1.0,1.0,0.9891408380610001,0.9704413849624484,-0.0186994530985517,0.004580631523002134,0.012216054632482147,0.007635423109480013,0.005190535137520287,0.013842602031579068,0.008652066894058782,0.001087995278477528,0.0034999583734904778,0.00241196309501295
full,Full FUR,1204,Which of these situations is an example of pollutants?,2,6,(B): Mallard ducks floating on a lake are natural animals that are part of the ecosystem.,A): plastic bags floating in the ocean | B): mallard ducks floating on a lake | C): cottonwood seeds floating in the air | D): cirrus clouds floating in the sky,A,0,0,A,A,True,True,False,87.77347605110441,46.57829836927757,100.0,0.0006877793708209845,0.0006877793708209845,0.0012969250346507321,0.0702017235636973,0.07264671327217467,0.0024449897084773686,0.9891408380610001,0.9884530586901791,0.9891408380610001,0.9884530586901791,1.0,1.0,0.9891408380610001,0.9884530586901791,-0.0006877793708209845,0.004580631523002134,0.005877556557652877,0.0012969250346507432,0.005190535137520287,0.005186925476891821,-3.609660628465898e-06,0.001087995278477528,0.0004824592752762574,-0.0006055360032012706
full,Full FUR,1204,Which of these situations is an example of pollutants?,3,6,(C): Cottonwood seeds floating in the air are natural particles that are part of the natural environment.,A): plastic bags floating in the ocean | B): mallard ducks floating on a lake | C): cottonwood seeds floating in the air | D): cirrus clouds floating in the sky,A,0,0,A,A,True,True,False,84.30083249187668,41.09810219195674,95.0,-0.007090686107463107,-0.007090686107463107,0.007090686107463112,0.0702017235636973,0.027173081414546836,-0.04302864214915047,0.9891408380610001,0.9962315241684632,0.9891408380610001,0.9962315241684632,1.0,1.0,0.9891408380610001,0.9962315241684632,0.007090686107463107,0.004580631523002134,0.0027982097435242425,-0.0017824217794778913,0.005190535137520287,0.0009084455922743006,-0.004282089545245987,0.001087995278477528,6.18204957382892e-05,-0.0010261747827392388
full,Full FUR,1204,Which of these situations is an example of pollutants?,4,6,(D): Cirrus clouds floating in the sky are natural formations of water vapor and ice crystals.,A): plastic bags floating in the ocean | B): mallard ducks floating on a lake | C): cottonwood seeds floating in the air | D): cirrus clouds floating in the sky,A,0,0,A,A,True,True,False,96.46956820149143,48.624851619965014,100.0,-0.009174444348497457,-0.009174444348497457,0.00917444434849744,0.0702017235636973,0.013681058738005741,-0.05652066482569156,0.9891408380610001,0.9983152824094975,0.9891408380610001,0.9983152824094975,1.0,1.0,0.9891408380610001,0.9983152824094975,0.009174444348497457,0.004580631523002134,0.0010315567567353464,-0.003549074766266787,0.005190535137520287,0.0006256707759366092,-0.004564864361583678,0.001087995278477528,2.749005783057396e-05,-0.001060505220646954
full,Full FUR,1204,Which of these situations is an example of pollutants?,5,6,"Step 3:  Conclusion:  Only option (A) represents a pollutant, as it is a man-made object that can harm the environment.",A): plastic bags floating in the ocean | B): mallard ducks floating on a lake | C): cottonwood seeds floating in the air | D): cirrus clouds floating in the sky,A,0,0,A,A,True,True,False,95.2678060319506,58.71890855001691,100.0,0.005853732479221829,0.005853732479221829,0.006243422491918281,0.0702017235636973,0.0989245794181983,0.02872285585450099,0.9891408380610001,0.9832871055817782,0.9891408380610001,0.9832871055817782,1.0,0.9999999999999999,0.9891408380610001,0.9832871055817782,-0.005853732479221829,0.004580631523002134,0.008507100016617083,0.003926468493614949,0.005190535137520287,0.0075074891358236015,0.002316953998303314,0.001087995278477528,0.000698305265781061,-0.00038969001269646697
full,Full FUR,7-140,A person can see,0,4,"(A): a radio recording - This is something that can be heard, not seen.",A): a radio recording | B): an emotion | C): a written message | D): an abstract idea,C,1,1,B,B,False,False,False,93.98279232116602,59.04016055236521,90.0,-0.12652965918549974,0.03806054955938959,0.12652965918549974,1.219735839983883,1.0208884956971702,-0.1988473442867127,0.4551818140623244,0.5817114732478241,0.31284159888091084,0.27478104932152125,1.0,1.0,0.1304117907645075,0.11454577041620675,-0.015866020348300758,0.4551818140623244,0.5817114732478241,0.12652965918549974,0.31284159888091084,0.27478104932152125,-0.03806054955938959,0.10156479629225726,0.02896170701444785,-0.07260308927780941
full,Full FUR,7-140,A person can see,1,4,"(B): an emotion - Emotions are feelings, not visual things.",A): a radio recording | B): an emotion | C): a written message | D): an abstract idea,C,1,2,B,C,False,True,True,91.66223507384336,57.07445681483282,95.0,0.21825102042419908,-0.25552586117744075,0.25552586117744075,1.219735839983883,1.10678033206449,-0.1129555079193929,0.4551818140623244,0.2369307936381253,0.31284159888091084,0.5683674600583516,1.0,0.9999999999999999,0.1304117907645075,0.1268199336968387,-0.003591857067668819,0.4551818140623244,0.2369307936381253,-0.21825102042419908,0.31284159888091084,0.5683674600583516,0.25552586117744075,0.10156479629225726,0.0678818126066844,-0.03368298368557286
full,Full FUR,7-140,A person can see,2,4,"(C): a written message - This is something that can be read, not seen.",A): a radio recording | B): an emotion | C): a written message | D): an abstract idea,C,1,1,B,B,False,False,False,81.35677729918379,49.42134946923138,100.0,-0.2797316597741085,0.26586015208588354,0.36398209487822264,1.219735839983883,0.7936031967259921,-0.4261326432578908,0.4551818140623244,0.7349134738364329,0.31284159888091084,0.046981446795027304,1.0,0.9999999999999999,0.1304117907645075,0.032289847972168384,-0.09812194279233913,0.4551818140623244,0.7349134738364329,0.2797316597741085,0.31284159888091084,0.046981446795027304,-0.26586015208588354,0.10156479629225726,0.18581523139637135,0.08425043510411409
full,Full FUR,7-140,A person can see,3,4,"(D): an abstract idea - Abstract ideas are concepts, not visual things.",A): a radio recording | B): an emotion | C): a written message | D): an abstract idea,C,1,2,B,C,False,True,True,89.21013048572325,55.364497569687984,100.0,0.39674996561404674,-0.24154435709067318,0.4921560896790307,1.219735839983883,0.891963670013838,-0.3277721699700449,0.4551818140623244,0.058431848448277646,0.31284159888091084,0.554385955971584,1.0,1.0,0.1304117907645075,0.38102352335286493,0.25061173258835745,0.4551818140623244,0.058431848448277646,-0.39674996561404674,0.31284159888091084,0.554385955971584,0.24154435709067318,0.10156479629225726,0.006158672227273343,-0.09540612406498392
full,Full FUR,7-664,If bacon is left too long on a hot stove top,0,5,Step 1: Bacon is a type of meat that can be cooked on a stove top.,A): it will be cooked perfectly | B): it will be bacteria laden | C): it will become blackened | D): it will be left raw,C,1,1,B,B,False,False,False,92.92383081300706,49.71684220290591,95.0,-0.01213951549376191,0.013878241859998648,0.013979309531158406,0.11289052196584809,0.05896457854161967,-0.05392594342422842,0.9788446891677534,0.9909842046615153,0.01792816793810841,0.004049926078109761,1.0,1.0,0.00047776949302944714,0.00037670182186966424,-0.0001010676711597829,0.9788446891677534,0.9909842046615153,0.01213951549376191,0.01792816793810841,0.004049926078109761,-0.013878241859998648,0.002749373401108827,0.004589167438505298,0.001839794037396471
full,Full FUR,7-664,If bacon is left too long on a hot stove top,1,5,"Step 2: If bacon is left too long on a hot stove top, it will not be cooked perfectly because it will be overcooked.",A): it will be cooked perfectly | B): it will be bacteria laden | C): it will become blackened | D): it will be left raw,C,1,1,B,B,False,False,False,87.33599223178122,51.64315972749205,95.0,-0.004876644469123614,0.010417363686261697,0.010638127595315565,0.11289052196584809,0.09557465632574683,-0.017315865640101263,0.9788446891677534,0.983721333636877,0.01792816793810841,0.007510804251846711,1.0,1.0,0.00047776949302944714,0.00025700558397554683,-0.0002207639090539003,0.9788446891677534,0.983721333636877,0.004876644469123614,0.01792816793810841,0.007510804251846711,-0.010417363686261697,0.002749373401108827,0.008510856527300744,0.005761483126191917
full,Full FUR,7-664,If bacon is left too long on a hot stove top,2,5,"Step 3: Overcooking bacon can lead to the growth of bacteria, making it unsafe to eat.",A): it will be cooked perfectly | B): it will be bacteria laden | C): it will become blackened | D): it will be left raw,C,1,1,B,B,False,False,False,88.05670317332803,49.32246650845613,95.0,0.13568158862086754,-0.09618154564033927,0.13568158862086754,0.11289052196584809,0.5429889809764147,0.4300984590105666,0.9788446891677534,0.8431631005468858,0.01792816793810841,0.11410971357844768,1.0,1.0,0.00047776949302944714,0.005681188030952198,0.00520341853792275,0.9788446891677534,0.8431631005468858,-0.13568158862086754,0.01792816793810841,0.11410971357844768,0.09618154564033927,0.002749373401108827,0.03704599784371436,0.03429662444260553
full,Full FUR,7-664,If bacon is left too long on a hot stove top,3,5,"Step 4: The color of the bacon will not be the primary concern in this scenario, as the main issue is food safety.",A): it will be cooked perfectly | B): it will be bacteria laden | C): it will become blackened | D): it will be left raw,C,1,1,B,B,False,False,False,90.09865916361737,48.92499768709892,95.0,-0.0134601347507467,0.013332884883099484,0.0134979414234604,0.11289052196584809,0.05132051413623892,-0.06157000782960917,0.9788446891677534,0.9923048239185001,0.01792816793810841,0.004595283055008925,1.0,1.0,0.00047776949302944714,0.00031271295266850375,-0.0001650565403609434,0.9788446891677534,0.9923048239185001,0.0134601347507467,0.01792816793810841,0.004595283055008925,-0.013332884883099484,0.002749373401108827,0.0027871800738225004,3.780667271367343e-05
full,Full FUR,7-664,If bacon is left too long on a hot stove top,4,5,"Step 5: Therefore, the correct answer is that the bacon will be bacteria laden if it is left too long on a hot stove top.",A): it will be cooked perfectly | B): it will be bacteria laden | C): it will become blackened | D): it will be left raw,C,1,1,B,B,False,False,False,80.76497788389526,43.685534624566245,95.0,0.3354089066419944,-0.32647823158039185,0.3354089066419944,0.11289052196584809,0.7112098944301096,0.5983193724642615,0.9788446891677534,0.643435782525759,0.01792816793810841,0.3444063995185003,1.0,1.0,0.00047776949302944714,0.0029796990857337046,0.0025019295927042576,0.9788446891677534,0.643435782525759,-0.3354089066419944,0.01792816793810841,0.3444063995185003,0.32647823158039185,0.002749373401108827,0.009178118870007105,0.006428745468898278
full,Full FUR,9-29,What could be a positive aspect of a tree being cut down?,0,8,"(A) If a tree is cut down, the plants that were under the tree will have access to more light.",A): the plants that were under the tree will have access to more light | B): the squirrels that were in that tree will have an easier time getting to their home | C): Plants under the tree will get cooled off by the shade | D): The sun will shine brighter than before,A,0,3,A,D,True,False,True,86.72823380943798,37.17667410321091,80.0,0.803262297205672,0.803262297205672,0.803262297205672,0.48963887662616384,0.8578800639568596,0.3682411873306957,0.8657912296736372,0.06252893246796526,0.8657912296736372,0.06252893246796526,0.9999999999999999,1.0,0.8657912296736372,0.06252893246796526,-0.803262297205672,0.07106847057274261,0.2473067714961401,0.17623830092339748,0.0004225886214798559,0.017914839622820606,0.01749225100134075,0.06271771113214035,0.672249456413074,0.6095317452809337
full,Full FUR,9-29,What could be a positive aspect of a tree being cut down?,1,8,This is a positive aspect because the plants will be able to grow more and receive more sunlight.,A): the plants that were under the tree will have access to more light | B): the squirrels that were in that tree will have an easier time getting to their home | C): Plants under the tree will get cooled off by the shade | D): The sun will shine brighter than before,A,0,3,A,D,True,False,True,88.95425610396357,35.1824476688202,95.0,0.5154863222013095,0.5154863222013095,0.5154863222013095,0.48963887662616384,1.1300735392952643,0.6404346626691004,0.8657912296736372,0.3503049074723277,0.8657912296736372,0.3503049074723277,0.9999999999999999,1.0,0.8657912296736372,0.3503049074723277,-0.5154863222013095,0.07106847057274261,0.24076083706104667,0.16969236648830405,0.0004225886214798559,0.011986775524692572,0.011564186903212717,0.06271771113214035,0.3969474799419331,0.3342297688097927
full,Full FUR,9-29,What could be a positive aspect of a tree being cut down?,2,8,"(B) If a tree is cut down, the squirrels that were in that tree will have a harder time getting to their home.",A): the plants that were under the tree will have access to more light | B): the squirrels that were in that tree will have an easier time getting to their home | C): Plants under the tree will get cooled off by the shade | D): The sun will shine brighter than before,A,0,0,A,A,True,True,False,70.89834090901681,17.420296004989932,95.0,-0.013714027905719073,-0.013714027905719073,0.02445228785414776,0.48963887662616384,0.4438921697888044,-0.04574670683735943,0.8657912296736372,0.8795052575793563,0.8657912296736372,0.8795052575793563,0.9999999999999999,1.0,0.8657912296736372,0.8795052575793563,0.013714027905719073,0.07106847057274261,0.08180673052117127,0.010738259948428655,0.0004225886214798559,4.524602835870418e-05,-0.0003773425931211517,0.06271771113214035,0.03864276587111371,-0.024074945261026638
full,Full FUR,9-29,What could be a positive aspect of a tree being cut down?,3,8,This is a negative aspect because the squirrels will lose their home.,A): the plants that were under the tree will have access to more light | B): the squirrels that were in that tree will have an easier time getting to their home | C): Plants under the tree will get cooled off by the shade | D): The sun will shine brighter than before,A,0,0,A,A,True,True,False,94.86325204327493,26.552090844345543,90.0,-0.00909555840926557,-0.00909555840926557,0.01940423989773455,0.48963887662616384,0.45911876255186157,-0.030520114074302274,0.8657912296736372,0.8748867880829028,0.8657912296736372,0.8748867880829028,0.9999999999999999,1.0,0.8657912296736372,0.8748867880829028,0.00909555840926557,0.07106847057274261,0.08137715206121159,0.010308681488468974,0.0004225886214798559,0.00017801179661264466,-0.00024457682486721125,0.06271771113214035,0.043558048059273005,-0.019159663072867344
full,Full FUR,9-29,What could be a positive aspect of a tree being cut down?,4,8,"(C) If a tree is cut down, the plants under the tree will get cooled off by the shade.",A): the plants that were under the tree will have access to more light | B): the squirrels that were in that tree will have an easier time getting to their home | C): Plants under the tree will get cooled off by the shade | D): The sun will shine brighter than before,A,0,0,A,A,True,True,False,75.3017427123707,22.423547343817376,95.0,-0.011747841266746772,-0.011747841266746772,0.014118267263205555,0.48963887662616384,0.46783430644025426,-0.02180457018590959,0.8657912296736372,0.877539070940384,0.8657912296736372,0.877539070940384,0.9999999999999999,1.0,0.8657912296736372,0.877539070940384,0.011747841266746772,0.07106847057274261,0.06356872106992126,-0.007499749502821354,0.0004225886214798559,0.0027930146179386203,0.0023704259964587642,0.06271771113214035,0.05609919337175613,-0.006618517760384218
full,Full FUR,9-29,What could be a positive aspect of a tree being cut down?,5,8,This is a negative aspect because the plants will lose the warmth and light they were receiving from the tree.,A): the plants that were under the tree will have access to more light | B): the squirrels that were in that tree will have an easier time getting to their home | C): Plants under the tree will get cooled off by the shade | D): The sun will shine brighter than before,A,0,0,A,A,True,True,False,86.88285456898058,27.972702004456018,90.0,0.05122084337166932,0.05122084337166932,0.05122084337166929,0.48963887662616384,0.618444099127547,0.1288052225013832,0.8657912296736372,0.8145703863019679,0.8657912296736372,0.8145703863019679,0.9999999999999999,1.0,0.8657912296736372,0.8145703863019679,-0.05122084337166932,0.07106847057274261,0.09728656190649052,0.026218091333747903,0.0004225886214798559,0.0022879606645545146,0.0018653720430746588,0.06271771113214035,0.08585509112698704,0.02313737999484669
full,Full FUR,9-29,What could be a positive aspect of a tree being cut down?,6,8,"(D) If a tree is cut down, the sun will shine brighter than before.",A): the plants that were under the tree will have access to more light | B): the squirrels that were in that tree will have an easier time getting to their home | C): Plants under the tree will get cooled off by the shade | D): The sun will shine brighter than before,A,0,0,A,A,True,True,False,61.14418724876358,17.09708818195996,95.0,-0.11240196329361851,-0.11240196329361851,0.11259243442250524,0.48963887662616384,0.11148266737380039,-0.3781562092523635,0.8657912296736372,0.9781931929672557,0.8657912296736372,0.9781931929672557,0.9999999999999999,1.0,0.8657912296736372,0.9781931929672557,0.11240196329361851,0.07106847057274261,0.020301750533643324,-0.05076672003909929,0.0004225886214798559,0.0006130597503665795,0.0001904711288867236,0.06271771113214035,0.0008919967487344017,-0.06182571438340595
full,Full FUR,9-29,What could be a positive aspect of a tree being cut down?,7,8,"This is a negative aspect because the tree was providing shade, and now the sun will",A): the plants that were under the tree will have access to more light | B): the squirrels that were in that tree will have an easier time getting to their home | C): Plants under the tree will get cooled off by the shade | D): The sun will shine brighter than before,A,0,0,A,A,True,True,False,95.3229377616041,36.18735067454188,95.0,0.1872578273108565,0.1872578273108565,0.18734922698866668,0.48963887662616384,0.8008783831786479,0.31123950655248406,0.8657912296736372,0.6785334023627807,0.8657912296736372,0.6785334023627807,0.9999999999999999,1.0,0.8657912296736372,0.6785334023627807,-0.1872578273108565,0.07106847057274261,0.0715168903780635,0.0004484198053208849,0.0004225886214798559,0.00033118894366963647,-9.139967781021945e-05,0.06271771113214035,0.24961851831548612,0.18690080718334579
full,Full FUR,758,A positive effect of burning biofuel is,0,5,Step 1: We are asked about a positive effect of burning biofuel.,A): shortage of crops for the food supply | B): an increase in air pollution | C): powering the lights in a home | D): deforestation in the amazon to make room for crops,C,2,2,C,C,True,True,False,80.53824152993387,43.1328946281328,100.0,0.03702863888356822,0.03702863888356822,0.037028638883568214,0.07769536636279198,0.24699004251167955,0.16929467614888757,0.9879270566292704,0.9508984177457022,0.9879270566292704,0.9508984177457022,1.0,1.0,0.004037432523916158,0.022362988650454104,0.018325556126537947,0.00587442911830337,0.017416313452798066,0.011541884334494695,0.9879270566292704,0.9508984177457022,-0.03702863888356822,0.00216108172851013,0.009322280151045696,0.007161198422535566
full,Full FUR,758,A positive effect of burning biofuel is,1,5,"Step 2: We know that biofuel is a renewable energy source, so we can expect some positive effects.",A): shortage of crops for the food supply | B): an increase in air pollution | C): powering the lights in a home | D): deforestation in the amazon to make room for crops,C,2,2,C,C,True,True,False,93.03353664775798,57.739955677681124,100.0,-0.003312037748942509,-0.003312037748942509,0.0033120377489425186,0.07769536636279198,0.05877569184670876,-0.018919674516083222,0.9879270566292704,0.9912390943782129,0.9879270566292704,0.9912390943782129,1.0,1.0,0.004037432523916158,0.0033583700364490715,-0.0006790624874670869,0.00587442911830337,0.004312232445258559,-0.001562196673044811,0.9879270566292704,0.9912390943782129,0.003312037748942509,0.00216108172851013,0.0010903031400794998,-0.00107077858843063
full,Full FUR,758,A positive effect of burning biofuel is,2,5,"Step 3: Burning biofuel can power vehicles, generate electricity, and provide heat, among other uses.",A): shortage of crops for the food supply | B): an increase in air pollution | C): powering the lights in a home | D): deforestation in the amazon to make room for crops,C,2,2,C,C,True,True,False,91.26209738045796,59.988994211219136,95.0,-0.005622921771782252,-0.005622921771782252,0.005622921771782252,0.07769536636279198,0.045561635945216734,-0.032133730417575244,0.9879270566292704,0.9935499784010526,0.9879270566292704,0.9935499784010526,1.0,1.0,0.004037432523916158,0.001590080054904482,-0.0024473524690116766,0.00587442911830337,0.003366199705803797,-0.002508229412499573,0.9879270566292704,0.9935499784010526,0.005622921771782252,0.00216108172851013,0.0014937418382391283,-0.0006673398902710015
full,Full FUR,758,A positive effect of burning biofuel is,3,5,"Step 4: Among the options, powering the lights in a home is a common use of biofuel, making it a positive effect.",A): shortage of crops for the food supply | B): an increase in air pollution | C): powering the lights in a home | D): deforestation in the amazon to make room for crops,C,2,2,C,C,True,True,False,89.21013048572325,57.40850604211237,100.0,0.14816895381129858,0.14816895381129858,0.14816895381129855,0.07769536636279198,0.6004222745163299,0.522726908153538,0.9879270566292704,0.8397581028179718,0.9879270566292704,0.8397581028179718,1.0,1.0,0.004037432523916158,0.06893155017270641,0.06489411764879026,0.00587442911830337,0.06893155017270641,0.06305712105440305,0.9879270566292704,0.8397581028179718,-0.14816895381129858,0.00216108172851013,0.022378796836615335,0.020217715108105206
full,Full FUR,758,A positive effect of burning biofuel is,4,5,The best answer is C.,A): shortage of crops for the food supply | B): an increase in air pollution | C): powering the lights in a home | D): deforestation in the amazon to make room for crops,C,2,2,C,C,True,True,False,94.1793019990428,38.7517173301749,90.0,0.030332036468599388,0.030332036468599388,0.03033203646859936,0.07769536636279198,0.2207524602184513,0.14305709385565932,0.9879270566292704,0.957595020160671,0.9879270566292704,0.957595020160671,1.0,1.0,0.004037432523916158,0.01547808247690715,0.011440649952990992,0.00587442911830337,0.009387932075002938,0.0035135029566995676,0.9879270566292704,0.957595020160671,-0.030332036468599388,0.00216108172851013,0.0175389652874189,0.015377883558908772
full,Full FUR,9-655,"if the earth was a living room, what can be done to melt the glaciers?",0,4,Step 1: What is the purpose of a room heater?,A): someone would turn up the room heater | B): someone would turn up the air conditioner | C): someone would turn up the music | D): someone would turn on the light,A,0,1,A,B,True,False,True,96.06151872426645,63.35547848492248,95.0,0.5980354609553316,0.5980354609553316,0.5980354609553316,0.1960140229387474,0.8406429067968627,0.6446288838581153,0.9591009752883574,0.36106551433302586,0.9591009752883574,0.36106551433302586,0.9999999999999999,1.0,0.9591009752883574,0.36106551433302586,-0.5980354609553316,0.03281862876363156,0.5952963951011381,0.5624777663375065,0.0023773735180173663,0.014000028658658853,0.011622655140641487,0.005703022429993697,0.029638061907177198,0.0239350394771835
full,Full FUR,9-655,"if the earth was a living room, what can be done to melt the glaciers?",1,4,Step 2: What is the purpose of an air conditioner?,A): someone would turn up the room heater | B): someone would turn up the air conditioner | C): someone would turn up the music | D): someone would turn on the light,A,0,0,A,A,True,True,False,95.95234000151656,74.21735900079399,100.0,-0.03900782539361203,-0.03900782539361203,0.03900782539361199,0.1960140229387474,0.01564735905987026,-0.18036666387887712,0.9591009752883574,0.9981088006819694,0.9591009752883574,0.9981088006819694,0.9999999999999999,1.0,0.9591009752883574,0.9981088006819694,0.03900782539361203,0.03281862876363156,0.0010313434722535341,-0.03178728529137803,0.0023773735180173663,0.0004299279228885656,-0.0019474455951288007,0.005703022429993697,0.0004299279228885656,-0.005273094507105131
full,Full FUR,9-655,"if the earth was a living room, what can be done to melt the glaciers?",2,4,Step 3: What is the purpose of music and lights in a room?,A): someone would turn up the room heater | B): someone would turn up the air conditioner | C): someone would turn up the music | D): someone would turn on the light,A,0,1,A,B,True,False,True,96.09216822871508,82.27986726232915,100.0,0.5533464309187837,0.5533464309187837,0.557550742846288,0.1960140229387474,0.7012149856420234,0.5052009627032761,0.9591009752883574,0.40575454436957376,0.9591009752883574,0.40575454436957376,0.9999999999999999,0.9999999999999999,0.9591009752883574,0.40575454436957376,-0.5533464309187837,0.03281862876363156,0.5903693716099195,0.557550742846288,0.0023773735180173663,0.0014633793993758407,-0.0009139941186415256,0.005703022429993697,0.0024127046211308875,-0.0032903178088628097
full,Full FUR,9-655,"if the earth was a living room, what can be done to melt the glaciers?",3,4,Step 4: How do these things relate to melting glaciers?,A): someone would turn up the room heater | B): someone would turn up the air conditioner | C): someone would turn up the music | D): someone would turn on the light,A,0,0,A,A,True,True,False,94.63772172549265,68.65627975066214,100.0,0.017925795841935432,0.017925795841935432,0.020278843770745545,0.1960140229387474,0.24637240980134145,0.05035838686259406,0.9591009752883574,0.9411751794464219,0.9591009752883574,0.9411751794464219,0.9999999999999999,1.0,0.9591009752883574,0.9411751794464219,-0.017925795841935432,0.03281862876363156,0.053097472534377105,0.02027884377074554,0.0023773735180173663,0.0023329402732903746,-4.443324472699168e-05,0.005703022429993697,0.003394407745910573,-0.0023086146840831244
full,Full FUR,7-942,Cold-blooded animals are often,1,8,The question is about the characteristics of cold-blooded animals.,A): fast | B): large | C): hairless | D): slow,C,3,3,D,D,False,False,False,90.98472657691836,31.938986448695683,100.0,0.1010497371124095,-0.10057664043777736,0.10104973711240951,0.0854929814397064,0.39240727390208524,0.30691429246237883,0.9865119273492707,0.8854621902368612,0.005176739670769504,0.10575338010854687,1.0,1.0,0.0024453186905883497,0.0028182322500838355,0.00037291355949548586,0.005866014289371403,0.005966197404508078,0.00010018311513667558,0.005176739670769504,0.10575338010854687,0.10057664043777736,0.9865119273492707,0.8854621902368612,-0.1010497371124095
full,Full FUR,7-942,Cold-blooded animals are often,3,8,"Cold-blooded animals are also known as ectothermic animals, which means their body temperature is regulated by the environment.",A): fast | B): large | C): hairless | D): slow,C,3,3,D,D,False,False,False,88.82405237023967,49.42134946923138,95.0,0.003620825362436797,-0.003326935025036299,0.003642355454148608,0.0854929814397064,0.10382172408353064,0.01832874264382424,0.9865119273492707,0.9828911019868339,0.005176739670769504,0.008503674695805803,1.0,1.0,0.0024453186905883497,0.0027607391197006417,0.000315420429112292,0.005866014289371403,0.005844484197659575,-2.1530091711827876e-05,0.005176739670769504,0.008503674695805803,0.003326935025036299,0.9865119273492707,0.9828911019868339,-0.003620825362436797
full,Full FUR,7-942,Cold-blooded animals are often,5,8,"One common characteristic of cold-blooded animals is that they are often slow-moving, as they don't have the ability to generate heat internally.",A): fast | B): large | C): hairless | D): slow,C,3,3,D,D,False,False,False,93.16828024629558,60.30036232853718,95.0,-0.012072799420726588,0.00494650612752456,0.01207279942072657,0.0854929814397064,0.012103904158341117,-0.07338907728136529,0.9865119273492707,0.9985847267699973,0.005176739670769504,0.00023023354324494378,1.0,1.0,0.0024453186905883497,0.0004301329195178883,-0.0020151857710704615,0.005866014289371403,0.0007549067672398726,-0.00511110752213153,0.005176739670769504,0.00023023354324494378,-0.00494650612752456,0.9865119273492707,0.9985847267699973,0.012072799420726588
full,Full FUR,7-942,Cold-blooded animals are often,7,8,"Looking at the options, we can see that ""slow"" is the characteristic that matches the description of cold-blooded animals.",A): fast | B): large | C): hairless | D): slow,C,3,3,D,D,False,False,False,89.37741190744127,50.97749095061447,95.0,0.04765224980094729,-0.026949268985663133,0.047652249800947274,0.0854929814397064,0.29200372370625216,0.20651074226654575,0.9865119273492707,0.9388596775483234,0.005176739670769504,0.032126008656432635,1.0,1.0,0.0024453186905883497,0.011818499007169648,0.009373180316581298,0.005866014289371403,0.017195814788074235,0.011329800498702832,0.005176739670769504,0.032126008656432635,0.026949268985663133,0.9865119273492707,0.9388596775483234,-0.04765224980094729
full,Full FUR,8-395,Overpopulation can cause,0,3,Overpopulation means having too many people living in a given area.,A): More fresh water for people to drink | B): Lower Life Expectancy in Countries | C): More food for more people | D): More space for places to people to live,B,2,2,C,C,False,False,False,93.68169209356077,74.71604041952536,90.0,-0.07634770346365882,0.1791866308691074,0.17918663086910744,0.873601733798722,1.0058563661539184,0.1322546323551964,0.5624719910553841,0.638819694519043,0.3865810072662403,0.20739437639713287,1.0,1.0,0.01498937061977918,0.06733109056949615,0.052341719949716974,0.3865810072662403,0.20739437639713287,-0.1791866308691074,0.5624719910553841,0.638819694519043,0.07634770346365882,0.03595763105859636,0.086454838514328,0.05049720745573164
full,Full FUR,8-395,Overpopulation can cause,1,3,"This can lead to many problems, including strain on resources such as food, water, and housing.",A): More fresh water for people to drink | B): Lower Life Expectancy in Countries | C): More food for more people | D): More space for places to people to live,B,2,2,C,C,False,False,False,90.02100198496345,75.49394607544741,90.0,-0.0930761241845971,0.31748674964047396,0.31748674964047396,0.873601733798722,1.0069177416915245,0.1333160078928025,0.5624719910553841,0.6555481152399812,0.3865810072662403,0.06909425762576632,1.0,0.9999999999999999,0.01498937061977918,0.12908506778136097,0.1140956971615818,0.3865810072662403,0.06909425762576632,-0.31748674964047396,0.5624719910553841,0.6555481152399812,0.0930761241845971,0.03595763105859636,0.14627255935289143,0.11031492829429507
full,Full FUR,8-395,Overpopulation can cause,2,3,Let's analyze the options given:,A): More fresh water for people to drink | B): Lower Life Expectancy in Countries | C): More food for more people | D): More space for places to people to live,B,2,2,C,C,False,False,False,99.8039145634595,62.04428118169104,95.0,-0.10562175984008249,0.10807809178695404,0.1283236625771474,0.873601733798722,0.8142994481149473,-0.059302285683774714,0.5624719910553841,0.6680937508954666,0.3865810072662403,0.27850291547928624,1.0,0.9999999999999999,0.01498937061977918,0.037691273356844086,0.022701902737064905,0.3865810072662403,0.27850291547928624,-0.10807809178695404,0.5624719910553841,0.6680937508954666,0.10562175984008249,0.03595763105859636,0.015712060268402998,-0.020245570790193363
full,Full FUR,9-540,"If a person puts out four apples around their home on the same day, the molecules in which apple would be moving the most rapidly?",0,5,"Step 1: The molecules in an apple are in constant motion due to thermal energy, which is a result of the apple's temperature.",A): the apple sitting on a sunny sidewalk | B): the apple in the freezer | C): the apple sitting on the shaded stoop | D): the apple in a closet,A,0,0,A,A,True,True,False,86.98493300457413,51.9256721072024,90.0,0.12844505148029417,0.12844505148029417,0.12844505148029417,0.8600495797245752,1.0915581039190072,0.23150852419443202,0.6753508793059408,0.5469058278256467,0.6753508793059408,0.5469058278256467,0.9999999999999999,1.0,0.6753508793059408,0.5469058278256467,-0.12844505148029417,0.03810069195551083,0.06531858590212283,0.027217893946612004,0.24844773678303744,0.2927376097307565,0.04428987294771908,0.03810069195551083,0.09503797654147393,0.0569372845859631
full,Full FUR,9-540,"If a person puts out four apples around their home on the same day, the molecules in which apple would be moving the most rapidly?",1,5,"Step 2: The temperature of an apple is influenced by its surroundings, such as sunlight, cold, or warmth.",A): the apple sitting on a sunny sidewalk | B): the apple in the freezer | C): the apple sitting on the shaded stoop | D): the apple in a closet,A,0,0,A,A,True,True,False,90.55207457189076,53.03931271338159,90.0,-0.062397122806969185,-0.062397122806969185,0.06239712280696918,0.8600495797245752,0.7393047885409971,-0.12074479118357806,0.6753508793059408,0.73774800211291,0.6753508793059408,0.73774800211291,0.9999999999999999,0.9999999999999999,0.6753508793059408,0.73774800211291,0.062397122806969185,0.03810069195551083,0.022278060389673175,-0.015822631565837655,0.24844773678303744,0.21136834508808292,-0.03707939169495453,0.03810069195551083,0.02860559240933384,-0.009495099546176989
full,Full FUR,9-540,"If a person puts out four apples around their home on the same day, the molecules in which apple would be moving the most rapidly?",2,5,Step 3: The apple sitting on a sunny sidewalk would receive more sunlight and therefore would be warmer than the other apples.,A): the apple sitting on a sunny sidewalk | B): the apple in the freezer | C): the apple sitting on the shaded stoop | D): the apple in a closet,A,0,2,A,C,True,False,True,91.33009627811923,53.03931271338159,95.0,0.5145975748987434,0.5145975748987434,0.5145975748987434,0.8600495797245752,1.3524192886999526,0.49236970897537746,0.6753508793059408,0.1607533044071975,0.6753508793059408,0.1607533044071975,0.9999999999999999,1.0,0.6753508793059408,0.1607533044071975,-0.5145975748987434,0.03810069195551083,0.23389464520780118,0.19579395325229035,0.24844773678303744,0.34031470658270757,0.09186696979967013,0.03810069195551083,0.26503734380229377,0.22693665184678294
full,Full FUR,9-540,"If a person puts out four apples around their home on the same day, the molecules in which apple would be moving the most rapidly?",3,5,"Step 4: Warmer objects have more thermal energy, which means their molecules move more rapidly.",A): the apple sitting on a sunny sidewalk | B): the apple in the freezer | C): the apple sitting on the shaded stoop | D): the apple in a closet,A,0,0,A,A,True,True,False,92.92383081300706,48.82514434191666,95.0,-0.028952426550483912,-0.028952426550483912,0.030585813992671726,0.8600495797245752,0.8107707964376758,-0.049278783286899386,0.6753508793059408,0.7043033058564248,0.6753508793059408,0.7043033058564248,0.9999999999999999,1.0,0.6753508793059408,0.7043033058564248,0.028952426550483912,0.03810069195551083,0.027308802339577613,-0.010791889615933217,0.24844773678303744,0.22865381240629895,-0.019793924376738492,0.03810069195551083,0.03973407939769866,0.001633387442187828
full,Full FUR,9-540,"If a person puts out four apples around their home on the same day, the molecules in which apple would be moving the most rapidly?",4,5,"Step 5: Therefore, the apple sitting on a sunny sidewalk would have molecules moving the most rapidly.",A): the apple sitting on a sunny sidewalk | B): the apple in the freezer | C): the apple sitting on the shaded stoop | D): the apple in a closet,A,0,0,A,A,True,True,False,83.80248742026966,44.23280401239106,100.0,-0.03657686706705099,-0.03657686706705099,0.03657686706705097,0.8600495797245752,0.7813777226441647,-0.07867185708041047,0.6753508793059408,0.7119277463729918,0.6753508793059408,0.7119277463729918,0.9999999999999999,0.9999999999999999,0.6753508793059408,0.7119277463729918,0.03657686706705099,0.03810069195551083,0.021498357116302876,-0.016602334839207953,0.24844773678303744,0.23112910167974804,-0.017318635103289404,0.03810069195551083,0.035444794830957235,-0.002655897124553594
full,Full FUR,378,What explains the characteristic lunar formations?,1,8,"The question asks about the characteristic lunar formations, which implies we're looking for a natural process or event that has shaped the Moon's surface.",A): remains of ancient ponds | B): many collisions that have occured | C): volcanic explosions over millions of years | D): sink holes due to the moons porous nature,B,1,2,B,C,True,False,True,86.0368713718601,43.795416473329205,90.0,0.39322894002064634,0.39322894002064634,0.3932289400206464,0.6578682531490632,0.8248056023851206,0.1669373492360574,0.755882135878648,0.3626531958580017,0.755882135878648,0.3626531958580017,0.9999999999999999,1.0,0.00741040838396205,0.009664379060268402,0.002253970676306352,0.755882135878648,0.3626531958580017,-0.39322894002064634,0.21656387812412847,0.5979140400886536,0.3813501619645251,0.020143577613261396,0.029768384993076324,0.009624807379814929
full,Full FUR,378,What explains the characteristic lunar formations?,3,8,"Option (A) ""remains of ancient ponds"" is unlikely, as there's no scientific evidence to support the existence of ponds on the Moon, let alone their remains.",A): remains of ancient ponds | B): many collisions that have occured | C): volcanic explosions over millions of years | D): sink holes due to the moons porous nature,B,1,1,B,B,True,True,False,83.80248742026966,46.15930677045396,95.0,0.21723685735572063,0.21723685735572063,0.21723685735572065,0.6578682531490632,0.9746831712553254,0.3168149181062623,0.755882135878648,0.5386452785229274,0.755882135878648,0.5386452785229274,0.9999999999999999,1.0,0.00741040838396205,0.02681757005861638,0.01940716167465433,0.755882135878648,0.5386452785229274,-0.21723685735572063,0.21656387812412847,0.370205141738535,0.15364126361440655,0.020143577613261396,0.06433200967992117,0.044188432066659775
full,Full FUR,378,What explains the characteristic lunar formations?,5,8,"Option (D) ""sink holes due to the moon's porous nature"" is also unlikely, as the Moon is not known to have a porous surface, and sink holes are not a characteristic feature of lunar geology.",A): remains of ancient ponds | B): many collisions that have occured | C): volcanic explosions over millions of years | D): sink holes due to the moons porous nature,B,1,1,B,B,True,True,False,87.03567394211096,49.0246561965476,95.0,-0.20532207469048902,-0.20532207469048902,0.2073349822177323,0.6578682531490632,0.2040370490266794,-0.45383120412238376,0.755882135878648,0.9612042105691371,0.755882135878648,0.9612042105691371,0.9999999999999999,1.0,0.00741040838396205,0.009423315911205392,0.0020129075272433423,0.755882135878648,0.9612042105691371,0.20532207469048902,0.21656387812412847,0.019949157608452193,-0.19661472051567627,0.020143577613261396,0.009423315911205392,-0.010720261702056004
full,Full FUR,378,What explains the characteristic lunar formations?,7,8,"Option (C) ""volcanic explosions over millions of years"" is a plausible explanation, as the Moon is thought to have had a volcanic past, with numerous volcanic eruptions occurring over its history.",A): remains of ancient ponds | B): many collisions that have occured | C): volcanic explosions over millions of years | D): sink holes due to the moons porous nature,B,1,1,B,B,True,True,False,86.1995467477727,49.0246561965476,90.0,-0.2413293940058241,-0.2413293940058241,0.24132939400582407,0.6578682531490632,0.021966552574586663,-0.6359017005744765,0.755882135878648,0.9972115298844721,0.755882135878648,0.9972115298844721,0.9999999999999999,1.0,0.00741040838396205,0.00048673424272721664,-0.006923674141234833,0.755882135878648,0.9972115298844721,0.2413293940058241,0.21656387812412847,0.000802489019071429,-0.21576138910505704,0.020143577613261396,0.0014992468537292428,-0.018644330759532153
full,Full FUR,7-391,Animals are drawn to,0,5,- Animals are often attracted to food sources.,A): gold | B): houses | C): feeders | D): Carbon Dioxide,C,2,2,C,C,True,True,False,99.24832769453317,50.68940651349456,85.0,0.23087366002847876,0.23087366002847876,0.254313019447143,0.8201723988151882,1.016884260410183,0.19671186159499487,0.7471176302382615,0.5162439702097827,0.7471176302382615,0.5162439702097827,1.0,1.0,0.03719679597172742,0.013757436553063156,-0.023439359418664263,0.1145742001245819,0.11518961239981587,0.0006154122752339702,0.7471176302382615,0.5162439702097827,-0.23087366002847876,0.1011113736654292,0.3548089808373382,0.253697607171909
full,Full FUR,7-391,Animals are drawn to,1,5,- Feeders are typically used to lure animals towards a specific area for feeding.,A): gold | B): houses | C): feeders | D): Carbon Dioxide,C,2,3,C,D,True,False,True,98.05031038914021,62.7784112388045,95.0,0.5120576904829877,0.5120576904829877,0.5120576904829877,0.8201723988151882,1.2218710155142491,0.40169861669906093,0.7471176302382615,0.23505993975527384,0.7471176302382615,0.23505993975527384,1.0,1.0,0.03719679597172742,0.059432460125133924,0.022235664153406505,0.1145742001245819,0.2663578182355328,0.15178361811095087,0.7471176302382615,0.23505993975527384,-0.5120576904829877,0.1011113736654292,0.43914978188405945,0.33803840821863024
full,Full FUR,7-391,Animals are drawn to,2,5,"- While animals might be drawn to shiny objects like gold, this is not a common reason for their attraction in the context of everyday life.",A): gold | B): houses | C): feeders | D): Carbon Dioxide,C,2,3,C,D,True,False,True,91.85537919033003,64.75930805862214,90.0,0.6159523522318855,0.6159523522318855,0.6159523522318855,0.8201723988151882,1.1117733885784515,0.2916009897632633,0.7471176302382615,0.13116527800637606,0.7471176302382615,0.13116527800637606,1.0,1.0,0.03719679597172742,0.09014848418201914,0.05295168821029172,0.1145742001245819,0.19084432294567696,0.07627012282109506,0.7471176302382615,0.13116527800637606,-0.6159523522318855,0.1011113736654292,0.5878419148659279,0.48673054120049863
full,Full FUR,7-391,Animals are drawn to,3,5,"- Animals are not typically drawn to houses in the wild, unless they are seeking shelter or food within the house.",A): gold | B): houses | C): feeders | D): Carbon Dioxide,C,2,2,C,C,True,True,False,91.66223507384336,65.03355329906168,95.0,-0.0807008898572551,-0.0807008898572551,0.0807008898572551,0.8201723988151882,0.6270200607422928,-0.19315233807289545,0.7471176302382615,0.8278185200955166,0.7471176302382615,0.8278185200955166,1.0,1.0,0.03719679597172742,0.03209800814961591,-0.005098787822111511,0.1145742001245819,0.09886881828021292,-0.015705381844368982,0.7471176302382615,0.8278185200955166,0.0807008898572551,0.1011113736654292,0.0412146534746546,-0.059896720190774605
full,Full FUR,7-391,Animals are drawn to,4,5,- Carbon dioxide is not a common attractant for animals in the wild.,A): gold | B): houses | C): feeders | D): Carbon Dioxide,C,2,2,C,C,True,True,False,90.84275667822239,51.831685181307094,95.0,0.023368985692159394,0.023368985692159394,0.09641758097979174,0.8201723988151882,0.7911014075031318,-0.02907099131205637,0.7471176302382615,0.7237486445461021,0.7471176302382615,0.7237486445461021,1.0,0.9999999999999999,0.03719679597172742,0.040831105061744484,0.0036343090900170655,0.1145742001245819,0.20735747201435656,0.09278327188977466,0.7471176302382615,0.7237486445461021,-0.023368985692159394,0.1011113736654292,0.02806277837779685,-0.07304859528763236
full,Full FUR,266,What is used for sensing visual things?,0,5,"- The question is about sensing visual things, which means we're looking for something related to sight or vision.",A): nerves | B): tibia | C): nostril | D): cornea,D,3,3,D,D,True,True,False,91.82350204577817,51.64315972749205,90.0,0.36480121071182336,0.36480121071182336,0.36480121071182336,0.24109529614214412,0.9561974808698184,0.7151021847276743,0.9513751811271057,0.5865739704152824,0.9513751811271057,0.5865739704152824,1.0,1.0,0.028729040015140324,0.07938414974738964,0.050655109732249314,0.010568824537645143,0.020071456620071124,0.009502632082425981,0.009326954320108773,0.3139704232172568,0.30464346889714805,0.9513751811271057,0.5865739704152824,-0.36480121071182336
full,Full FUR,266,What is used for sensing visual things?,1,5,- The cornea is the transparent layer at the front of the eye that helps focus light.,A): nerves | B): tibia | C): nostril | D): cornea,D,3,3,D,D,True,True,False,94.78236003336916,58.31379803214916,95.0,0.3099213231186624,0.3099213231186624,0.3340185663220874,0.24109529614214412,0.7260024207420415,0.4849071245998974,0.9513751811271057,0.6414538580084433,0.9513751811271057,0.6414538580084433,1.0,1.0,0.028729040015140324,0.008074711955596708,-0.020654328059543616,0.010568824537645143,0.00712590939376376,-0.003442915143881383,0.009326954320108773,0.34334552064219614,0.3340185663220874,0.9513751811271057,0.6414538580084433,-0.3099213231186624
full,Full FUR,266,What is used for sensing visual things?,2,5,"- The nostril is related to the sense of smell, not sight.",A): nerves | B): tibia | C): nostril | D): cornea,D,3,3,D,D,True,True,False,93.08775009567289,48.12068343461107,100.0,-0.04213745881966846,-0.04213745881966846,0.04213745881966843,0.24109529614214412,0.046058104140212025,-0.1950371920019321,0.9513751811271057,0.9935126399467742,0.9513751811271057,0.9935126399467742,1.0,1.0,0.028729040015140324,0.0026215003122299707,-0.026107539702910354,0.010568824537645143,0.0024626716275162846,-0.008106152910128858,0.009326954320108773,0.0014031881134795752,-0.007923766206629199,0.9513751811271057,0.9935126399467742,0.04213745881966846
full,Full FUR,266,What is used for sensing visual things?,3,5,"- Tibia is a bone in the leg, not related to the senses.",A): nerves | B): tibia | C): nostril | D): cornea,D,3,2,D,C,True,False,True,96.09216822871508,46.89040089646548,100.0,0.9255890799934536,0.9255890799934536,0.9582893396531207,0.24109529614214412,0.16344389208170174,-0.07765140406044238,0.9513751811271057,0.02578610113365214,0.9513751811271057,0.02578610113365214,1.0,0.9999999999999999,0.028729040015140324,0.004480952743713601,-0.024248087271426723,0.010568824537645143,0.0021166521494047842,-0.008452172388240359,0.009326954320108773,0.9676162939732295,0.9582893396531207,0.9513751811271057,0.02578610113365214,-0.9255890799934536
full,Full FUR,266,What is used for sensing visual things?,4,5,"- Nerves are related to the sense of touch, not sight.",A): nerves | B): tibia | C): nostril | D): cornea,D,3,3,D,D,True,True,False,98.42109323606888,60.22274820333884,95.0,0.1689044721722447,0.1689044721722447,0.1727035985462486,0.24109529614214412,0.6766211951199512,0.43552589897780714,0.9513751811271057,0.782470708954861,0.9513751811271057,0.782470708954861,1.0,1.0,0.028729040015140324,0.056681987320497534,0.02795294730535721,0.010568824537645143,0.00676969816364123,-0.003799126374003913,0.009326954320108773,0.15407760556100014,0.14475065124089137,0.9513751811271057,0.782470708954861,-0.1689044721722447
full,Full FUR,1618,The chance of wildfires is increased by,0,5,- Wildfires are often associated with dry conditions.,A): parched foliage | B): torrential rain | C): lush foliage | D): careful fire maintenance,A,0,0,A,A,True,True,False,99.21838447395452,52.39286304687627,95.0,-0.0172569588012228,-0.0172569588012228,0.017256958801222813,0.3883818557191788,0.32493425096863054,-0.06344760475054828,0.912521954951726,0.9297789137529489,0.912521954951726,0.9297789137529489,1.0,1.0,0.912521954951726,0.9297789137529489,0.0172569588012228,0.03538231165937218,0.02807689019621997,-0.0073054214631522105,0.03538231165937218,0.03181528436346266,-0.0035670272959095195,0.016713421729529568,0.010328911687368469,-0.006384510042161099
full,Full FUR,1618,The chance of wildfires is increased by,1,5,"- Parched foliage is a sign of dry conditions, which can increase the risk of wildfires.",A): parched foliage | B): torrential rain | C): lush foliage | D): careful fire maintenance,A,0,0,A,A,True,True,False,89.04021476492406,57.98684909794769,90.0,0.3316522889247414,0.3316522889247414,0.3316522889247414,0.3883818557191788,1.1264415743667282,0.7380597186475494,0.912521954951726,0.5808696660269846,0.912521954951726,0.5808696660269846,1.0,1.0,0.912521954951726,0.5808696660269846,-0.3316522889247414,0.03538231165937218,0.10094000248700377,0.06555769082763159,0.03538231165937218,0.1885807784113172,0.15319846675194504,0.016713421729529568,0.12960955307469438,0.11289613134516481
full,Full FUR,1618,The chance of wildfires is increased by,2,5,- Torrential rain would actually decrease the risk of wildfires by keeping vegetation moist.,A): parched foliage | B): torrential rain | C): lush foliage | D): careful fire maintenance,A,0,1,A,B,True,False,True,95.96812033236124,50.88165029870768,95.0,0.520510976908892,0.520510976908892,0.5349903166783845,0.3883818557191788,0.8316903279649751,0.4433084722457963,0.912521954951726,0.392010978042834,0.912521954951726,0.392010978042834,1.0,1.0000000000000002,0.912521954951726,0.392010978042834,-0.520510976908892,0.03538231165937218,0.5703726283377567,0.5349903166783845,0.03538231165937218,0.02839717950529204,-0.0069851321540801425,0.016713421729529568,0.009219214114117307,-0.00749420761541226
full,Full FUR,1618,The chance of wildfires is increased by,3,5,"- Lush foliage is a sign of healthy, moist vegetation, which would decrease the risk of wildfires.",A): parched foliage | B): torrential rain | C): lush foliage | D): careful fire maintenance,A,0,0,A,A,True,True,False,89.04021476492406,51.64315972749205,100.0,-0.06624741499714537,-0.06624741499714537,0.06624741499714537,0.3883818557191788,0.12242065066627295,-0.2659612050529059,0.912521954951726,0.9787693699488714,0.912521954951726,0.9787693699488714,1.0,1.0,0.912521954951726,0.9787693699488714,0.06624741499714537,0.03538231165937218,0.00846801425711729,-0.026914297402254893,0.03538231165937218,0.010873146443758188,-0.02450916521561399,0.016713421729529568,0.0018894693502530984,-0.01482395237927647
full,Full FUR,1618,The chance of wildfires is increased by,4,5,"- Careful fire maintenance is a way to prevent wildfires, not increase the risk.",A): parched foliage | B): torrential rain | C): lush foliage | D): careful fire maintenance,A,0,0,A,A,True,True,False,90.69855107893365,54.926468659363756,95.0,0.0111663290739068,0.0111663290739068,0.022239428252701386,0.3883818557191788,0.40626699575540115,0.017885140036222325,0.912521954951726,0.9013556258778193,0.912521954951726,0.9013556258778193,1.0,1.0,0.912521954951726,0.9013556258778193,-0.0111663290739068,0.03538231165937218,0.03494934744192166,-0.0004329642174505238,0.03538231165937218,0.057621739912073575,0.022239428252701393,0.016713421729529568,0.006073286768185509,-0.010640134961344059
full,Full FUR,9-229,A bat flew through the sky without hitting anything due to which of these?,0,4,"(A) A rainy sky would make flying more difficult, not easier.",A): rainy sky to fly in | B): fast truck to drive | C): a car with gasoline | D): surfaces to reflect sound off,D,3,3,D,D,True,True,False,96.74761382060034,60.992109897503695,90.0,0.23843446267340718,0.23843446267340718,0.23843446267340718,0.3435499820454083,0.9557272836371201,0.6121773015917118,0.9254053079920862,0.686970845318679,0.9254053079920862,0.686970845318679,1.0,1.0,0.021763445444645344,0.07240619672252678,0.05064275127788144,0.035881857717527596,0.13527256552739214,0.09939070780986455,0.016949388845740817,0.10535039243140204,0.08840100358566122,0.9254053079920862,0.686970845318679,-0.23843446267340718
full,Full FUR,9-229,A bat flew through the sky without hitting anything due to which of these?,1,4,(B) A fast truck would not affect a bat's ability to fly.,A): rainy sky to fly in | B): fast truck to drive | C): a car with gasoline | D): surfaces to reflect sound off,D,3,3,D,D,True,True,False,92.28882800316833,63.923599132638145,95.0,-0.05798602213047643,-0.05798602213047643,0.05798602213047641,0.3435499820454083,0.10158890616142417,-0.24196107588398413,0.9254053079920862,0.9833913301225626,0.9254053079920862,0.9833913301225626,1.0,1.0,0.021763445444645344,0.0035466628094576865,-0.018216782635187657,0.035881857717527596,0.008508001329376343,-0.027373856388151253,0.016949388845740817,0.004554005738603333,-0.012395383107137484,0.9254053079920862,0.9833913301225626,0.05798602213047643
full,Full FUR,9-229,A bat flew through the sky without hitting anything due to which of these?,2,4,(C) A car with gasoline would not affect a bat's ability to fly.,A): rainy sky to fly in | B): fast truck to drive | C): a car with gasoline | D): surfaces to reflect sound off,D,3,3,D,D,True,True,False,86.14553330092446,66.3730968361706,95.0,0.22887045280319696,0.22887045280319696,0.228870452803197,0.3435499820454083,0.8943583282348866,0.5508083461894783,0.9254053079920862,0.6965348551888892,0.9254053079920862,0.6965348551888892,1.0,1.0,0.021763445444645344,0.15541794519790766,0.13365449975326232,0.035881857717527596,0.12103961115048277,0.08515775343295517,0.016949388845740817,0.027007588462720347,0.01005819961697953,0.9254053079920862,0.6965348551888892,-0.22887045280319696
full,Full FUR,9-229,A bat flew through the sky without hitting anything due to which of these?,3,4,(D) Surfaces to reflect sound off would not affect a bat's ability to fly.,A): rainy sky to fly in | B): fast truck to drive | C): a car with gasoline | D): surfaces to reflect sound off,D,3,3,D,D,True,True,False,84.66450331550716,62.48647869997201,95.0,-0.07155806681147803,-0.07155806681147803,0.071558066811478,0.3435499820454083,0.023796692307089525,-0.3197532897383188,0.9254053079920862,0.9969633748035642,0.9254053079920862,0.9969633748035642,1.0,1.0,0.021763445444645344,0.0005514048932720565,-0.02121204055137329,0.035881857717527596,0.0012426101515818609,-0.03463924756594573,0.016949388845740817,0.0012426101515818609,-0.015706778694158957,0.9254053079920862,0.9969633748035642,0.07155806681147803
full,Full FUR,9-1164,A cheetah that runs all day will find it has lost a lot of,0,4,- The question is about a cheetah that runs all day.,A): blood | B): water | C): prey | D): spots,B,2,2,C,C,False,False,False,95.39544889064669,41.6705164968822,100.0,-0.06271761935995446,0.012891755030503174,0.06271761935995442,0.3029713567740868,0.03633167536203927,-0.2666396814120475,0.9322370765252792,0.9949546958852337,0.015068209533621618,0.0021764545031184445,0.9999999999999999,1.0,0.04641335024518249,0.0024662459968648196,-0.04394710424831767,0.015068209533621618,0.0021764545031184445,-0.012891755030503174,0.9322370765252792,0.9949546958852337,0.06271761935995446,0.006281363695916634,0.0004026036147831192,-0.005878760081133515
full,Full FUR,9-1164,A cheetah that runs all day will find it has lost a lot of,1,4,"- The key phrase here is ""runs all day,"" which implies the cheetah is using a lot of energy.",A): blood | B): water | C): prey | D): spots,B,2,2,C,C,False,False,False,87.96303073535098,58.960082690363,90.0,0.02720168480467411,-0.012261490992167539,0.027201684804674116,0.3029713567740868,0.408533876874165,0.10556252010007816,0.9322370765252792,0.9050353917206051,0.015068209533621618,0.027329700525789157,0.9999999999999999,1.0,0.04641335024518249,0.05105860616923767,0.0046452559240551805,0.015068209533621618,0.027329700525789157,0.012261490992167539,0.9322370765252792,0.9050353917206051,-0.02720168480467411,0.006281363695916634,0.016576301584368038,0.010294937888451403
full,Full FUR,9-1164,A cheetah that runs all day will find it has lost a lot of,2,4,"- Cheetahs are known for their speed and hunting prowess, but they also need to rest and hydrate.",A): blood | B): water | C): prey | D): spots,B,2,2,C,C,False,False,False,93.8038992309468,64.06424769046792,90.0,-0.05788693995006067,0.01303354648355815,0.05788693995006066,0.3029713567740868,0.06565177541560954,-0.23731958135847728,0.9322370765252792,0.9901240164753399,0.015068209533621618,0.0020346630500634685,0.9999999999999999,1.0,0.04641335024518249,0.004880902967386571,-0.04153244727779592,0.015068209533621618,0.0020346630500634685,-0.01303354648355815,0.9322370765252792,0.9901240164753399,0.05788693995006067,0.006281363695916634,0.0029604175072100534,-0.0033209461887065807
full,Full FUR,9-1164,A cheetah that runs all day will find it has lost a lot of,3,4,- The most relevant consequence of a cheetah running all day would be related to its energy expenditure and need for replenishment.,A): blood | B): water | C): prey | D): spots,B,2,2,C,C,False,False,False,87.38536451909708,58.960082690363,90.0,0.4377295363851468,-0.32480152049482003,0.4377295363851468,0.3029713567740868,1.1050408952935395,0.8020695385194527,0.9322370765252792,0.49450754014013243,0.015068209533621618,0.3398697300284416,0.9999999999999999,1.0,0.04641335024518249,0.12503108102758792,0.07861773078240543,0.015068209533621618,0.3398697300284416,0.32480152049482003,0.9322370765252792,0.49450754014013243,-0.4377295363851468,0.006281363695916634,0.040591648803838,0.03431028510792136
full,Full FUR,7-1197,Bill's arm got cold when he put it inside the,1,10,Bill's arm got cold.,A): refrigerator | B): room | C): jacket | D): oven,A,0,0,A,A,True,True,False,98.83578715864881,46.473857148100976,100.0,-0.016691188416166125,-0.016691188416166125,0.016691188416166142,0.15693804911917536,0.07177826998695636,-0.085159779132219,0.9719475086819761,0.9886386970981422,0.9719475086819761,0.9886386970981422,1.0,1.0,0.9719475086819761,0.9886386970981422,0.016691188416166125,0.013864086340479538,0.006661395063478999,-0.0072026912770005395,0.00577941092779617,0.000659567419065553,-0.005119843508730617,0.008408994049748198,0.004040340419313197,-0.004368653630435001
full,Full FUR,7-1197,Bill's arm got cold when he put it inside the,3,10,This indicates that the environment or object Bill's arm was in contact with caused the cold.,A): refrigerator | B): room | C): jacket | D): oven,A,0,0,A,A,True,True,False,96.49704223971541,62.92352446111963,95.0,-0.013611612278913832,-0.013611612278913832,0.013611612278913854,0.15693804911917536,0.09022117950096847,-0.06671686961820689,0.9719475086819761,0.9855591209608899,0.9719475086819761,0.9855591209608899,1.0,0.9999999999999999,0.9719475086819761,0.9855591209608899,0.013611612278913832,0.013864086340479538,0.006640644909747617,-0.007223441430731921,0.00577941092779617,0.002294945426932673,-0.0034844655008634973,0.008408994049748198,0.005505288702429736,-0.0029037053473184625
full,Full FUR,7-1197,Bill's arm got cold when he put it inside the,5,10,The most common objects that can cause cold are those that are designed to keep things cool.,A): refrigerator | B): room | C): jacket | D): oven,A,0,0,A,A,True,True,False,96.27112087435374,70.20821495167934,95.0,0.47548253334570645,0.47548253334570645,0.47548253334570645,0.15693804911917536,1.041538795027961,0.8846007459087857,0.9719475086819761,0.49646497533626965,0.9719475086819761,0.49646497533626965,1.0,1.0,0.9719475086819761,0.49646497533626965,-0.47548253334570645,0.013864086340479538,0.3866473263510767,0.37278324001059715,0.00577941092779617,0.040752327110514325,0.03497291618271815,0.008408994049748198,0.07613537120213935,0.06772637715239116
full,Full FUR,7-1197,Bill's arm got cold when he put it inside the,7,10,"Among the options given, the one that is most likely to keep things cool is the refrigerator.",A): refrigerator | B): room | C): jacket | D): oven,A,0,0,A,A,True,True,False,93.40428506444619,60.22274820333884,100.0,0.001194644994488625,0.001194644994488625,0.002191850133336298,0.15693804911917536,0.16164719293778346,0.004709143818608097,0.9719475086819761,0.9707528636874875,0.9719475086819761,0.9707528636874875,1.0,1.0,0.9719475086819761,0.9707528636874875,-0.001194644994488625,0.013864086340479538,0.01569075832019452,0.0018266719797149812,0.00577941092779617,0.006144589081417468,0.00036517815362129783,0.008408994049748198,0.007411788910900506,-0.0009972051388476922
full,Full FUR,7-1197,Bill's arm got cold when he put it inside the,9,10,"Therefore, the correct answer is (A): refrigerator.",A): refrigerator | B): room | C): jacket | D): oven,A,0,0,A,A,True,True,False,88.33336934633189,39.346934028736655,95.0,0.11771849478216578,0.11771849478216578,0.11771849478216578,0.15693804911917536,0.5680897492530824,0.41115170013390706,0.9719475086819761,0.8542290138998103,0.9719475086819761,0.8542290138998103,1.0,0.9999999999999999,0.9719475086819761,0.8542290138998103,-0.11771849478216578,0.013864086340479538,0.07011937938363748,0.05625529304315794,0.00577941092779617,0.04252955594965318,0.03675014502185701,0.008408994049748198,0.033122050766899044,0.024713056717150846
full,Full FUR,7-903,The main component in dirt is,0,6,Step 1:  The question asks for the main component in dirt.,A): microorganisms | B): broken stones | C): pollution | D): bacteria,B,0,0,A,A,False,False,False,91.85537919033003,30.732024458652063,100.0,0.015274196673712437,-0.010314899719501572,0.015274196673712428,0.4980703096331515,0.537044175459458,0.03897386582630652,0.8649964525831653,0.8497222559094528,0.0911699565514011,0.10148485627090267,1.0,1.0,0.8649964525831653,0.8497222559094528,-0.015274196673712437,0.0911699565514011,0.10148485627090267,0.010314899719501572,0.005828300219574002,0.006487709391545297,0.0006594091719712954,0.03800529064585964,0.042305178428099194,0.004299887782239553
full,Full FUR,7-903,The main component in dirt is,1,6,"Step 2:  We know that dirt is a mixture of various substances, including organic and inorganic materials.",A): microorganisms | B): broken stones | C): pollution | D): bacteria,B,0,1,A,B,False,True,True,78.87446103638977,40.287272657837256,95.0,0.7711610302783648,-0.7991157870768287,0.7991157870768287,0.4980703096331515,0.4009002286680259,-0.09717008096512564,0.8649964525831653,0.09383542230480049,0.0911699565514011,0.8902857436282299,1.0,1.0,0.8649964525831653,0.09383542230480049,-0.7711610302783648,0.0911699565514011,0.8902857436282299,0.7991157870768287,0.005828300219574002,0.004671790706691007,-0.0011565095128829948,0.03800529064585964,0.011207043360278656,-0.026798247285580987
full,Full FUR,7-903,The main component in dirt is,2,6,"Step 3:  Among the options provided, microorganisms are known to be a significant component of dirt, as they contribute to decomposition and nutrient cycling.",A): microorganisms | B): broken stones | C): pollution | D): bacteria,B,0,1,A,B,False,True,True,82.75783761062472,49.52003948770541,100.0,0.8451102618262063,-0.8670003712277858,0.8676281716125931,0.4980703096331515,0.21595466018355114,-0.2821156494496004,0.8649964525831653,0.019886190756958962,0.0911699565514011,0.958170327779187,1.0,1.0,0.8649964525831653,0.019886190756958962,-0.8451102618262063,0.0911699565514011,0.958170327779187,0.8670003712277858,0.005828300219574002,0.006456100604381154,0.0006278003848071518,0.03800529064585964,0.015487380859472875,-0.022517909786386764
full,Full FUR,7-903,The main component in dirt is,3,6,Step 4:  Broken stones and pollution are not typically considered main components of dirt.,A): microorganisms | B): broken stones | C): pollution | D): bacteria,B,0,1,A,B,False,True,True,88.05670317332803,38.871226136454936,100.0,0.8391956955871833,-0.8769963308793567,0.8769963308793567,0.4980703096331515,0.15995259966122807,-0.3381177099719235,0.8649964525831653,0.025800756995981937,0.0911699565514011,0.9681662874307578,1.0,1.0,0.8649964525831653,0.025800756995981937,-0.8391956955871833,0.0911699565514011,0.9681662874307578,0.8769963308793567,0.005828300219574002,0.004483499544396416,-0.0013448006751775859,0.03800529064585964,0.0015494560288638658,-0.03645583461699577
full,Full FUR,7-903,The main component in dirt is,4,6,"Step 5:  Bacteria are a type of microorganism, but the question asks for the main component, not a specific type.",A): microorganisms | B): broken stones | C): pollution | D): bacteria,B,0,0,A,A,False,False,False,88.33336934633189,45.41814857636225,100.0,0.16663887090947238,-0.13555355480903514,0.16663887090947238,0.4980703096331515,0.8106982504919754,0.3126279408588239,0.8649964525831653,0.6983575816736929,0.0911699565514011,0.22672351136043625,1.0,1.0,0.8649964525831653,0.6983575816736929,-0.16663887090947238,0.0911699565514011,0.22672351136043625,0.13555355480903514,0.005828300219574002,0.0099615360670721,0.004133235847498098,0.03800529064585964,0.06495737089879881,0.026952080252939173
full,Full FUR,7-903,The main component in dirt is,5,6,"Step 6:  Therefore, the most appropriate answer is microorganisms, as they are a primary component of dirt.",A): microorganisms | B): broken stones | C): pollution | D): bacteria,B,0,0,A,A,False,False,False,86.0368713718601,44.12377727095924,95.0,-0.061187791536415626,0.03196098185426381,0.06118779153641561,0.4980703096331515,0.30746472899911026,-0.19060558063404126,0.8649964525831653,0.9261842441195809,0.0911699565514011,0.05920897469713729,1.0,1.0,0.8649964525831653,0.9261842441195809,0.061187791536415626,0.0911699565514011,0.05920897469713729,-0.03196098185426381,0.005828300219574002,0.002947841560765815,-0.002880458658808187,0.03800529064585964,0.011658939622516047,-0.026346351023343595
full,Full FUR,1215,A fallen leaf,0,7,(A) is incorrect because a fallen leaf will not turn into a tree.,A): will turn into a tree | B): will become bright green | C): will begin to recycle the nutrients that made up its structure | D): is likely to continue to grow,C,2,2,C,C,True,True,False,91.82350204577817,41.89792160205974,90.0,-0.0015245141063743306,-0.0015245141063743306,0.002178769812900897,0.0784971620610699,0.0691880195215009,-0.009309142539568993,0.9878379576417807,0.9893624717481551,0.9878379576417807,0.9893624717481551,1.0,1.0,0.0031440716732203714,0.0013126667594932225,-0.0018314049137271489,0.0031440716732203714,0.0037983273797469355,0.0006542557065265641,0.9878379576417807,0.9893624717481551,0.0015245141063743306,0.005873899011778577,0.005526534112604827,-0.0003473648991737504
full,Full FUR,1215,A fallen leaf,1,7,"Leaves are the structures that grow on trees, and they don't have the ability to transform into trees.",A): will turn into a tree | B): will become bright green | C): will begin to recycle the nutrients that made up its structure | D): is likely to continue to grow,C,2,2,C,C,True,True,False,90.62559891088492,43.685534624566245,100.0,-0.007109917444033109,-0.007109917444033109,0.0071099174440331595,0.0784971620610699,0.03672436257217983,-0.04177279948889007,0.9878379576417807,0.9949478750858138,0.9878379576417807,0.9949478750858138,1.0,1.0,0.0031440716732203714,0.0008523059868498717,-0.0022917656863705,0.0031440716732203714,0.0014052150416883835,-0.001738856631531988,0.9878379576417807,0.9949478750858138,0.007109917444033109,0.005873899011778577,0.0027946038856478546,-0.0030792951261307227
full,Full FUR,1215,A fallen leaf,2,7,(B) is incorrect because a fallen leaf will not become bright green.,A): will turn into a tree | B): will become bright green | C): will begin to recycle the nutrients that made up its structure | D): is likely to continue to grow,C,2,2,C,C,True,True,False,82.21051262373308,34.928758941813406,100.0,0.009883134984040032,0.009883134984040032,0.009883134984039999,0.0784971620610699,0.1288054624223775,0.05030830036130761,0.9878379576417807,0.9779548226577407,0.9878379576417807,0.9779548226577407,1.0,1.0,0.0031440716732203714,0.0039966782349489865,0.0008526065617286151,0.0031440716732203714,0.00846096702384656,0.005316895350626188,0.9878379576417807,0.9779548226577407,-0.009883134984040032,0.005873899011778577,0.009587532083463739,0.0037136330716851613
full,Full FUR,1215,A fallen leaf,3,7,Leaves lose their green color when they fall from the tree.,A): will turn into a tree | B): will become bright green | C): will begin to recycle the nutrients that made up its structure | D): is likely to continue to grow,C,2,2,C,C,True,True,False,93.14154165118899,30.18874899318742,100.0,0.019268315433541017,0.019268315433541017,0.019268315433541003,0.0784971620610699,0.1723688148368624,0.0938716527757925,0.9878379576417807,0.9685696422082397,0.9878379576417807,0.9685696422082397,1.0,1.0,0.0031440716732203714,0.007395119916711263,0.004251048243490891,0.0031440716732203714,0.008379768630926028,0.005235696957705656,0.9878379576417807,0.9685696422082397,-0.019268315433541017,0.005873899011778577,0.01565546924412302,0.009781570232344442
full,Full FUR,1215,A fallen leaf,4,7,"(C) is correct because when a leaf falls, it begins to recycle the nutrients that made up its structure.",A): will turn into a tree | B): will become bright green | C): will begin to recycle the nutrients that made up its structure | D): is likely to continue to grow,C,2,2,C,C,True,True,False,78.87446103638977,38.39178722093217,90.0,0.0022899427654589077,0.0022899427654589077,0.004136132187280612,0.0784971620610699,0.09127524520145419,0.012778083140384297,0.9878379576417807,0.9855480148763218,0.9878379576417807,0.9855480148763218,1.0,1.0,0.0031440716732203714,0.004563993098064871,0.0014199214248444996,0.0031440716732203714,0.005860282435656475,0.0027162107624361036,0.9878379576417807,0.9855480148763218,-0.0022899427654589077,0.005873899011778577,0.004027709589956864,-0.0018461894218217137
full,Full FUR,1215,A fallen leaf,5,7,"This process is called decomposition, and it's an important part of the nutrient cycle.",A): will turn into a tree | B): will become bright green | C): will begin to recycle the nutrients that made up its structure | D): is likely to continue to grow,C,2,2,C,C,True,True,False,87.67758223527625,34.67407730520273,90.0,0.011658272364735045,0.011658272364735045,0.011658272364734996,0.0784971620610699,0.13823555057430859,0.05973838851323869,0.9878379576417807,0.9761796852770457,0.9878379576417807,0.9761796852770457,1.0,1.0,0.0031440716732203714,0.0058045765994400094,0.002660504926219638,0.0031440716732203714,0.009570129469734328,0.006426057796513956,0.9878379576417807,0.9761796852770457,-0.011658272364735045,0.005873899011778577,0.00844560865377993,0.0025717096420013524
full,Full FUR,1215,A fallen leaf,6,7,(D) is incorrect because a fallen leaf is no longer attached to a tree and will not continue to grow.,A): will turn into a tree | B): will become bright green | C): will begin to recycle the nutrients that made up its structure | D): is likely to continue to grow,C,2,2,C,C,True,True,False,80.53824152993387,31.00207470284072,85.0,0.03780930149813899,0.03780930149813899,0.037809301498138964,0.0784971620610699,0.2480013443917157,0.1695041823306458,0.9878379576417807,0.9500286561436417,0.9878379576417807,0.9500286561436417,1.0,1.0,0.0031440716732203714,0.007253557430107971,0.004109485756887599,0.0031440716732203714,0.0174003820542239,0.014256310381003527,0.9878379576417807,0.9500286561436417,-0.03780930149813899,0.005873899011778577,0.02531740437202639,0.019443505360247814
full,Full FUR,8-201,A red-tailed hawk is searching for prey. It is most likely to swoop down on,1,14,The question is about a red-tailed hawk searching for prey.,A): an eagle | B): a cow | C): a gecko | D): a deer,C,3,2,D,C,False,True,True,91.72712007527028,29.503658772580444,95.0,0.3999082375333733,-0.3714257023134257,0.39990823753337335,0.7995703033417281,0.8451112578501818,0.045540954508453746,0.6493963160405906,0.24948807850721727,0.30675310639252956,0.6781788087059553,1.0,1.0,0.0072141421843019285,0.023206001882445128,0.0159918596981432,0.03663643538257789,0.04912711090438233,0.01249067552180444,0.30675310639252956,0.6781788087059553,0.3714257023134257,0.6493963160405906,0.24948807850721727,-0.3999082375333733
full,Full FUR,8-201,A red-tailed hawk is searching for prey. It is most likely to swoop down on,3,14,"Hawks are birds of prey, which means they hunt other animals.",A): an eagle | B): a cow | C): a gecko | D): a deer,C,3,2,D,C,False,True,True,96.2418749129002,32.468641458222336,100.0,0.434613943323453,-0.44291102352869854,0.4429110235286985,0.7995703033417281,0.681885627565866,-0.11768467577586206,0.6493963160405906,0.21478237271713757,0.30675310639252956,0.7496641299212281,1.0,1.0,0.0072141421843019285,0.00648586546951681,-0.0007282767147851182,0.03663643538257789,0.029067631892117574,-0.007568803490460314,0.30675310639252956,0.7496641299212281,0.44291102352869854,0.6493963160405906,0.21478237271713757,-0.434613943323453
full,Full FUR,8-201,A red-tailed hawk is searching for prey. It is most likely to swoop down on,5,14,Red-tailed hawks are known to prey on small to medium-sized animals.,A): an eagle | B): a cow | C): a gecko | D): a deer,C,3,3,D,D,False,False,False,96.41397199034334,40.867566682117406,90.0,-0.15757773433607036,0.2852479778803897,0.2852479778803897,0.7995703033417281,0.6395159854305522,-0.16005431791117586,0.6493963160405906,0.8069740503766609,0.30675310639252956,0.021505128512139884,1.0,1.0,0.0072141421843019285,0.03128977853324347,0.02407563634894154,0.03663643538257789,0.1402310425779557,0.10359460719537783,0.30675310639252956,0.021505128512139884,-0.2852479778803897,0.6493963160405906,0.8069740503766609,0.15757773433607036
full,Full FUR,8-201,A red-tailed hawk is searching for prey. It is most likely to swoop down on,7,14,"Among the options, a deer is a medium-sized animal that would be a suitable prey for a red-tailed hawk.",A): an eagle | B): a cow | C): a gecko | D): a deer,C,3,2,D,C,False,True,True,87.28642670679643,36.80748813476641,80.0,0.6370810034021376,-0.6715733523710568,0.6715733523710568,0.7995703033417281,0.12400956469658114,-0.675560738645147,0.6493963160405906,0.012315312638452963,0.30675310639252956,0.9783264587635864,1.0,1.0,0.0072141421843019285,0.0018886144172295454,-0.005325527767072383,0.03663643538257789,0.007469614180731116,-0.02916682120184677,0.30675310639252956,0.9783264587635864,0.6715733523710568,0.6493963160405906,0.012315312638452963,-0.6370810034021376
full,Full FUR,8-201,A red-tailed hawk is searching for prey. It is most likely to swoop down on,9,14,"An eagle is also a bird of prey, but it is a larger species and might not be the preferred prey for a red-tailed hawk.",A): an eagle | B): a cow | C): a gecko | D): a deer,C,3,2,D,C,False,True,True,89.58287135982084,41.556480397287764,80.0,0.3114150308020392,-0.25048380606864,0.31141503080203925,0.7995703033417281,0.9569949822517355,0.15742467891000744,0.6493963160405906,0.33798128523855137,0.30675310639252956,0.5572369124611696,1.0,1.0,0.0072141421843019285,0.007948557883261508,0.000734415698959579,0.03663643538257789,0.09683324441701753,0.06019680903443964,0.30675310639252956,0.5572369124611696,0.25048380606864,0.6493963160405906,0.33798128523855137,-0.3114150308020392
full,Full FUR,8-201,A red-tailed hawk is searching for prey. It is most likely to swoop down on,11,14,A cow is a large animal that would not be a suitable prey for a red-tailed hawk.,A): an eagle | B): a cow | C): a gecko | D): a deer,C,3,3,D,D,False,False,False,90.98472657691836,31.938986448695683,85.0,-0.05629668784600106,0.10456866844028095,0.10456866844028098,0.7995703033417281,0.8156848560672694,0.016114552725541298,0.6493963160405906,0.7056930038865916,0.30675310639252956,0.2021844379522486,1.0,1.0,0.0072141421843019285,0.007839541853071966,0.0006253996687700372,0.03663643538257789,0.0842830163080878,0.047646580925509906,0.30675310639252956,0.2021844379522486,-0.10456866844028095,0.6493963160405906,0.7056930038865916,0.05629668784600106
full,Full FUR,8-201,A red-tailed hawk is searching for prey. It is most likely to swoop down on,13,14,"A gecko is a small reptile that might be preyed upon by a hawk, but it is not the most likely prey for a red-tailed",A): an eagle | B): a cow | C): a gecko | D): a deer,C,3,2,D,C,False,True,True,81.13701688946043,36.06259480157973,80.0,0.5338711627398114,-0.5468687718266785,0.5468687718266785,0.7995703033417281,0.5055508595616199,-0.29401944378010814,0.6493963160405906,0.1155251533007792,0.30675310639252956,0.8536218782192081,1.0,1.0,0.0072141421843019285,0.005075821057348439,-0.0021383211269534897,0.03663643538257789,0.025777147422664282,-0.010859287959913606,0.30675310639252956,0.8536218782192081,0.5468687718266785,0.6493963160405906,0.1155251533007792,-0.5338711627398114
full,Full FUR,889,An animal that only eats plants is a,0,6,Step 1: We are looking for an animal that only eats plants.,A): rat | B): moth | C): chimpanzee | D): pig,B,1,2,B,C,True,False,True,84.90225815440854,30.052265652439168,100.0,0.39494545130774034,0.39494545130774034,0.39494545130774034,0.7591525702921297,1.1368225411327884,0.3776699708406587,0.7334140226586554,0.33846857135091507,0.7334140226586554,0.33846857135091507,1.0,1.0,0.0038486036096858326,0.021637573193384017,0.017788969583698185,0.7334140226586554,0.33846857135091507,-0.39494545130774034,0.18543610693476947,0.4346022774397648,0.24916617050499534,0.07730126679688931,0.2052915780159361,0.12799031121904678
full,Full FUR,889,An animal that only eats plants is a,1,6,"Step 2: Rats are omnivores, which means they eat both plants and animals.",A): rat | B): moth | C): chimpanzee | D): pig,B,1,2,B,C,True,False,True,71.79370483061845,38.02974195551051,95.0,0.6724137886433746,0.6724137886433746,0.6724137886433746,0.7591525702921297,0.9233069381806485,0.16415436788851878,0.7334140226586554,0.061000234015280735,0.7334140226586554,0.061000234015280735,1.0,1.0,0.0038486036096858326,0.04192480351198904,0.0380761999023032,0.7334140226586554,0.061000234015280735,-0.6724137886433746,0.18543610693476947,0.655814334992744,0.4703782280579745,0.07730126679688931,0.24126062747998622,0.1639593606830969
full,Full FUR,889,An animal that only eats plants is a,2,6,"Step 3: Moths are insects that primarily eat plants, but they also eat other insects and sometimes animal matter.",A): rat | B): moth | C): chimpanzee | D): pig,B,1,1,B,B,True,True,False,93.60721387932924,50.39962912665585,95.0,-0.2631062798486563,-0.2631062798486563,0.2631062798486563,0.7591525702921297,0.02681989961330102,-0.7323326706788287,0.7334140226586554,0.9965203025073117,0.7334140226586554,0.9965203025073117,1.0,1.0,0.0038486036096858326,0.0006648256423186994,-0.003183777967367133,0.7334140226586554,0.9965203025073117,0.2631062798486563,0.18543610693476947,0.0014074359251848017,-0.18402867100958467,0.07730126679688931,0.0014074359251848017,-0.07589383087170451
full,Full FUR,889,An animal that only eats plants is a,3,6,"Step 4: Chimpanzees are omnivores, eating both plants and animals.",A): rat | B): moth | C): chimpanzee | D): pig,B,1,1,B,B,True,True,False,84.90225815440854,35.812350873052026,90.0,-0.2504601761379529,-0.2504601761379529,0.2504601761379529,0.7591525702921297,0.0990966012739352,-0.6600559690181945,0.7334140226586554,0.9838741987966083,0.7334140226586554,0.9838741987966083,1.0,1.0,0.0038486036096858326,0.0027635001959452634,-0.0010851034137405692,0.7334140226586554,0.9838741987966083,0.2504601761379529,0.18543610693476947,0.0075119714956601085,-0.17792413543910937,0.07730126679688931,0.00585032951178628,-0.07145093728510303
full,Full FUR,889,An animal that only eats plants is a,4,6,"Step 5: Pigs are omnivores, eating both plants and animals.",A): rat | B): moth | C): chimpanzee | D): pig,B,1,3,B,D,True,False,True,85.59363408985467,45.94858025525359,90.0,0.3152321630668496,0.3152321630668496,0.4617712964593992,0.7591525702921297,0.8553316014758278,0.09617903118369808,0.7334140226586554,0.4181818595918058,0.7334140226586554,0.4181818595918058,1.0,1.0,0.0038486036096858326,0.0059650441590805795,0.002116440549394747,0.7334140226586554,0.4181818595918058,-0.3152321630668496,0.18543610693476947,0.03889697354221992,-0.14653913339254954,0.07730126679688931,0.5369561227068937,0.45965485591000443
full,Full FUR,889,An animal that only eats plants is a,5,6,"Step 6: Based on the criteria, the correct answer is the moth, as it primarily eats plants.",A): rat | B): moth | C): chimpanzee | D): pig,B,1,2,B,C,True,False,True,91.39756600416064,46.786569846213375,90.0,0.6938238989865251,0.6938238989865251,0.6938238989865251,0.7591525702921297,0.8206534549813049,0.06150088468917525,0.7334140226586554,0.039590123672130294,0.7334140226586554,0.039590123672130294,1.0,1.0,0.0038486036096858326,0.030832817490838306,0.026984213881152474,0.7334140226586554,0.039590123672130294,-0.6938238989865251,0.18543610693476947,0.7017516428441588,0.5163155359093894,0.07730126679688931,0.22782541599287265,0.15052414919598334
last_top1,Last-step top1,9-227,The surface of the moon contains,4,5,"Step 5: The moon's surface is characterized by its rugged terrain, craters, and high peaks.",A): dogs | B): water | C): high peaks | D): humans,C,2,1,C,B,True,False,True,93.55707463636479,59.59634763366579,90.0,0.4398395142254915,0.4398395142254915,0.44203005812162216,1.0769008488837306,0.7774249544591845,-0.29947589442454614,0.4521150763731223,0.012275562147630831,0.4521150763731223,0.012275562147630831,1.0,1.0,0.007307759302921603,0.0051172154067909495,-0.0021905438961306537,0.18846959604088984,0.5219701722998237,0.3335005762589338,0.4521150763731223,0.012275562147630831,-0.4398395142254915,0.3521075682830662,0.4606370501457546,0.1085294818626884
last_top1,Last-step top1,359,What is a more comfortable color to have for your automobile upholstery if living in a desert?,4,5,"Step 5:  Therefore, the best answer is (A): ecru.",A): ecru | B): red | C): black | D): navy,A,0,2,A,C,True,False,True,83.28832317797944,35.05572717672616,95.0,0.538458029409824,0.538458029409824,0.538458029409824,0.6541147400285655,1.1131647052933031,0.4590499652647376,0.8009574771355454,0.2624994477257215,0.8009574771355454,0.2624994477257215,1.0,1.0,0.8009574771355454,0.2624994477257215,-0.538458029409824,0.04518693515003928,0.0852210956033901,0.04003416045335082,0.1391855391495916,0.5557113207025629,0.4165257815529713,0.014670048564823653,0.0965681359683255,0.08189808740350185
last_top1,Last-step top1,7-157,Ocean water contains,4,5,"Step 5:  Therefore, the correct answer is (B): scant amounts of sodium chloride.",A): copious amounts of seltzer | B): scant amounts of sodium chloride | C): scant amounts of carbonation | D): copious amounts of the combination of Na and Cl,D,3,1,D,B,True,False,True,79.8418698987313,27.265864685802676,100.0,0.7921118008000622,0.7921118008000622,0.7936421599556112,0.49939210213067864,0.3111425516722678,-0.18824955045841085,0.8281650346308392,0.03605323383077708,0.8281650346308392,0.03605323383077708,1.0,1.0,0.00383516535951738,0.0023048062039684332,-0.0015303591555489468,0.16307535063396153,0.9298250928496793,0.7667497422157178,0.004924449375681816,0.03181686711557523,0.026892417739893412,0.8281650346308392,0.03605323383077708,-0.7921118008000622
last_top1,Last-step top1,9-163,A Mola Mola might live where?,5,6,Step 6: Option (C) Bay of Bengal is a possibility,A): Lake Michigan | B): The Mississippi River | C): Bay of Bengal | D): Lake Eerie,C,1,3,B,D,False,False,True,93.97102847802987,30.46091726769187,90.0,0.12049405203983671,-0.09110693068108641,0.21433488895157188,1.2516164268620407,1.2746549472708089,0.023038520408768193,0.33868745221709795,0.21819340017726124,0.058855049750619004,0.14996198043170542,1.0,1.0,0.26377004581518504,0.1699292089034499,-0.09384083691173514,0.33868745221709795,0.21819340017726124,-0.12049405203983671,0.058855049750619004,0.14996198043170542,0.09110693068108641,0.33868745221709795,0.46191541048758344,0.1232279582704855
last_top1,Last-step top1,8-35,which of these would stop a car quicker?,10,11,The dry surface,A): a wheel with wet brake pads | B): a wheel without brake pads | C): a wheel with worn brake pads | D): a wheel with dry brake pads,D,0,0,A,A,False,False,False,99.98511393612355,20.117179991278398,100.0,-0.023640018223313852,0.07923787207612853,0.07923787207612853,1.0411635449708927,0.98506317771366,-0.056100367257232664,0.6072101917619918,0.6308502099853056,0.11956677796393135,0.04032890588780282,1.0,1.0,0.6072101917619918,0.6308502099853056,0.023640018223313852,0.04984284714566854,0.0967440254258519,0.046901178280183364,0.22338018312840835,0.23207685870103967,0.008696675572631318,0.11956677796393135,0.04032890588780282,-0.07923787207612853
last_top1,Last-step top1,530,"When it's flying, a plane has no friction with the",11,12,"Clouds are made up of water droplets or ice crystals suspended in the air, and the plane is not in contact with the clouds, so",A): wings | B): ground | C): air | D): clouds,B,2,2,C,C,False,False,False,87.03567394211096,43.74050237556882,95.0,-0.030901106258027222,0.008544314068279941,0.03090110625802718,0.19309830829286168,0.038025711727342024,-0.15507259656551964,0.963723772523519,0.9946248787815463,0.012131491416901107,0.0035871773486211645,0.9999999999999999,1.0,0.006493519885804907,0.0011645859640505853,-0.005328933921754322,0.012131491416901107,0.0035871773486211645,-0.008544314068279941,0.963723772523519,0.9946248787815463,0.030901106258027222,0.0176512161737749,0.0006233579057820346,-0.017027858267992867
last_top1,Last-step top1,591,"When looking for good soil for plants, typically what is optimal?",9,10,"Compact and hard (D) soil would be difficult for roots to grow, making it less suitable for plant growth.",A): malleable and nutritious | B): dry and sandy | C): grainy and bitter | D): compact and hard,A,0,0,A,A,True,True,False,92.61314967800327,42.350075563360676,95.0,-0.014032106220091323,-0.014032106220091323,0.014032106220091298,0.13330478351931588,0.06434538562309784,-0.06895939789621804,0.9753757297166327,0.989407835936724,0.9753757297166327,0.989407835936724,0.9999999999999999,1.0,0.9753757297166327,0.989407835936724,0.014032106220091323,0.0157654809848451,0.008560054922933843,-0.0072054260619112565,0.0004201358319092881,0.00012210263212426267,-0.00029803319978502545,0.008438653466612907,0.0019100065082179112,-0.006528646958394996
last_top1,Last-step top1,508,"To improve health, what is a good strategy?",4,5,"Therefore, the best answer is D.",A): high risk lifestyle | B): restaurant food | C): business trip | D): a spa trip,D,3,3,D,D,True,True,False,96.52430247327771,39.93636635420577,100.0,0.23827600662897663,0.23827600662897663,0.23827600662897663,0.3040739426637481,0.8754097579543892,0.5713358152906411,0.936347680843392,0.6980716742144154,0.936347680843392,0.6980716742144154,1.0,1.0,0.02827525005257223,0.20000088661911086,0.17172563656653864,0.022020787410825256,0.057301213382956684,0.03528042597213143,0.013356281693210485,0.04462622578351704,0.031269944090306555,0.936347680843392,0.6980716742144154,-0.23827600662897663
last_top1,Last-step top1,1129,There is most likely going to be fog around:,4,5,"Step 5: Deserts are extremely dry, making it highly unlikely for fog to occur.",A): a marsh | B): a tundra | C): the plains | D): a desert,A,2,2,C,C,False,False,False,88.05670317332803,40.52007051967597,95.0,-0.02960634676297308,0.07091329387899255,0.07955444668913025,1.2802534452295975,1.2067093970900864,-0.0735440481395111,0.44887466576321916,0.47848101252619224,0.16513178244625873,0.09421848856726618,0.9999999999999999,1.0,0.16513178244625873,0.09421848856726618,-0.07091329387899255,0.2402652871687796,0.29021338709493677,0.049948099926157175,0.44887466576321916,0.47848101252619224,0.02960634676297308,0.14572826462174251,0.1370871118116048,-0.00864115281013772
last_top1,Last-step top1,8-308,Some blind people have demonstrated bat-like skills by:,5,6,The best answer is D.,A): sensing shapes by light and shadows | B): having a unusually strong sense of smell | C): sensing nearby objects by temperature change | D): using sound to 'see',D,0,0,A,A,False,False,False,97.55454136530511,30.59660323968797,100.0,-0.17250112819877172,0.18011583323312536,0.18444936195731465,0.6965851624411638,0.43468804073682477,-0.261897121704339,0.7136627945326116,0.8861639227313833,0.26254191676802474,0.0824260835348994,0.9999999999999999,1.0,0.7136627945326116,0.8861639227313833,0.17250112819877172,0.008983690182875868,0.00465016145868662,-0.004333528724189248,0.014811598516487721,0.0267598322750307,0.01194823375854298,0.26254191676802474,0.0824260835348994,-0.18011583323312536
last_top1,Last-step top1,7-414,"As gasoline costs rise, alternative fuels are being used, which means that",3,4,"Step 4: Therefore, the correct answer is that gasoline will be needed less.",A): wind power will be expensive | B): gas costs will rise | C): oil costs will be maintained | D): gasoline will be needed less,D,3,3,D,D,True,True,False,82.62260565495548,39.346934028736655,95.0,0.08628711771242659,0.08628711771242659,0.08647587010255676,0.23895992344339678,0.4458242207186084,0.2068642972752116,0.9452503616265715,0.8589632439141449,0.9452503616265715,0.8589632439141449,1.0,1.0,0.005620664159662168,0.007431487956192911,0.0018108237965307429,0.04706124734579257,0.13172629365181862,0.08466504630602606,0.0020677268679737282,0.0018789744778435955,-0.00018875239013013277,0.9452503616265715,0.8589632439141449,-0.08628711771242659
last_top1,Last-step top1,9-794,As the rain forest is deforested the atmosphere will increase with,7,8,Step 8: The increased carbon dioxide levels will also contribute to,A): oxygen | B): nitrogen | C): carbon | D): rain,C,2,2,C,C,True,True,False,91.05488399129757,51.54862048040454,95.0,-0.011603295653996981,-0.011603295653996981,0.012180990556568959,0.4092224821238179,0.36055987823348673,-0.04866260389033117,0.9052028411525466,0.9168061368065435,0.9052028411525466,0.9168061368065435,1.0,1.0,0.045067394797732634,0.045645089700304606,0.0005776949025719721,0.03509852195358171,0.03137138233168672,-0.0037271396218949843,0.9052028411525466,0.9168061368065435,0.011603295653996981,0.0146312420961391,0.006177391161465121,-0.00845385093467398
last_top1,Last-step top1,8-257,Which of these is a hypothesis?,5,6,"Step 6:  Therefore, the ice caps melting is a hypothesis.",A): The ice caps will completely melt if global warming continues | B): The earth is round | C): The earth revolves around the sun | D): Gravity causes objects to fall,A,0,0,A,A,True,True,False,92.9788979985012,50.20549876391658,95.0,-0.010993879602584578,-0.010993879602584578,0.025873813059202177,0.6849389305243558,0.6684675832379519,-0.01647134728640398,0.8082846403121948,0.8192785199147794,0.8082846403121948,0.8192785199147794,1.0,1.0,0.8082846403121948,0.8192785199147794,0.010993879602584578,0.07518218457698822,0.06725047378427221,-0.007931710792716012,0.08519257605075836,0.06725047378427221,-0.017942102266486154,0.031340599060058594,0.046220532516676203,0.01487993345661761
last_top1,Last-step top1,1582,A tool used to identify the percent chance of a trait being passed down has at least,6,7,"Step 7:  Therefore, the correct answer is",A): four boxes | B): eight boxes | C): two boxes | D): six boxes,A,1,1,B,B,False,False,False,73.9134413873715,27.972702004456018,100.0,-0.017900246425560595,0.00555436852364035,0.033697165541887356,1.1391965864260554,1.0831808685108133,-0.05601571791524207,0.44267729254571564,0.46057753897127623,0.06788675537621047,0.06233238685257012,1.0,1.0,0.06788675537621047,0.06233238685257012,-0.00555436852364035,0.44267729254571564,0.46057753897127623,0.017900246425560595,0.3906613021393217,0.4064582212556485,0.015796919116326802,0.09877464993875212,0.07063185292050517,-0.028142797018246957
last_top1,Last-step top1,7-1122,The lowest temperature on the trip was at,2,3,"Step 3:  Therefore, the lowest temperature on the trip was at the plain.",A): the mountain pass | B): the plain | C): the large hill | D): the canyon,A,0,0,A,A,True,True,False,79.8418698987313,65.91019687469455,100.0,-0.11451915980209892,-0.11451915980209892,0.11451915980209892,1.3094174842049977,1.205069442551391,-0.10434804165360667,0.3320117368998767,0.4465308967019756,0.3320117368998767,0.4465308967019756,1.0,0.9999999999999999,0.3320117368998767,0.4465308967019756,0.11451915980209892,0.3320117368998767,0.3068959334929603,-0.02511580340691638,0.22818810257736077,0.1861417841054779,-0.042046318471882865,0.10778842362288588,0.0604313856995862,-0.04735703792329968
last_top1,Last-step top1,7-49,A rabbit may enjoy,2,3,"- Meat, compost, and pebbles are not suitable for rabbits as a food source.",A): meat | B): compost | C): peas | D): pebbles,C,2,2,C,C,True,True,False,91.91876113231778,74.7653749591366,95.0,0.40722986882595646,0.40722986882595646,0.40722986882595646,0.5197984092115706,1.1360843607249143,0.6162859515133436,0.8721140623092651,0.46488419348330867,0.8721140623092651,0.46488419348330867,1.0,1.0,0.03381553292274475,0.11754113479532724,0.08372560187258249,0.055752385407686234,0.3620521737711585,0.30629978836347227,0.8721140623092651,0.46488419348330867,-0.40722986882595646,0.03831801936030388,0.05552249795020557,0.017204478589901692
last_top1,Last-step top1,7-1044,are explosions safe?,4,5,The best answer is (A).,A): they could harm living things | B): they are very safe | C): they cause nothing serious | D): none of these,A,0,0,A,A,True,True,False,99.68665636460669,47.509146467663875,95.0,-0.001968874316516822,-0.001968874316516822,0.00989666208199465,0.25842654467749265,0.25487454401546505,-0.003552000662027599,0.946868318074724,0.9488371923912409,0.946868318074724,0.9488371923912409,1.0,1.0,0.946868318074724,0.9488371923912409,0.001968874316516822,0.022268210021186806,0.025285653016398756,0.0030174429952119497,0.00563028465267801,0.010540629422943907,0.004910344770265897,0.025233187251411143,0.015336525169416512,-0.00989666208199463
last_top1,Last-step top1,9-271,what system is needed for a body to get its needed supply of the gas humans breathe in?,6,7,The best answer is A.,A): the circulatory system | B): the digestive system | C): the school system | D): central nervous system,A,0,0,A,A,True,True,False,91.12449543634658,31.805924880965186,95.0,0.10507596585253609,0.10507596585253609,0.10507596585253609,0.4330776174708923,0.6108000510042231,0.17772243353333078,0.8692596551727368,0.7641836893202008,0.8692596551727368,0.7641836893202008,1.0,1.0,0.8692596551727368,0.7641836893202008,-0.10507596585253609,0.11764150047165245,0.21894228149996883,0.10130078102831638,0.0006995219255195722,0.0010139039807624205,0.00031438205524284837,0.01239932243009111,0.01586012519906797,0.0034608027689768603
last_top1,Last-step top1,1309,They studied the soil by using,5,6,"- A microscope is used to study small objects or samples, which could include soil, but it's not the most direct or common method for studying soil.",A): plants | B): a telescope | C): roots | D): a microscope,D,0,3,A,D,False,True,True,91.9816498321198,56.82220165314562,95.0,0.5193823917326463,-0.6065051326523184,0.61347579441971,0.9477734570366163,0.9151458216468027,-0.032627635389813614,0.611345412624424,0.0919630208917777,0.07301480350276382,0.6795199361550822,1.0,1.0,0.611345412624424,0.0919630208917777,-0.5193823917326463,0.026860643278288257,0.03383130504567984,0.006970661767391584,0.2887791405945239,0.19468573790746024,-0.09409340268706368,0.07301480350276382,0.6795199361550822,0.6065051326523184
last_top1,Last-step top1,1923,When trying to pull a rose out of the ground why do you encounter resistance?,7,8,(C): plant temperature - Plant,A): roots | B): tensile strength | C): plant temperature | D): plant color,A,1,1,B,B,False,False,False,96.8353413888964,24.81032387284714,90.0,-0.12968212365499476,0.12924485784373033,0.12973622407252194,0.6261810799795934,0.4652113516561914,-0.160969728323402,0.7037077862810861,0.8333899099360809,0.29334904579072907,0.16410418794699874,1.0,0.9999999999999999,0.29334904579072907,0.16410418794699874,-0.12924485784373033,0.7037077862810861,0.8333899099360809,0.12968212365499476,0.0017443172872517961,0.0012529510584601776,-0.0004913662287916185,0.0011988506409330213,0.0012529510584601776,5.410041752715636e-05
last_top1,Last-step top1,9-298,An example of conservation is avoiding the use of,0,1,The best answer is (A): gasoline.,A): gasoline | B): air | C): snow | D): clothes,A,1,1,B,B,False,False,False,99.32092066276287,99.32092066276287,75.0,-0.3007782500590879,0.29571128146906467,0.30747304751935156,1.1908342770677462,0.67817151345107,-0.5126627636166763,0.4318599926160272,0.7326382426751151,0.2968127584285238,0.001101476959459104,1.0,1.0,0.2968127584285238,0.001101476959459104,-0.29571128146906467,0.4318599926160272,0.7326382426751151,0.3007782500590879,0.2311580152668514,0.23785281272711498,0.00669479746026358,0.04016923368859765,0.028407467638310795,-0.011761766050286854
last_top1,Last-step top1,1672,Squirrels spend their fall,15,16,"Therefore, the correct answer is (C): stockpiling pecans for the frigid months.",A): looking for pretty leaves to collect | B): stockpiling rocks for fighting in the winter | C): stockpiling pecans for the frigid months | D): collecting twigs to keep warm,C,2,2,C,C,True,True,False,71.90367075410067,30.052265652439168,100.0,0.12788222602385002,0.12788222602385002,0.12788222602385005,0.29670876429297993,0.6541147142693857,0.3574059499764058,0.9288397150232542,0.8009574889994042,0.9288397150232542,0.8009574889994042,0.9999999999999999,1.0,0.006258472145162202,0.045186932456688096,0.03892846031152589,0.059378730198546566,0.1391855308534871,0.07980680065494053,0.9288397150232542,0.8009574889994042,-0.12788222602385002,0.005523082633036947,0.014670047690420632,0.009146965057383685
last_top1,Last-step top1,163,The transportation with the most mass is likely a,5,6,"Step 6:  Based on these considerations, commercial",A): commercial plane | B): private plane | C): bus | D): private car,A,2,2,C,C,False,False,False,90.09865916361737,24.663325530321934,95.0,-9.138651357615268e-05,0.1165871763605264,0.1165871763605264,1.1944073724308026,1.2903343013422948,0.09592692891149213,0.4226697399912204,0.4227611265047965,0.3730047393065493,0.2564175629460229,1.0,1.0,0.3730047393065493,0.2564175629460229,-0.1165871763605264,0.08322860487507698,0.12112309332478444,0.037894488449707456,0.4226697399912204,0.4227611265047965,9.138651357615268e-05,0.1210969158271533,0.19969821722439612,0.07860130139724282
last_top1,Last-step top1,9-675,"A person wants to be able to have more natural power in their home. They choose to cease using a traditional electric company to source this electricity, and so decide to install",7,8,The best answer is C.,A): sun grafts | B): sunlight shields | C): panels collecting sunlight | D): solar bees,C,2,2,C,C,True,True,False,73.50263786431033,28.950749115634867,95.0,0.005374343868142617,0.005374343868142617,0.005374343868142633,0.01625764993851654,0.05103226676367496,0.03477461682515842,0.9980341634383497,0.9926598195702071,0.9980341634383497,0.9926598195702071,0.9999999999999999,0.9999999999999999,0.0007544905992199086,0.003580090401585874,0.0028255998023659656,0.0008549498608266651,0.0021714344891188074,0.0013164846282921424,0.9980341634383497,0.9926598195702071,-0.005374343868142617,0.0003563961016036604,0.0015886555390882005,0.0012322594374845402
last_top1,Last-step top1,9-1180,Mosquitoes enjoy all the people at a BBQ in the summer for what reason?,11,12,Taking food is not a relevant factor in mosquitoes' attraction to humans at a BBQ.,A): steak | B): blood | C): nice weather | D): taking food,B,1,1,B,B,True,True,False,95.67442453948122,41.556480397287764,90.0,-0.0004758730736587058,-0.0004758730736587058,0.0004758730736587041,0.007905009870968984,0.004055548430021183,-0.003849461440947801,0.9990977144175639,0.9995735874912226,0.9990977144175639,0.9995735874912226,1.0,1.0,9.602493901830673e-05,4.538057053718138e-05,-5.064436848112535e-05,0.9990977144175639,0.9995735874912226,0.0004758730736587058,0.0006665451864962287,0.0003150036018652648,-0.00035154158463096384,0.00013971545692159973,6.602833637498654e-05,-7.368712054661319e-05
last_top1,Last-step top1,8-41,Tadpoles start their lives as,5,6,They undergo metamorphosis to become adult frogs.,A): Water animals | B): Frogs | C): Ants | D): College Students,A,1,1,B,B,False,False,False,98.22478740783714,76.06162820318211,95.0,0.007567399442925615,0.002456767315594327,0.010024166758519977,0.6134306439461276,0.6561314194236687,0.04270077547754114,0.7474204246146945,0.7398530251717689,0.24265187797954768,0.24019511066395335,1.0,1.0,0.24265187797954768,0.24019511066395335,-0.002456767315594327,0.7474204246146945,0.7398530251717689,-0.007567399442925615,0.0034612435589638085,0.0064009828552612875,0.002939739296297479,0.006466453846793965,0.013550881309016497,0.007084427462222532
last_top1,Last-step top1,7-891,A recyclable material can be,3,4,"(D): used more times - This is not a good option because recyclable materials are meant to be recycled, not used more times.",A): transformed | B): traded | C): thrown away | D): used more times,D,0,3,A,D,False,True,True,79.92045900016946,57.49161136978385,100.0,0.3253978907445791,-0.4703707476014852,0.4703707476014852,1.1846010438936614,0.5873984081708724,-0.597202635722789,0.41342954287567946,0.08803165213110038,0.3648502690773357,0.8352210166788209,1.0,1.0,0.41342954287567946,0.08803165213110038,-0.3253978907445791,0.17234306885514153,0.06855911214401245,-0.10378395671112908,0.0493771191918433,0.00818821904606632,-0.04118890014577698,0.3648502690773357,0.8352210166788209,0.4703707476014852
last_top1,Last-step top1,8-53,the dashboard reading in a jaguar would likely be set to which of these?,11,12,Width is not typically related to a car's performance or status.,A): set to calories | B): set to volume | C): set to kilometers | D): set to width,C,2,2,C,C,True,True,False,95.35933494870397,31.53902081741832,90.0,-0.009491105068692773,-0.009491105068692773,0.035348966075112426,0.6583479782986794,0.6030550072112265,-0.0552929710874529,0.8208620364771329,0.8303531415458256,0.8208620364771329,0.8303531415458256,1.0,0.9999999999999999,0.046309872426617014,0.03219628567929406,-0.014113586747322958,0.08651821866963315,0.11237607967605276,0.02585786100641961,0.8208620364771329,0.8303531415458256,0.009491105068692773,0.046309872426617014,0.02507449309882751,-0.021235379327789506
last_top1,Last-step top1,1272,Inherited behavior is exhibited when,6,7,"Step 7: However, bears taking a long winter sleep is an example of",A): bears take a long winter sleep | B): dogs sit on command | C): seals clap for their trainers | D): rats navigate thru a maze,A,1,3,B,D,False,False,True,92.22834853162153,35.812350873052026,85.0,0.4149371063355718,0.0931629160278876,0.5969547235105708,1.2156995665746537,0.2888800767855331,-0.9268194897891207,0.4369796975321955,0.022042591196623697,0.09750336026785375,0.004340444239966157,1.0,1.0,0.09750336026785375,0.004340444239966157,-0.0931629160278876,0.4369796975321955,0.022042591196623697,-0.4149371063355718,0.1251967893986698,0.03634208825155842,-0.08885470114711137,0.340320152801281,0.9372748763118517,0.5969547235105708
last_top1,Last-step top1,8-125,"A prisoner is kept in a stone room, unable to see the sun. The prisoner knows that he needs vitamin D to survive, so he",3,4,"Step 4: The prisoner needs to find another way to get vitamin D.
Step 5: Milk is a source of vitamin D.
Step 6: Therefore, the prisoner should ask for milk.",A): asks for milk | B): asks for television | C): asks for water | D): asks for sleep,A,0,3,A,D,True,False,True,80.83996812836007,64.20434791153616,100.0,0.5084827767032855,0.5084827767032855,0.5084827767032855,1.0818605459522086,1.050688283185937,-0.031172262766271608,0.6035369589661288,0.09505418226284332,0.6035369589661288,0.09505418226284332,1.0,1.0,0.6035369589661288,0.09505418226284332,-0.5084827767032855,0.19593974801942893,0.20122969750254444,0.005289949483115508,0.08167983530700329,0.08388501655712773,0.0022051812501244356,0.11884345770743893,0.6198311036774845,0.5009876459700455
last_top1,Last-step top1,132,What would happen when balloons heat up?,3,4,"So, the correct answer is (A): they get bigger.",A): they get bigger | B): they get smaller | C): nothing happens | D): they fall down,A,0,1,A,B,True,False,True,80.61411573567048,47.917633530625025,95.0,0.2657736682226291,0.2657736682226291,0.26577366822262904,1.0291099803887702,1.3483489160648043,0.3192389356760341,0.5142346129875272,0.24846094476489805,0.5142346129875272,0.24846094476489805,1.0,1.0,0.5142346129875272,0.24846094476489805,-0.2657736682226291,0.3534279836112779,0.36150851307051607,0.00808052945923815,0.01759614272705758,0.1707645480220832,0.15316840529502562,0.11474126067413737,0.21926599414250264,0.10452473346836527
last_top1,Last-step top1,1426,To grow plants require,5,6,"So, what type of light do plants need to grow?",A): acid rain | B): pesticides | C): shafts of sunlight | D): moonbeam rays,C,2,2,C,C,True,True,False,96.68346625110897,56.48355398355083,95.0,0.0035789772850436385,0.0035789772850436385,0.0035789772850436503,0.03133860744358369,0.05311246555681437,0.021773858113230682,0.9958276115513309,0.9922486342662873,0.9958276115513309,0.9922486342662873,1.0,1.0,0.0007528224931924697,0.0012367337225946053,0.0004839112294021356,0.0014971663421125474,0.0040550934260727076,0.00255792708396016,0.9958276115513309,0.9922486342662873,-0.0035789772850436385,0.0019223996133640423,0.002459538585045408,0.000537138971681366
last_top1,Last-step top1,8-464,An electric car runs on electricity via,1,2,"Electricity is generated at power stations, so the correct answer is related to power stations.",A): gasoline | B): a power station | C): electrical conductors | D): fuel,C,1,2,B,C,False,True,True,92.22834853162153,84.2393876875457,100.0,0.2160016576949415,-0.19616402443141107,0.21600165769494148,0.778896643823113,0.8062842085056426,0.027387564682529675,0.5504712270175377,0.3344695693225962,0.42870737605120374,0.6248714004826148,1.0000000000000002,1.0,0.0019853091105361547,0.0054061964153834605,0.003420887304847306,0.5504712270175377,0.3344695693225962,-0.2160016576949415,0.42870737605120374,0.6248714004826148,0.19616402443141107,0.01883608782072245,0.035252833779405544,0.016416745958683095
last_top1,Last-step top1,1702,How can we see that the coloration of fur is an inherited characteristic?,3,4,"(D) is a characteristic of baby rats, but it doesn't tell us anything about the inheritance of fur coloration.",A): puppies have soft fur | B): kittens look like their parents | C): all mammals are born with fur | D): baby rats are mostly bald,B,1,1,B,B,True,True,False,79.68376772484682,55.45159120530734,95.0,-0.022447455416787387,-0.022447455416787387,0.02480998318959387,0.36701826843711566,0.3013293870704882,-0.06568888136662748,0.9067174500955716,0.929164905512359,0.9067174500955716,0.929164905512359,1.0,1.0,0.004198935213626116,0.001396942912352033,-0.0028019923012740826,0.9067174500955716,0.929164905512359,0.022447455416787387,0.07442789285652125,0.052419901968201475,-0.022007990888319777,0.014655721834281083,0.01701824960708757,0.002362527772806487
last_top1,Last-step top1,8-466,What is the best way to guess a babies eye color?,8,9,Genetics play a much more significant role in determining eye color.,A): The surroundings they are born in. | B): Their parents usual diet. | C): Just take a random guess. | D): The genealogy records of their family.,D,0,0,A,A,False,False,False,95.24928474843205,26.552090844345543,90.0,-0.14589085442196692,0.07514170884150138,0.14848810855338515,1.203474645140419,0.8976953426945132,-0.3057793024459058,0.4917175586626843,0.6376084130846512,0.0854476881978032,0.010305979356301814,1.0,1.0,0.4917175586626843,0.6376084130846512,0.14589085442196692,0.159637311114471,0.0862909114025872,-0.0733463997118838,0.26319744202504153,0.26579469615645973,0.002597254131418203,0.0854476881978032,0.010305979356301814,-0.07514170884150138
last_top1,Last-step top1,1180,What is different about birth in humans and chickens?,6,7,"In humans, birth is a process where a baby",A): Mother | B): Fertilization | C): Father | D): the hard shell,D,1,1,B,B,False,False,False,99.30481676036152,35.435147357210795,85.0,0.0016472951893246046,0.014536991915115913,0.016184287104440517,0.4077875464487576,0.4278247960890207,0.0200372496402631,0.9014225895980286,0.899775294408704,0.06529884253205684,0.050761850616940926,1.0,1.0,0.014570138892116826,0.018674238855372113,0.004104099963255286,0.9014225895980286,0.899775294408704,-0.0016472951893246046,0.01870842897779775,0.03078861611898298,0.01208018714118523,0.06529884253205684,0.050761850616940926,-0.014536991915115913
last_top1,Last-step top1,7-52,Human reproduction requires,3,4,- The correct answer is related to the development of the embryo inside the mother's body.,A): eggs with shells | B): nest incubation | C): a nest | D): a womb,D,3,3,D,D,True,True,False,95.50211320221104,61.89572669847874,95.0,0.017026030348526233,0.017026030348526233,0.0193997727145402,0.13627300237421536,0.21274398019281537,0.07647097781860002,0.9750933291762818,0.9580672988277555,0.9750933291762818,0.9580672988277555,1.0,1.0,0.0033036673791214687,0.003915402110587249,0.0006117347314657799,0.017859457501466967,0.015485715135453004,-0.002373742366013964,0.0037435459431297774,0.022531583926204204,0.018788037983074428,0.9750933291762818,0.9580672988277555,-0.017026030348526233
last_top1,Last-step top1,1189,What can feathers on Spheniscidae be used for?,3,4,"- However, the basic principle of feathers being used for insulation and possibly other supportive functions remains the same.",A): keeping warm | B): flying | C): sleeping | D): eating,A,1,0,B,A,False,True,True,93.9945332104692,63.782400091917424,95.0,0.502482401396201,-0.4198566405559991,0.502482401396201,0.21817351906833787,0.9964109100998382,0.7782373910315004,0.9550179581199579,0.45253555672375695,0.03267891616775787,0.45253555672375695,1.0,0.9999999999999999,0.03267891616775787,0.45253555672375695,0.4198566405559991,0.9550179581199579,0.45253555672375695,-0.502482401396201,0.0072916515996140465,0.025530309436109268,0.018238657836495222,0.005011474112670171,0.0693985771163768,0.06438710300370663
last_top1,Last-step top1,1674,A girl and her mom have the same,4,5,"Step 5: Between (A) date of birth and (D) hair length, both are physical characteristics that can be shared between a girl and her mom, but the date of birth is a more significant and unique",A): date of birth | B): shirt | C): number of toenails | D): hair length,C,0,2,A,C,False,True,True,80.38560106644474,49.42134946923138,100.0,0.5873002327389379,-0.5710714847423124,0.587300232738938,0.8200342566909988,0.6406691730036618,-0.17936508368733706,0.6856294602188865,0.09832922747994857,0.2522290250345887,0.8233005097769011,0.9999999999999999,1.0,0.6856294602188865,0.09832922747994857,-0.5873002327389379,0.03868056682442892,0.04644743925156298,0.007766872427134058,0.2522290250345887,0.8233005097769011,0.5710714847423124,0.02346094792209583,0.03192282349158736,0.008461875569491527
last_top1,Last-step top1,7-671,"If a UFO is flying overhead and looks small, then large, then",5,6,"Therefore, the correct answer is (C): the UFO is approaching.",A): the UFO is calling | B): the UFO had been close | C): the UFO is approaching | D): the UFO is leaving,C,2,1,C,B,True,False,True,85.70574531881294,48.82514434191666,85.0,0.6822265262692673,0.6822265262692673,0.6822265262692673,0.721845371033521,1.1662494191410262,0.4444040481075052,0.767745897774661,0.08551937150539372,0.767745897774661,0.08551937150539372,1.0,1.0,0.009664494364252419,0.09690614573122235,0.08724165136696993,0.07141148911022602,0.4343032143793282,0.3628917252691022,0.767745897774661,0.08551937150539372,-0.6822265262692673,0.15117811875086057,0.38327126838405573,0.23209314963319516
last_top1,Last-step top1,9-409,Every evening a child can look into the night sky and see that the moon is,5,6,"Step 6: Therefore, the correct answer is that the moon is not moving upwards, but rather it is in a constant orbit around the Earth.",A): gone | B): breaking | C): falling | D): moving upwards,D,3,3,D,D,True,True,False,88.51424368960568,47.20068004505437,90.0,-0.4301368661156124,-0.4301368661156124,0.4301368661156124,1.2912779740854115,0.6379188058666809,-0.6533591682187305,0.3967757523059845,0.8269126184215969,0.3967757523059845,0.8269126184215969,1.0,1.0,0.30900928378105164,0.02829539510527453,-0.2807138886757771,0.128814235329628,0.07691485964931008,-0.05189937568031791,0.16540072858333588,0.0678771268238185,-0.09752360175951738,0.3967757523059845,0.8269126184215969,0.4301368661156124
last_top1,Last-step top1,8-63,Beak shape can influence a bird's ability,5,6,Step 6: Mating with its partner is also not directly related to the,A): to give birth to live young | B): to mate with it's partner | C): to fly to warmer climates | D): to chew up certain worms,D,3,0,D,A,True,False,True,84.66450331550716,31.40517730344343,95.0,0.38857780985250934,0.38857780985250934,0.6958275575407606,1.3166035787928294,0.381275070095899,-0.9353285086969304,0.41010456055091143,0.021526750698402077,0.41010456055091143,0.021526750698402077,1.0,1.0,0.21951318623086255,0.9153407437716232,0.6958275575407606,0.21951318623086255,0.03549160894265569,-0.18402157728820687,0.1508690669873635,0.027640896587319032,-0.12322817040004447,0.41010456055091143,0.021526750698402077,-0.38857780985250934
last_top1,Last-step top1,9-149,"When the eggs hatch, the offspring are",5,6,"The correct term for the offspring of eggs hatching is ""born"".",A): killed | B): hurt | C): born | D): cold,C,2,2,C,C,True,True,False,96.52430247327771,77.8606252533847,100.0,0.039087710739044934,0.039087710739044934,0.03908771073904489,0.32304438467151075,0.4434593934953921,0.12041500882388134,0.9311859520973084,0.8920982413582634,0.9311859520973084,0.8920982413582634,1.0,1.0,0.015051219472184596,0.016339348507379378,0.0012881290351947818,0.021899396349681577,0.026939032398618515,0.005039636048936938,0.9311859520973084,0.8920982413582634,-0.039087710739044934,0.03186343208082549,0.06462337773573862,0.03275994565491313
last_top1,Last-step top1,8-343,"A person wants to start saving money so that they can afford a nice vacation at the end of the year. After looking over their budget and expenses, they decide the best way to save money is to",4,5,The best answer is B.,A): make more phone calls | B): quit eating lunch out | C): buy less with monopoly money | D): have lunch with friends,B,1,1,B,B,True,True,False,93.30041766772024,38.02974195551051,95.0,0.07537600034700631,0.07537600034700631,0.07537600034700631,0.1602584498527391,0.36749858096735055,0.20724013111461145,0.9649453392730448,0.8895693389260385,0.9649453392730448,0.8895693389260385,0.9999999999999999,1.0,0.00017326577338520348,0.0009784725226540294,0.000805206749268826,0.9649453392730448,0.8895693389260385,-0.07537600034700631,0.03301861215710859,0.10624390057130241,0.07322528841419382,0.0018627827964613952,0.003208287980005037,0.0013455051835436418
last_top1,Last-step top1,326,December 21st through March 20 is a three month period which is an example of what?,7,8,"- Autumn is a season, but the question asks for an example of what",A): A session | B): A Match | C): A Season | D): Autumn,C,2,2,C,C,True,True,False,94.08763934315263,30.18874899318742,100.0,-0.029744404250057643,-0.029744404250057643,0.029744404250057636,0.18202176833802025,0.027875967066937422,-0.15414580127108282,0.9665395183467411,0.9962839225967988,0.9665395183467411,0.9962839225967988,1.0,0.9999999999999999,0.015622656122974875,0.0019232804840611573,-0.013699375638913719,0.009475619691015366,0.0014978523175522554,-0.007977767373463111,0.9665395183467411,0.9962839225967988,0.029744404250057643,0.008362205839268588,0.00029494460158778995,-0.008067261237680798
last_top1,Last-step top1,7-988,Plant growth may cause,7,8,"Therefore, the most appropriate answer is (A): an uptick in the number of leaves.",A): an uptick in the number of leaves | B): a surge in leaf disease | C): a gradual decrease in leaves | D): a rapid decline of the leaves,A,2,2,C,C,False,False,False,77.42396521311974,42.350075563360676,95.0,0.18246749979451027,-0.07211964822885314,0.18246749979451027,0.9785732078034097,1.2337755289698351,0.2552023211664254,0.6484778547602812,0.4660103549657709,0.21052992422331096,0.2826495724521641,1.0,1.0,0.21052992422331096,0.2826495724521641,0.07211964822885314,0.053230297018700454,0.13351420859226273,0.08028391157356228,0.6484778547602812,0.4660103549657709,-0.18246749979451027,0.08776192399770738,0.11782586398980224,0.030063939992094862
last_top1,Last-step top1,1759,Thermometers,8,9,"So, (D) is incorrect.",A): can help you monitor a fever | B): indicate levels of mercury in the blood | C): read exactly at 98.6 degrees | D): are used only for babies,A,0,0,A,A,True,True,False,85.25199696757207,8.41389564530094,95.0,-0.005030482597839447,-0.005030482597839447,0.005030482597839479,0.03899944157208268,0.005354298144703427,-0.03364514342737926,0.9943695847595794,0.9994000673574188,0.9943695847595794,0.9994000673574188,1.0,0.9999999999999999,0.9943695847595794,0.9994000673574188,0.005030482597839447,0.004063761402281262,0.0004878024279764496,-0.0035759589743048124,0.0011642870009234661,0.00010884342789346681,-0.0010554435730299994,0.00040236683721590693,3.2867867112098437e-06,-0.0003990800505046971
last_top1,Last-step top1,695,Some berries may be eaten by,3,4,"- Wolves also eat berries, but the most common and well-known predator of berries among the options given is a bear.",A): a bear or person | B): a bear or shark | C): a bear or lion | D): a bear or wolf,A,0,0,A,A,True,True,False,86.5717904293102,68.7784773353463,100.0,0.050319217292296714,0.050319217292296714,0.050319217292296714,0.7267987619068974,0.8275472079706212,0.1007484460637238,0.7667592139290302,0.7164399966367335,0.7667592139290302,0.7164399966367335,1.0,1.0,0.7667592139290302,0.7164399966367335,-0.050319217292296714,0.0713197139228891,0.08556655491559852,0.014246840992709411,0.010937232483412204,0.01684905342733112,0.005911820943918917,0.15098383966466844,0.18114439502033683,0.03016055535566839
last_top1,Last-step top1,1577,What animal eats plants?,11,12,"Therefore, the correct answer is the bird that eats plants.",A): eagles | B): robins | C): owls | D): leopards,B,1,0,B,A,True,False,True,97.16321835502869,46.786569846213375,100.0,0.8944529024437767,0.8944529024437767,0.8944529024437766,0.3529346383205205,0.6367411035318592,0.2838064652113387,0.9217861968056074,0.02733329436183063,0.9217861968056074,0.02733329436183063,1.0,1.0,0.02456477118756896,0.7987959802419846,0.7742312090544157,0.9217861968056074,0.02733329436183063,-0.8944529024437767,0.013148573337436803,0.016578482093397927,0.003429908755961124,0.040500458669386924,0.15729224330278688,0.11679178463339995
last_top1,Last-step top1,9-350,The salamander could eat a large amounts of what?,7,8,"This leaves us with option (B), which is a more plausible food",A): fettuccine if left around | B): waxy leaves from certain plants | C): dead carcass meat from livestock | D): six legged winged organisms,D,2,2,C,C,False,False,False,89.62348389557117,43.1328946281328,100.0,-0.29687712413308576,-0.006981880356147385,0.3038590044892331,0.8119649037989354,0.34992906419600234,-0.46203583960293304,0.6259571576193647,0.9228342817524504,0.01472110269819351,0.021702983054340895,1.0,1.0,0.024270993743273166,0.01491622724138336,-0.009354766501889806,0.33505074593916867,0.040546507951825385,-0.29450423798734326,0.6259571576193647,0.9228342817524504,0.29687712413308576,0.01472110269819351,0.021702983054340895,0.006981880356147385
last_top1,Last-step top1,880,Predators eat,11,12,Grass is a plant and is not eaten by predators.,A): lions | B): humans | C): bunnies | D): grass,C,0,0,A,A,False,False,False,97.94071736650012,33.12491769207715,95.0,0.1692050234328073,0.11592567839329912,0.2851307018261064,0.811213179385776,0.8828497961368811,0.07163661675110511,0.7306831519902673,0.56147812855746,0.14388002535633757,0.02795434696303844,1.0,1.0,0.7306831519902673,0.56147812855746,-0.1692050234328073,0.11205389413267687,0.3858978981653581,0.2738440040326812,0.14388002535633757,0.02795434696303844,-0.11592567839329912,0.01338292852071819,0.024669626314143395,0.011286697793425206
last_top1,Last-step top1,7-238,Shining a light through a diamond can,8,9,(C): This choice,A): make a lot of bright lights shine | B): summon a brilliant wave of color | C): heat up a room | D): make a lot of money,B,3,0,D,A,False,False,True,82.89201718286574,14.465467269257747,95.0,0.3639199930137396,-0.0501539181906438,0.6254460988533042,1.2145713967479972,0.8212288086050259,-0.3933425881429713,0.4257098404637736,0.06178984745003396,0.06528472106691657,0.11543863925756037,1.0,1.0,0.17746226357324224,0.7527544442359027,0.5752921806626604,0.06528472106691657,0.11543863925756037,0.0501539181906438,0.33154317489606755,0.07001706905650296,-0.2615261058395646,0.4257098404637736,0.06178984745003396,-0.3639199930137396
last_top1,Last-step top1,7-511,It's easier for human's to survive in:,5,6,"Step 5: Surviving alone (D) is difficult for humans, as they need social interaction and support to cope with the challenges of",A): a cave | B): the ocean. | C): a town | D): alone,C,2,0,C,A,True,False,True,85.01974971358183,41.44222135328803,95.0,0.07213924003950745,0.07213924003950745,0.1866318398674533,1.280253447401563,1.169769948972983,-0.11048349842858007,0.44887465907446533,0.3767354190349579,0.44887465907446533,0.3767354190349579,1.0,1.0,0.24026529848970918,0.4268971383571625,0.1866318398674533,0.16513177998560338,0.13859319686889648,-0.0265385831167069,0.44887465907446533,0.3767354190349579,-0.07213924003950745,0.1457282624502221,0.057774245738983154,-0.08795401671123895
last_top1,Last-step top1,788,Owls are likely to hunt at,2,3,"Step 3: Among the given options, 2am falls within the late evening to early morning hours, making it the most likely time for owls to hunt.",A): 3pm | B): 2am | C): 6pm | D): 7am,B,1,1,B,B,True,True,False,81.21055669129983,63.42697996761022,95.0,0.14515089002892345,0.14515089002892345,0.14515089002892348,0.35481286778220655,0.7520625391953271,0.3972496714131205,0.9185626566688889,0.7734117666399655,0.9185626566688889,0.7734117666399655,0.9999999999999999,1.0,0.005461973173761565,0.026464695653154797,0.02100272247939323,0.9185626566688889,0.7734117666399655,-0.14515089002892345,0.03561653965089077,0.08151699769624876,0.04590045804535799,0.04035883050645871,0.11860654001063098,0.07824770950417227
last_top1,Last-step top1,9-368,Birds carrying away fruit helps the tree,5,6,"- The most direct benefit the tree receives from birds carrying away fruit is through the process of fertilization, as the fruit is a result of the tree's reproduction process, and the seeds are dispersed, which can lead to new growth and reproduction.",A): grow | B): fertilize | C): reproduce | D): conquer,C,1,0,B,A,False,False,True,88.05670317332803,68.65627975066214,100.0,0.4987670925466009,-0.018365910235380638,0.49876709254660084,0.7269161603713391,0.7703452119358719,0.043429051564532806,0.6863293984938966,0.1875623059472957,0.02348489970794093,0.04185080994332157,1.0000000000000002,1.0,0.28610463851388745,0.7418232725968198,0.45571863408293234,0.6863293984938966,0.1875623059472957,-0.4987670925466009,0.02348489970794093,0.04185080994332157,0.018365910235380638,0.004081063284275063,0.02876361151256289,0.024682548228287825
last_top1,Last-step top1,8-393,"A construction group wants to put a shopping center in town, but the only place available is a small nature park with a trail. Deer and other wildlife frequent the park, since it is the only place in the city where trees and fresh water are available for them. The construction group decides to build the shopping center, which means that",6,7,Step 7: The destruction of the nature park and its trail will result in the destruction of the wildlife environment.,A): the deer are moved to a zoo | B): the trail is expanded | C): the mall has a nature park in it | D): the wildlife environment is destroyed,D,3,3,D,D,True,True,False,88.0099584312134,56.99053593599377,100.0,0.04621260348340295,0.04621260348340295,0.04621260348340297,0.10408487325885808,0.30609346725675773,0.20200859399789967,0.9827264850519155,0.9365138815685126,0.9827264850519155,0.9365138815685126,1.0,1.0,0.0021497057110158885,0.022024696241558235,0.01987499053054235,0.008502250283889463,0.01943672594837102,0.010934475664481556,0.006621558953179152,0.022024696241558235,0.015403137288379082,0.9827264850519155,0.9365138815685126,-0.04621260348340295
last_top1,Last-step top1,8-93,Over a period of time the weather can change,3,4,Step 4: The only option that fits the description of changing over time is the weather.,A): The color of my hair | B): The way I walk | C): The size of a statue | D): The sound a computer makes,C,1,2,B,C,False,True,True,83.15725187218158,52.113096149628845,95.0,0.2507805594771089,-0.07568060796201437,0.29252894853024214,1.2689877646761971,1.307385333308686,0.03839756863248889,0.4242697796125047,0.1734892201353958,0.29159607397034487,0.36727668193235924,1.0,1.0,0.17686195012696274,0.1351135610738295,-0.041748389053133245,0.4242697796125047,0.1734892201353958,-0.2507805594771089,0.29159607397034487,0.36727668193235924,0.07568060796201437,0.10727219629018768,0.32412053685841546,0.21684834056822777
last_top1,Last-step top1,1032,Which requires energy to move?,3,4,"- Poison ivy (D) is a type of plant, and as mentioned, plants do not require energy to move.",A): weasel | B): willow | C): mango | D): poison ivy,A,2,2,C,C,False,False,False,69.26252217876483,32.994174659764084,100.0,-0.2717166855459532,0.0038820035531623165,0.2717166855459532,1.2464355239528957,0.8631107184235078,-0.38332480552938786,0.45787067154628014,0.7295873570922333,0.11576784629667493,0.11188584274351261,1.0,1.0,0.11576784629667493,0.11188584274351261,-0.0038820035531623165,0.14864885142525205,0.04664095742074139,-0.10200789400451066,0.45787067154628014,0.7295873570922333,0.2717166855459532,0.27771263073179286,0.11188584274351261,-0.16582678798828027
last_top1,Last-step top1,1204,Which of these situations is an example of pollutants?,5,6,"Step 3:  Conclusion:  Only option (A) represents a pollutant, as it is a man-made object that can harm the environment.",A): plastic bags floating in the ocean | B): mallard ducks floating on a lake | C): cottonwood seeds floating in the air | D): cirrus clouds floating in the sky,A,0,0,A,A,True,True,False,95.19328482036607,58.71890855001691,100.0,0.007057458924810245,0.007057458924810245,0.007355139280655588,0.0702017235636973,0.10479380010001599,0.03459207653631868,0.9891408380610001,0.9820833791361898,0.9891408380610001,0.9820833791361898,1.0,1.0,0.9891408380610001,0.9820833791361898,-0.007057458924810245,0.004580631523002134,0.009628007177791317,0.005047375654789184,0.005190535137520287,0.007498298763386691,0.002307763625866404,0.001087995278477528,0.0007903149226321848,-0.00029768035584534314
last_top1,Last-step top1,7-140,A person can see,3,4,"(D): an abstract idea - Abstract ideas are concepts, not visual things.",A): a radio recording | B): an emotion | C): a written message | D): an abstract idea,C,1,2,B,C,False,True,True,89.37741190744127,55.364497569687984,95.0,0.3967499673554514,-0.24154434056868485,0.4921560916039781,1.219735839983883,0.8919636721873352,-0.3277721677965477,0.4551818140623244,0.05843184670687293,0.31284159888091084,0.5543859394495957,1.0,1.0,0.1304117907645075,0.3810235417998008,0.2506117510352933,0.4551818140623244,0.05843184670687293,-0.3967499673554514,0.31284159888091084,0.5543859394495957,0.24154434056868485,0.10156479629225726,0.006158672043730615,-0.09540612424852664
last_top1,Last-step top1,7-664,If bacon is left too long on a hot stove top,4,5,"Step 5: Therefore, the correct answer is that the bacon will be bacteria laden if it is left too long on a hot stove top.",A): it will be cooked perfectly | B): it will be bacteria laden | C): it will become blackened | D): it will be left raw,C,1,1,B,B,False,False,False,80.76497788389526,43.685534624566245,95.0,0.3653830655143765,-0.35415511463639754,0.36538306551437644,0.11289052196584809,0.7365235253004152,0.6236330033345672,0.9788446891677534,0.6134616236533769,0.01792816793810841,0.37208328257450596,1.0,1.0,0.00047776949302944714,0.0032191514562211468,0.0027413819631916998,0.9788446891677534,0.6134616236533769,-0.3653830655143765,0.01792816793810841,0.37208328257450596,0.35415511463639754,0.002749373401108827,0.011235942315896032,0.008486568914787204
last_top1,Last-step top1,9-29,What could be a positive aspect of a tree being cut down?,7,8,"This is a negative aspect because the tree was providing shade, and now the sun will",A): the plants that were under the tree will have access to more light | B): the squirrels that were in that tree will have an easier time getting to their home | C): Plants under the tree will get cooled off by the shade | D): The sun will shine brighter than before,A,0,0,A,A,True,True,False,95.3229377616041,36.18735067454188,95.0,0.18723141406129307,0.18723141406129307,0.18736171813346816,0.48963887662616384,0.8005953316542485,0.3109564550280846,0.8657912296736372,0.6785598156123441,0.8657912296736372,0.6785598156123441,0.9999999999999999,1.0,0.8657912296736372,0.6785598156123441,-0.18723141406129307,0.07106847057274261,0.07151967777970926,0.0004512072069666473,0.0004225886214798559,0.00029228454930476625,-0.00013030407217508967,0.06271771113214035,0.24962822205864185,0.18691051092650152
last_top1,Last-step top1,758,A positive effect of burning biofuel is,4,5,The best answer is C.,A): shortage of crops for the food supply | B): an increase in air pollution | C): powering the lights in a home | D): deforestation in the amazon to make room for crops,C,2,2,C,C,True,True,False,94.35838604962227,39.46528143694932,90.0,0.032563081988960185,0.032563081988960185,0.03256308198896017,0.07769536636279198,0.22951253370050895,0.15181716733771697,0.9879270566292704,0.9553639746403102,0.9879270566292704,0.9553639746403102,1.0,1.0,0.004037432523916158,0.015442020029693544,0.011404587505777386,0.00587442911830337,0.009366058604924997,0.003491629486621627,0.9879270566292704,0.9553639746403102,-0.032563081988960185,0.00216108172851013,0.01982794672507127,0.01766686499656114
last_top1,Last-step top1,9-655,"if the earth was a living room, what can be done to melt the glaciers?",3,4,Step 4: How do these things relate to melting glaciers?,A): someone would turn up the room heater | B): someone would turn up the air conditioner | C): someone would turn up the music | D): someone would turn on the light,A,0,0,A,A,True,True,False,94.80270168383701,68.65627975066214,100.0,0.011375015231690488,0.011375015231690488,0.014365865046542194,0.1960140229387474,0.22528569346190272,0.029271670523155324,0.9591009752883574,0.9477259600566669,0.9591009752883574,0.9477259600566669,0.9999999999999999,1.0,0.9591009752883574,0.9477259600566669,-0.011375015231690488,0.03281862876363156,0.04718449381017377,0.014365865046542206,0.0023773735180173663,0.002073141997395874,-0.0003042315206214924,0.005703022429993697,0.0030164041357634954,-0.002686618294230202
last_top1,Last-step top1,7-942,Cold-blooded animals are often,7,8,"Looking at the options, we can see that ""slow"" is the characteristic that matches the description of cold-blooded animals.",A): fast | B): large | C): hairless | D): slow,C,3,3,D,D,False,False,False,89.37741190744127,50.97749095061447,95.0,0.05035663460927109,-0.031121938939098814,0.05035663460927112,0.0854929814397064,0.2993285991898782,0.2138356177501718,0.9865119273492707,0.9361552927399996,0.005176739670769504,0.036298678609868316,1.0,1.0,0.0024453186905883497,0.010399746145299035,0.007954427454710686,0.005866014289371403,0.017146282504833056,0.011280268215461653,0.005176739670769504,0.036298678609868316,0.031121938939098814,0.9865119273492707,0.9361552927399996,-0.05035663460927109
last_top1,Last-step top1,8-395,Overpopulation can cause,2,3,Let's analyze the options given:,A): More fresh water for people to drink | B): Lower Life Expectancy in Countries | C): More food for more people | D): More space for places to people to live,B,2,2,C,C,False,False,False,99.8039145634595,61.446565582542135,90.0,-0.10685750181675469,0.10756297578728913,0.1296291173164383,0.873601733798722,0.8080119727490397,-0.06558976104968228,0.5624719910553841,0.6693294928721388,0.3865810072662403,0.27901803147895116,1.0,1.0,0.01498937061977918,0.037760986119462825,0.022771615499683644,0.3865810072662403,0.27901803147895116,-0.10756297578728913,0.5624719910553841,0.6693294928721388,0.10685750181675469,0.03595763105859636,0.013891489529447186,-0.022066141529149173
last_top1,Last-step top1,9-540,"If a person puts out four apples around their home on the same day, the molecules in which apple would be moving the most rapidly?",4,5,"Step 5: Therefore, the apple sitting on a sunny sidewalk would have molecules moving the most rapidly.",A): the apple sitting on a sunny sidewalk | B): the apple in the freezer | C): the apple sitting on the shaded stoop | D): the apple in a closet,A,0,0,A,A,True,True,False,84.0536065769052,44.23280401239106,100.0,-0.010278582608351683,-0.010278582608351683,0.014639741935842727,0.8600495797245752,0.8200342664616638,-0.04001531326291141,0.6753508793059408,0.6856294619142925,0.6753508793059408,0.6856294619142925,0.9999999999999999,1.0,0.6753508793059408,0.6856294619142925,0.010278582608351683,0.03810069195551083,0.023460950019668136,-0.014639741935842693,0.24844773678303744,0.2522290177832981,0.00378128100026065,0.03810069195551083,0.03868057028274126,0.0005798783272304292
last_top1,Last-step top1,378,What explains the characteristic lunar formations?,7,8,"Option (C) ""volcanic explosions over millions of years"" is a plausible explanation, as the Moon is thought to have had a volcanic past, with numerous volcanic eruptions occurring over its history.",A): remains of ancient ponds | B): many collisions that have occured | C): volcanic explosions over millions of years | D): sink holes due to the moons porous nature,B,1,1,B,B,True,True,False,86.1995467477727,49.0246561965476,90.0,-0.24118138079319595,-0.24118138079319595,0.24118138079319595,0.6578682531490632,0.02295614979236877,-0.6349121033566943,0.755882135878648,0.997063516671844,0.755882135878648,0.997063516671844,0.9999999999999999,0.9999999999999999,0.00741040838396205,0.0004866619706535069,-0.006923746413308543,0.755882135878648,0.997063516671844,0.24118138079319595,0.21656387812412847,0.0008541182678647866,-0.2157097598562637,0.020143577613261396,0.0015957030896376545,-0.01854787452362374
last_top1,Last-step top1,7-391,Animals are drawn to,4,5,- Carbon dioxide is not a common attractant for animals in the wild.,A): gold | B): houses | C): feeders | D): Carbon Dioxide,C,2,2,C,C,True,True,False,91.12449543634658,51.453896405913305,90.0,0.027282416515621355,0.027282416515621355,0.10048275328633094,0.8201723988151882,0.8037873258626567,-0.016385072952531554,0.7471176302382615,0.7198352137226401,0.7471176302382615,0.7198352137226401,1.0,1.0,0.03719679597172742,0.04601752334068503,0.008820727368957615,0.1145742001245819,0.2062362260419552,0.09166202591737331,0.7471176302382615,0.7198352137226401,-0.027282416515621355,0.1011113736654292,0.027911036894719635,-0.07320033677070957
last_top1,Last-step top1,266,What is used for sensing visual things?,4,5,"- Nerves are related to the sense of touch, not sight.",A): nerves | B): tibia | C): nostril | D): cornea,D,3,3,D,D,True,True,False,98.46967109025846,59.91077135089227,95.0,0.16890446014815585,0.16890446014815585,0.17270358688379234,0.24109529614214412,0.6766211753217257,0.43552587917958163,0.9513751811271057,0.7824707209789499,0.9513751811271057,0.7824707209789499,1.0,1.0,0.028729040015140324,0.056681988191519594,0.02795294817637927,0.010568824537645143,0.006769697802008685,-0.003799126735636458,0.009326954320108773,0.1540775930275219,0.14475063870741312,0.9513751811271057,0.7824707209789499,-0.16890446014815585
last_top1,Last-step top1,1618,The chance of wildfires is increased by,4,5,"- Careful fire maintenance is a way to prevent wildfires, not increase the risk.",A): parched foliage | B): torrential rain | C): lush foliage | D): careful fire maintenance,A,0,0,A,A,True,True,False,90.40329139550015,54.926468659363756,95.0,0.0005961813668180493,0.0005961813668180493,0.016065022893216638,0.3883818557191788,0.37321291604512835,-0.015168939674050474,0.912521954951726,0.911925773584908,0.912521954951726,0.911925773584908,1.0,1.0,0.912521954951726,0.911925773584908,-0.0005961813668180493,0.03538231165937218,0.031204383166415037,-0.004177928492957145,0.03538231165937218,0.05144733455258885,0.016065022893216666,0.016713421729529568,0.005422508696088152,-0.011290913033441416
last_top1,Last-step top1,9-229,A bat flew through the sky without hitting anything due to which of these?,3,4,(D) Surfaces to reflect sound off would not affect a bat's ability to fly.,A): rainy sky to fly in | B): fast truck to drive | C): a car with gasoline | D): surfaces to reflect sound off,D,3,3,D,D,True,True,False,84.66450331550716,62.19225650585973,95.0,-0.07159137466536858,-0.07159137466536858,0.07159137466536857,0.3435499820454083,0.02354578347573363,-0.3200041985696747,0.9254053079920862,0.9969966826574548,0.9254053079920862,0.9969966826574548,1.0,1.0,0.021763445444645344,0.0005180141794483397,-0.021245431265197005,0.035881857717527596,0.0012426515815484283,-0.034639206135979164,0.016949388845740817,0.0012426515815484283,-0.01570673726419239,0.9254053079920862,0.9969966826574548,0.07159137466536858
last_top1,Last-step top1,9-1164,A cheetah that runs all day will find it has lost a lot of,3,4,- The most relevant consequence of a cheetah running all day would be related to its energy expenditure and need for replenishment.,A): blood | B): water | C): prey | D): spots,B,2,2,C,C,False,False,False,87.18671291561655,58.960082690363,90.0,0.4591387214096587,-0.3533811707928519,0.4591387214096588,0.3029713567740868,1.1021247423767384,0.7991533856026516,0.9322370765252792,0.4730983551156205,0.015068209533621618,0.3684493803264735,0.9999999999999999,1.0,0.04641335024518249,0.1196179880301434,0.0732046377849609,0.015068209533621618,0.3684493803264735,0.3533811707928519,0.9322370765252792,0.4730983551156205,-0.4591387214096587,0.006281363695916634,0.038834276527762654,0.03255291283184602
last_top1,Last-step top1,7-1197,Bill's arm got cold when he put it inside the,9,10,"Therefore, the correct answer is (A): refrigerator.",A): refrigerator | B): room | C): jacket | D): oven,A,0,0,A,A,True,True,False,88.33336934633189,39.346934028736655,95.0,0.12252854837170801,0.12252854837170801,0.12252854837170798,0.15693804911917536,0.5823273506531399,0.42538930153396454,0.9719475086819761,0.8494189603102681,0.9719475086819761,0.8494189603102681,1.0,1.0,0.9719475086819761,0.8494189603102681,-0.12252854837170801,0.013864086340479538,0.06972455415156438,0.05586046781108484,0.00577941092779617,0.047920939830864144,0.04214152890306797,0.008408994049748198,0.03293554570730336,0.02452655165755516
last_top1,Last-step top1,7-903,The main component in dirt is,5,6,"Step 6:  Therefore, the most appropriate answer is microorganisms, as they are a primary component of dirt.",A): microorganisms | B): broken stones | C): pollution | D): bacteria,B,0,0,A,A,False,False,False,86.0368713718601,44.55860948602103,95.0,-0.06896506588146123,0.03847944676688654,0.06896506588146122,0.4980703096331515,0.28358686666955074,-0.21448344296360078,0.8649964525831653,0.9339615184646265,0.0911699565514011,0.05269050978451456,1.0,1.0,0.8649964525831653,0.9339615184646265,0.06896506588146123,0.0911699565514011,0.05269050978451456,-0.03847944676688654,0.005828300219574002,0.0029725951425508814,-0.0028557050770231206,0.03800529064585964,0.010375376608308113,-0.02762991403755153
last_top1,Last-step top1,1215,A fallen leaf,6,7,(D) is incorrect because a fallen leaf is no longer attached to a tree and will not continue to grow.,A): will turn into a tree | B): will become bright green | C): will begin to recycle the nutrients that made up its structure | D): is likely to continue to grow,C,2,2,C,C,True,True,False,80.53824152993387,31.271072120902776,90.0,0.04765622196159647,0.04765622196159647,0.04765622196159643,0.0784971620610699,0.28450963190632156,0.20601246984525168,0.9878379576417807,0.9401817356801843,0.9878379576417807,0.9401817356801843,1.0,1.0,0.0031440716732203714,0.00813416580905827,0.004990094135837899,0.0031440716732203714,0.019512849001261774,0.016368777328041404,0.9878379576417807,0.9401817356801843,-0.04765622196159647,0.005873899011778577,0.03217124950949568,0.026297350497717104
last_top1,Last-step top1,8-201,A red-tailed hawk is searching for prey. It is most likely to swoop down on,13,14,"A gecko is a small reptile that might be preyed upon by a hawk, but it is not the most likely prey for a red-tailed",A): an eagle | B): a cow | C): a gecko | D): a deer,C,3,2,D,C,False,True,True,81.71736986789908,36.06259480157973,85.0,0.5209065898826981,-0.531105147912696,0.531105147912696,0.7995703033417281,0.540118793882113,-0.25945150945961504,0.6493963160405906,0.12848972615789248,0.30675310639252956,0.8378582543052255,1.0,1.0,0.0072141421843019285,0.004982086686654971,-0.0022320554976469576,0.03663643538257789,0.02866993285022707,-0.007966502532350817,0.30675310639252956,0.8378582543052255,0.531105147912696,0.6493963160405906,0.12848972615789248,-0.5209065898826981
last_top1,Last-step top1,889,An animal that only eats plants is a,5,6,"Step 6: Based on the criteria, the correct answer is the moth, as it primarily eats plants.",A): rat | B): moth | C): chimpanzee | D): pig,B,1,2,B,C,True,False,True,91.39756600416064,46.786569846213375,90.0,0.693823898322844,0.693823898322844,0.693823898322844,0.7591525702921297,0.8206534402166755,0.06150086992454584,0.7334140226586554,0.039590124335811466,0.7334140226586554,0.039590124335811466,1.0,1.0,0.0038486036096858326,0.030832816145068526,0.026984212535382694,0.7334140226586554,0.039590124335811466,-0.693823898322844,0.18543610693476947,0.7017516546081874,0.516315547673418,0.07730126679688931,0.2278254049109325,0.1505241381140432
random_top1,Random top1,9-227,The surface of the moon contains,1,5,Step 2: We know that the moon is a natural satellite that orbits the Earth.,A): dogs | B): water | C): high peaks | D): humans,C,2,2,C,C,True,True,False,80.76497788389526,39.109544640493645,100.0,-0.06512496144736524,-0.06512496144736524,0.07524891584146501,1.0769008488837306,1.0772343818324799,0.0003335329487492711,0.4521150763731223,0.5172400378204876,0.4521150763731223,0.5172400378204876,1.0,1.0,0.007307759302921603,0.01561929628962099,0.008311536986699387,0.18846959604088984,0.19028201344829027,0.0018124174074004296,0.4521150763731223,0.5172400378204876,0.06512496144736524,0.3521075682830662,0.27685865244160124,-0.07524891584146498
random_top1,Random top1,359,What is a more comfortable color to have for your automobile upholstery if living in a desert?,3,5,"Step 4:  Among the given options, ecru (a light beige color) is known for its ability to reflect sunlight and heat, making it a more comfortable choice for a desert environment.",A): ecru | B): red | C): black | D): navy,A,0,2,A,C,True,False,True,81.9303689606251,55.364497569687984,95.0,0.7439757847848266,0.7439757847848266,0.7439757847848266,0.6541147400285655,0.927711819564054,0.2735970795354885,0.8009574771355454,0.056981692350718836,0.8009574771355454,0.056981692350718836,1.0,1.0,0.8009574771355454,0.056981692350718836,-0.7439757847848266,0.04518693515003928,0.09394692234497228,0.048759987194933,0.1391855391495916,0.6941790839351373,0.5549935447855456,0.014670048564823653,0.15489230136917165,0.140222252804348
random_top1,Random top1,7-157,Ocean water contains,1,5,"Step 2:  The primary components of ocean water are hydrogen and oxygen, not sodium (Na) or chloride (Cl).",A): copious amounts of seltzer | B): scant amounts of sodium chloride | C): scant amounts of carbonation | D): copious amounts of the combination of Na and Cl,D,3,3,D,D,True,True,False,87.91591936968007,52.85551378008903,90.0,-0.1344467337302787,-0.1344467337302787,0.13444673373027868,0.49939210213067864,0.176177791106369,-0.32321431102430964,0.8281650346308392,0.962611768361118,0.8281650346308392,0.962611768361118,1.0,1.0,0.00383516535951738,0.0027037786052119435,-0.0011313867543054365,0.16307535063396153,0.03293876260580359,-0.13013658802815795,0.004924449375681816,0.0017456904278665467,-0.0031787589478152697,0.8281650346308392,0.962611768361118,0.1344467337302787
random_top1,Random top1,9-163,A Mola Mola might live where?,4,6,"Step 5: We can also eliminate (B) The Mississippi River, as it is a freshwater river, and Mola Mola are not typically found in rivers.",A): Lake Michigan | B): The Mississippi River | C): Bay of Bengal | D): Lake Eerie,C,1,1,B,B,False,False,False,82.00081577585891,36.18735067454188,95.0,-0.3417236937955981,-0.04548938483182238,0.3872130786274204,1.2516164268620407,0.9711077921964182,-0.2805086346656225,0.33868745221709795,0.680411146012696,0.058855049750619004,0.10434443458244139,1.0,1.0,0.26377004581518504,0.13398089413216746,-0.12978915168301758,0.33868745221709795,0.680411146012696,0.3417236937955981,0.058855049750619004,0.10434443458244139,0.04548938483182238,0.33868745221709795,0.08126352527269518,-0.25742392694440275
random_top1,Random top1,8-35,which of these would stop a car quicker?,5,11,"**Effect of Wet Brake Pads**: When brake pads are wet, they lose their effectiveness.",A): a wheel with wet brake pads | B): a wheel without brake pads | C): a wheel with worn brake pads | D): a wheel with dry brake pads,D,0,0,A,A,False,False,False,92.8683317302242,46.15930677045396,90.0,-0.14858483322406923,-0.011770679531300024,0.16035551275536927,1.0411635449708927,0.7928339679453622,-0.2483295770255305,0.6072101917619918,0.755795024986061,0.11956677796393135,0.13133745749523137,1.0,1.0,0.6072101917619918,0.755795024986061,0.14858483322406923,0.04984284714566854,0.03320731434339625,-0.016635532802272292,0.22338018312840835,0.07966020317531138,-0.143719979953097,0.11956677796393135,0.13133745749523137,0.011770679531300024
random_top1,Random top1,530,"When it's flying, a plane has no friction with the",1,12,"When a plane is flying, it is moving through the air.",A): wings | B): ground | C): air | D): clouds,B,2,2,C,C,False,False,False,84.17770239505016,27.76137512014676,90.0,0.0437976964366652,-0.01564787074748354,0.0437976964366652,0.19309830829286168,0.3667850944013288,0.1736867861084671,0.963723772523519,0.9199260760868538,0.012131491416901107,0.02777936216438465,0.9999999999999999,1.0,0.006493519885804907,0.02777936216438465,0.021285842278579742,0.012131491416901107,0.02777936216438465,0.01564787074748354,0.963723772523519,0.9199260760868538,-0.0437976964366652,0.0176512161737749,0.024515199584376826,0.006863983410601925
random_top1,Random top1,591,"When looking for good soil for plants, typically what is optimal?",7,10,"Grainy and bitter (C) soil would be harmful to plants, as it would be difficult for them to absorb water and nutrients.",A): malleable and nutritious | B): dry and sandy | C): grainy and bitter | D): compact and hard,A,0,0,A,A,True,True,False,87.58093631492906,45.41814857636225,90.0,-0.016115876143508734,-0.016115876143508734,0.016115876143508706,0.13330478351931588,0.053946590497959246,-0.07935819302135663,0.9753757297166327,0.9914916058601414,0.9753757297166327,0.9914916058601414,0.9999999999999999,1.0,0.9753757297166327,0.9914916058601414,0.016115876143508734,0.0157654809848451,0.006680617507815125,-0.009084863477029975,0.0004201358319092881,0.0001386517965110574,-0.0002814840353982307,0.008438653466612907,0.0016891248355324386,-0.0067495286310804686
random_top1,Random top1,508,"To improve health, what is a good strategy?",2,5,"In contrast, a high-risk lifestyle (A) and restaurant food (B) are generally associated with negative health outcomes.",A): high risk lifestyle | B): restaurant food | C): business trip | D): a spa trip,D,3,1,D,B,True,False,True,89.46007754381357,55.01441698526841,90.0,0.6665265315915816,0.6665265315915816,0.6665265315915816,0.3040739426637481,1.3109007652770701,1.0068268226133221,0.936347680843392,0.26982114925181044,0.936347680843392,0.26982114925181044,1.0,1.0,0.02827525005257223,0.21013692960755212,0.1818616795549799,0.022020787410825256,0.39258744087461117,0.3705666534637859,0.013356281693210485,0.12745448026602627,0.11409819857281578,0.936347680843392,0.26982114925181044,-0.6665265315915816
random_top1,Random top1,1129,There is most likely going to be fog around:,2,5,"Step 3: Tundras are cold and dry, making it less likely for fog to occur.",A): a marsh | B): a tundra | C): the plains | D): a desert,A,2,2,C,C,False,False,False,90.02100198496345,51.64315972749205,100.0,0.03212462834267865,0.059760875040806405,0.09188550338348506,1.2802534452295975,1.2546087526380618,-0.025644692591535678,0.44887466576321916,0.4167500374205405,0.16513178244625873,0.10537090740545232,0.9999999999999999,1.0,0.16513178244625873,0.10537090740545232,-0.059760875040806405,0.2402652871687796,0.3245652567660025,0.08429996959722291,0.44887466576321916,0.4167500374205405,-0.03212462834267865,0.14572826462174251,0.15331379840800466,0.007585533786262144
random_top1,Random top1,8-308,Some blind people have demonstrated bat-like skills by:,4,6,Step 5: The correct answer is related to using sound to 'see'.,A): sensing shapes by light and shadows | B): having a unusually strong sense of smell | C): sensing nearby objects by temperature change | D): using sound to 'see',D,0,3,A,D,False,True,True,83.67544875460415,45.94858025525359,100.0,0.27157701107501353,-0.23840694170232424,0.2715770110750136,0.6965851624411638,0.9094019513711593,0.21281678892999556,0.7136627945326116,0.4420857834575981,0.26254191676802474,0.500948858470349,0.9999999999999999,1.0,0.7136627945326116,0.4420857834575981,-0.27157701107501353,0.008983690182875868,0.0320245854860537,0.02304089530317783,0.014811598516487721,0.0249407725859993,0.01012917406951158,0.26254191676802474,0.500948858470349,0.23840694170232424
random_top1,Random top1,7-414,"As gasoline costs rise, alternative fuels are being used, which means that",3,4,"Step 4: Therefore, the correct answer is that gasoline will be needed less.",A): wind power will be expensive | B): gas costs will rise | C): oil costs will be maintained | D): gasoline will be needed less,D,3,3,D,D,True,True,False,82.62260565495548,39.346934028736655,95.0,0.08628711771242659,0.08628711771242659,0.08647587010255676,0.23895992344339678,0.4458242207186084,0.2068642972752116,0.9452503616265715,0.8589632439141449,0.9452503616265715,0.8589632439141449,1.0,1.0,0.005620664159662168,0.007431487956192911,0.0018108237965307429,0.04706124734579257,0.13172629365181862,0.08466504630602606,0.0020677268679737282,0.0018789744778435955,-0.00018875239013013277,0.9452503616265715,0.8589632439141449,-0.08628711771242659
random_top1,Random top1,9-794,As the rain forest is deforested the atmosphere will increase with,1,8,"Step 2: When the rainforest is deforested, the trees that produce oxygen through photosynthesis are cut down.",A): oxygen | B): nitrogen | C): carbon | D): rain,C,2,2,C,C,True,True,False,81.64581367674809,35.56112751748047,85.0,0.35132195223998797,0.35132195223998797,0.35132195223998797,0.4092224821238179,1.0925053357046783,0.6832828535808604,0.9052028411525466,0.5538808889125586,0.9052028411525466,0.5538808889125586,1.0,1.0,0.045067394797732634,0.23089190601567608,0.18582451121794344,0.03509852195358171,0.17981878525901238,0.14472026330543067,0.9052028411525466,0.5538808889125586,-0.35132195223998797,0.0146312420961391,0.03540841981275297,0.020777177716613873
random_top1,Random top1,8-257,Which of these is a hypothesis?,0,6,Step 1:  A hypothesis is a proposed explanation for a phenomenon.,A): The ice caps will completely melt if global warming continues | B): The earth is round | C): The earth revolves around the sun | D): Gravity causes objects to fall,A,0,3,A,D,True,False,True,91.08975769366243,36.31186312148776,95.0,0.6612236819723392,0.6612236819723392,0.661223681972339,0.6849389305243558,1.3275211303531285,0.6425821998287726,0.8082846403121948,0.1470609583398557,0.8082846403121948,0.1470609583398557,1.0,1.0,0.8082846403121948,0.1470609583398557,-0.6612236819723392,0.07518218457698822,0.31132807863759876,0.23614589406061054,0.08519257605075836,0.18883003013089256,0.1036374540801342,0.031340599060058594,0.35278093289165297,0.32144033383159437
random_top1,Random top1,1582,A tool used to identify the percent chance of a trait being passed down has at least,6,7,"Step 7:  Therefore, the correct answer is",A): four boxes | B): eight boxes | C): two boxes | D): six boxes,A,1,1,B,B,False,False,False,73.9134413873715,27.972702004456018,100.0,-0.017900246425560595,0.00555436852364035,0.033697165541887356,1.1391965864260554,1.0831808685108133,-0.05601571791524207,0.44267729254571564,0.46057753897127623,0.06788675537621047,0.06233238685257012,1.0,1.0,0.06788675537621047,0.06233238685257012,-0.00555436852364035,0.44267729254571564,0.46057753897127623,0.017900246425560595,0.3906613021393217,0.4064582212556485,0.015796919116326802,0.09877464993875212,0.07063185292050517,-0.028142797018246957
random_top1,Random top1,7-1122,The lowest temperature on the trip was at,1,3,"Step 2:  Among the options given, the plain is typically the lowest elevation.",A): the mountain pass | B): the plain | C): the large hill | D): the canyon,A,0,0,A,A,True,True,False,90.55207457189076,63.42697996761022,100.0,-0.07351957144352755,-0.07351957144352755,0.09129863142885103,1.3094174842049977,1.2895091401171188,-0.019908344087878893,0.3320117368998767,0.40553130834340423,0.3320117368998767,0.40553130834340423,1.0,1.0,0.3320117368998767,0.40553130834340423,0.07351957144352755,0.3320117368998767,0.24596716256268425,-0.08604457433719243,0.22818810257736077,0.24596716256268425,0.017779059985323475,0.10778842362288588,0.10253436653122727,-0.005254057091658604
random_top1,Random top1,7-49,A rabbit may enjoy,0,3,"- Rabbits are herbivores, which means they primarily eat plants.",A): meat | B): compost | C): peas | D): pebbles,C,2,0,C,A,True,False,True,96.08452828633422,66.5695533536264,85.0,0.7455620246166826,0.7455620246166826,0.7914074237935356,0.5197984092115706,0.5865560317632343,0.06675762255166373,0.8721140623092651,0.12655203769258253,0.8721140623092651,0.12655203769258253,1.0,1.0,0.03381553292274475,0.8252229567162803,0.7914074237935356,0.055752385407686234,0.04108542811754516,-0.014666957290141072,0.8721140623092651,0.12655203769258253,-0.7455620246166826,0.03831801936030388,0.007139577473592027,-0.03117844188671185
random_top1,Random top1,7-1140,The summer solstice in the northern hemisphere is four months before,2,7,"Step 3:  In the northern hemisphere, the summer solstice typically occurs around June 20 or 21.",A): May | B): July | C): April | D): October,D,1,1,B,B,False,False,False,83.02515256139138,36.560159636313664,90.0,0.04173908205737453,-0.07927740243308293,0.07927740243308296,1.1949008492502313,1.2231191964187405,0.028218347168509128,0.5326190909122405,0.49088000885486593,0.1525979111478822,0.23187531358096514,1.0,1.0,0.11884337788892056,0.09665999489530924,-0.02218338299361132,0.5326190909122405,0.49088000885486593,-0.04173908205737453,0.19593962005095675,0.18058468266885963,-0.015354937382097117,0.1525979111478822,0.23187531358096514,0.07927740243308293
random_top1,Random top1,7-1044,are explosions safe?,3,5,"So, explosions are not safe.",A): they could harm living things | B): they are very safe | C): they cause nothing serious | D): none of these,A,0,0,A,A,True,True,False,99.03483365476032,60.06706444162311,90.0,0.4039253375074692,0.4039253375074692,0.4039253375074692,0.25842654467749265,0.9653472182398251,0.7069206735623323,0.946868318074724,0.5429429805672549,0.946868318074724,0.5429429805672549,1.0,1.0,0.946868318074724,0.5429429805672549,-0.4039253375074692,0.022268210021186806,0.3731588880286035,0.3508906780074167,0.00563028465267801,0.03933065983166323,0.03370037517898522,0.025233187251411143,0.04456747157247843,0.019334284321067288
random_top1,Random top1,9-271,what system is needed for a body to get its needed supply of the gas humans breathe in?,4,7,"The central nervous system controls the body's functions, but it doesn't supply oxygen.",A): the circulatory system | B): the digestive system | C): the school system | D): central nervous system,A,0,0,A,A,True,True,False,94.65862726728336,47.30370307566291,95.0,-0.03509850071255183,-0.03509850071255183,0.035098500712551814,0.4330776174708923,0.3177500143601232,-0.11532760311076912,0.8692596551727368,0.9043581558852887,0.8692596551727368,0.9043581558852887,1.0,1.0,0.8692596551727368,0.9043581558852887,0.03509850071255183,0.11764150047165245,0.09531865345997374,-0.022322847011678706,0.0006995219255195722,8.691935433720503e-05,-0.0006126025711823671,0.01239932243009111,0.00023627130040038474,-0.012163051129690725
random_top1,Random top1,1309,They studied the soil by using,2,6,- Plants are often used in soil studies because they can help indicate the soil's fertility and quality.,A): plants | B): a telescope | C): roots | D): a microscope,D,0,3,A,D,False,True,True,96.52430247327771,53.31366842900347,95.0,0.6075881804571799,-0.642986898434323,0.8795285727496478,0.9477734570366163,0.6803458137084565,-0.2674276433281598,0.611345412624424,0.0037572321672440538,0.07301480350276382,0.7160017019370868,1.0,1.0,0.611345412624424,0.0037572321672440538,-0.6075881804571799,0.026860643278288257,0.26340231759361316,0.2365416743153249,0.2887791405945239,0.016838748302056016,-0.2719403922924679,0.07301480350276382,0.7160017019370868,0.642986898434323
random_top1,Random top1,1923,When trying to pull a rose out of the ground why do you encounter resistance?,0,8,(A): roots - Roots are the underground structures of a plant that anchor it in the soil and absorb water and nutrients.,A): roots | B): tensile strength | C): plant temperature | D): plant color,A,1,1,B,B,False,False,False,94.923096969658,51.831685181307094,85.0,-0.214582246224035,0.21797120786159857,0.2179712078615986,0.6261810799795934,0.30948053685651206,-0.3167005431230813,0.7037077862810861,0.9182900325051211,0.29334904579072907,0.07537783792913048,1.0,1.0,0.29334904579072907,0.07537783792913048,-0.21797120786159857,0.7037077862810861,0.9182900325051211,0.214582246224035,0.0017443172872517961,0.0025792878965137382,0.0008349706092619421,0.0011988506409330213,0.0037528416692346857,0.002553991028301664
random_top1,Random top1,9-298,An example of conservation is avoiding the use of,0,1,The best answer is (A): gasoline.,A): gasoline | B): air | C): snow | D): clothes,A,1,1,B,B,False,False,False,99.32092066276287,99.32092066276287,75.0,-0.3007782500590879,0.29571128146906467,0.30747304751935156,1.1908342770677462,0.67817151345107,-0.5126627636166763,0.4318599926160272,0.7326382426751151,0.2968127584285238,0.001101476959459104,1.0,1.0,0.2968127584285238,0.001101476959459104,-0.29571128146906467,0.4318599926160272,0.7326382426751151,0.3007782500590879,0.2311580152668514,0.23785281272711498,0.00669479746026358,0.04016923368859765,0.028407467638310795,-0.011761766050286854
random_top1,Random top1,163,The transportation with the most mass is likely a,1,6,"Step 2:  Commercial planes are designed to carry large numbers of passengers and cargo, making them a strong candidate for the mode with the most mass.",A): commercial plane | B): private plane | C): bus | D): private car,A,2,3,C,D,False,False,True,80.68969413591216,48.22191133722471,90.0,0.2700414351427237,0.28043100578941316,0.5504724409321369,1.1944073724308026,1.1768529122147988,-0.01755446021600382,0.4226697399912204,0.15262830484849668,0.3730047393065493,0.09257373351713617,1.0,1.0,0.3730047393065493,0.09257373351713617,-0.28043100578941316,0.08322860487507698,0.22207285794724313,0.13884425307216613,0.4226697399912204,0.15262830484849668,-0.2700414351427237,0.1210969158271533,0.532725103687124,0.4116281878599707
random_top1,Random top1,9-675,"A person wants to be able to have more natural power in their home. They choose to cease using a traditional electric company to source this electricity, and so decide to install",0,8,Step 1: The person wants to have more natural power in their home.,A): sun grafts | B): sunlight shields | C): panels collecting sunlight | D): solar bees,C,2,2,C,C,True,True,False,82.79148084362684,39.93636635420577,95.0,0.007775653283747519,0.007775653283747519,0.007775653283747521,0.01625764993851654,0.06387264010783604,0.0476149901693195,0.9980341634383497,0.9902585101546022,0.9980341634383497,0.9902585101546022,0.9999999999999999,0.9999999999999999,0.0007544905992199086,0.005888292072175539,0.00513380147295563,0.0008549498608266651,0.0024546056403034794,0.0015996557794768144,0.9980341634383497,0.9902585101546022,-0.007775653283747519,0.0003563961016036604,0.0013985921329187371,0.0010421960313150768
random_top1,Random top1,1184,Seeds provide new plants with,0,9,"Seeds contain the embryo of a new plant, which has the potential to grow into a mature plant.",A): life sustaining elements | B): essentials for photosynthesis | C): water and hydrogen | D): storage for roots,A,1,1,B,B,False,False,False,89.60319745802943,50.496410307380145,90.0,0.051681746036390974,-0.01215368237880915,0.05168174603639099,0.8619466224370681,0.9746831506036444,0.11273652816657631,0.5903270360053217,0.5386452899689307,0.35805145606312955,0.3702051384419387,1.0,1.0,0.35805145606312955,0.3702051384419387,0.01215368237880915,0.5903270360053217,0.5386452899689307,-0.051681746036390974,0.03773834630148976,0.06433200392819169,0.026593657626701926,0.013883161630059029,0.026817567660938943,0.012934406030879914
random_top1,Random top1,8-41,Tadpoles start their lives as,1,6,Tadpoles are the larval stage of frogs.,A): Water animals | B): Frogs | C): Ants | D): College Students,A,1,1,B,B,False,False,False,93.9945332104692,69.50172312889407,90.0,-0.21299091164389472,0.21364996875296957,0.21385728823085207,0.6134306439461276,0.19615453560265417,-0.4172761083434734,0.7474204246146945,0.9604113362585892,0.24265187797954768,0.029001909226578106,1.0,1.0,0.24265187797954768,0.029001909226578106,-0.21364996875296957,0.7474204246146945,0.9604113362585892,0.21299091164389472,0.0034612435589638085,0.003253924081081382,-0.00020731947788242642,0.006466453846793965,0.007332830433751325,0.0008663765869573598
random_top1,Random top1,7-891,A recyclable material can be,1,4,"(B): traded - This is not a good option because trading refers to exchanging goods or services, not the process of recycling.",A): transformed | B): traded | C): thrown away | D): used more times,D,0,1,A,B,False,False,True,95.17447186907204,61.29567170661896,95.0,0.2673972418880388,0.1773410783788784,0.482128376568449,1.1846010438936614,0.9253105491094892,-0.2592904947841722,0.41342954287567946,0.14603230098764067,0.3648502690773357,0.1875091906984573,1.0,0.9999999999999999,0.41342954287567946,0.14603230098764067,-0.2673972418880388,0.17234306885514153,0.6544714454235905,0.482128376568449,0.0493771191918433,0.011987062890311522,-0.03739005630153178,0.3648502690773357,0.1875091906984573,-0.1773410783788784
random_top1,Random top1,8-53,the dashboard reading in a jaguar would likely be set to which of these?,5,12,"The options provided are calories, volume, kilometers, and width.",A): set to calories | B): set to volume | C): set to kilometers | D): set to width,C,2,2,C,C,True,True,False,90.09865916361737,29.365836057438045,90.0,-0.05473113916215555,-0.05473113916215555,0.054731139162155565,0.6583479782986794,0.5081247772075652,-0.1502232010911142,0.8208620364771329,0.8755931756392884,0.8208620364771329,0.8755931756392884,1.0,1.0,0.046309872426617014,0.029961149804728294,-0.01634872262188872,0.08651821866963315,0.055974795788808214,-0.030543422880824934,0.8208620364771329,0.8755931756392884,0.05473113916215555,0.046309872426617014,0.038470878767175094,-0.00783899365944192
random_top1,Random top1,1272,Inherited behavior is exhibited when,5,7,"Step 6: Rats navigating through a maze is a learned behavior, as they use their sense of smell and problem-solving skills to find the path.",A): bears take a long winter sleep | B): dogs sit on command | C): seals clap for their trainers | D): rats navigate thru a maze,A,1,3,B,D,False,False,True,90.55207457189076,45.73702897979207,90.0,0.39220875366934627,0.08103304756378935,0.5589283675004071,1.2156995665746537,0.4298593731568172,-0.7858401934178365,0.4369796975321955,0.04477094386284924,0.09750336026785375,0.016470312704064412,1.0,1.0,0.09750336026785375,0.016470312704064412,-0.08103304756378935,0.4369796975321955,0.04477094386284924,-0.39220875366934627,0.1251967893986698,0.03951022313139834,-0.08568656626727145,0.340320152801281,0.899248520301688,0.5589283675004071
random_top1,Random top1,8-125,"A prisoner is kept in a stone room, unable to see the sun. The prisoner knows that he needs vitamin D to survive, so he",3,4,"Step 4: The prisoner needs to find another way to get vitamin D.
Step 5: Milk is a source of vitamin D.
Step 6: Therefore, the prisoner should ask for milk.",A): asks for milk | B): asks for television | C): asks for water | D): asks for sleep,A,0,3,A,D,True,False,True,80.83996812836007,64.20434791153616,100.0,0.5084827767032855,0.5084827767032855,0.5084827767032855,1.0818605459522086,1.050688283185937,-0.031172262766271608,0.6035369589661288,0.09505418226284332,0.6035369589661288,0.09505418226284332,1.0,1.0,0.6035369589661288,0.09505418226284332,-0.5084827767032855,0.19593974801942893,0.20122969750254444,0.005289949483115508,0.08167983530700329,0.08388501655712773,0.0022051812501244356,0.11884345770743893,0.6198311036774845,0.5009876459700455
random_top1,Random top1,132,What would happen when balloons heat up?,1,4,This increased movement causes the molecules to spread out and move away from each other.,A): they get bigger | B): they get smaller | C): nothing happens | D): they fall down,A,0,0,A,A,True,True,False,90.25216522500516,62.7784112388045,90.0,0.18800286269123434,0.18800286269123434,0.2364733960902702,1.0291099803887702,1.3004983496749685,0.27138836928619825,0.5142346129875272,0.3262317502962928,0.5142346129875272,0.3262317502962928,1.0,1.0,0.5142346129875272,0.3262317502962928,-0.18800286269123434,0.3534279836112779,0.3262317502962928,-0.027196233314985108,0.01759614272705758,0.25406953881732774,0.23647339609027015,0.11474126067413737,0.09346696059008658,-0.02127430008405079
random_top1,Random top1,1426,To grow plants require,2,6,"However, when it comes to sunlight, plants require more than just any old light.",A): acid rain | B): pesticides | C): shafts of sunlight | D): moonbeam rays,C,2,2,C,C,True,True,False,96.95657755641199,68.65627975066214,95.0,0.014033998766993294,0.014033998766993294,0.014033998766993308,0.03133860744358369,0.1076568450720993,0.07631823762851561,0.9958276115513309,0.9817936127843376,0.9958276115513309,0.9817936127843376,1.0,1.0,0.0007528224931924697,0.005151979937345387,0.0043991574441529175,0.0014971663421125474,0.010906742560662552,0.009409576218550004,0.9958276115513309,0.9817936127843376,-0.014033998766993294,0.0019223996133640423,0.002147664717654445,0.0002252651042904028
random_top1,Random top1,8-464,An electric car runs on electricity via,0,2,"Electric cars run on electricity, which is a form of energy.",A): gasoline | B): a power station | C): electrical conductors | D): fuel,C,1,1,B,B,False,False,False,96.31456363203735,82.69035369507888,90.0,-0.3072777355060219,0.3262638699664859,0.3262638699664858,0.778896643823113,0.5111528466302571,-0.2677437971928559,0.5504712270175377,0.8577489625235596,0.42870737605120374,0.10244350608471788,1.0000000000000002,0.9999999999999999,0.0019853091105361547,0.006548993581304031,0.004563684470767876,0.5504712270175377,0.8577489625235596,0.3072777355060219,0.42870737605120374,0.10244350608471788,-0.3262638699664859,0.01883608782072245,0.03325853781041845,0.014422449989696003
random_top1,Random top1,1702,How can we see that the coloration of fur is an inherited characteristic?,1,4,"(B) is a good clue, but it doesn't tell us how the coloration of fur is inherited.",A): puppies have soft fur | B): kittens look like their parents | C): all mammals are born with fur | D): baby rats are mostly bald,B,1,2,B,C,True,False,True,84.54422552430152,54.39515613501873,100.0,0.7908956787718907,0.7908956787718907,0.7908956787718906,0.36701826843711566,1.0945027077676202,0.7274844393305044,0.9067174500955716,0.11582177132368088,0.9067174500955716,0.11582177132368088,1.0,1.0,0.004198935213626116,0.21638359129428864,0.21218465608066253,0.9067174500955716,0.11582177132368088,-0.7908956787718907,0.07442789285652125,0.588191568851471,0.5137636759949497,0.014655721834281083,0.07960306853055954,0.06494734669627845
random_top1,Random top1,1180,What is different about birth in humans and chickens?,6,7,"In humans, birth is a process where a baby",A): Mother | B): Fertilization | C): Father | D): the hard shell,D,1,1,B,B,False,False,False,99.30481676036152,35.435147357210795,85.0,0.0016472951893246046,0.014536991915115913,0.016184287104440517,0.4077875464487576,0.4278247960890207,0.0200372496402631,0.9014225895980286,0.899775294408704,0.06529884253205684,0.050761850616940926,1.0,1.0,0.014570138892116826,0.018674238855372113,0.004104099963255286,0.9014225895980286,0.899775294408704,-0.0016472951893246046,0.01870842897779775,0.03078861611898298,0.01208018714118523,0.06529884253205684,0.050761850616940926,-0.014536991915115913
random_top1,Random top1,7-52,Human reproduction requires,3,4,- The correct answer is related to the development of the embryo inside the mother's body.,A): eggs with shells | B): nest incubation | C): a nest | D): a womb,D,3,3,D,D,True,True,False,95.50211320221104,61.89572669847874,95.0,0.017026030348526233,0.017026030348526233,0.0193997727145402,0.13627300237421536,0.21274398019281537,0.07647097781860002,0.9750933291762818,0.9580672988277555,0.9750933291762818,0.9580672988277555,1.0,1.0,0.0033036673791214687,0.003915402110587249,0.0006117347314657799,0.017859457501466967,0.015485715135453004,-0.002373742366013964,0.0037435459431297774,0.022531583926204204,0.018788037983074428,0.9750933291762818,0.9580672988277555,-0.017026030348526233
random_top1,Random top1,1189,What can feathers on Spheniscidae be used for?,2,4,"- Since Spheniscidae are flightless, the primary function of their feathers might be different from that of flying birds.",A): keeping warm | B): flying | C): sleeping | D): eating,A,1,1,B,B,False,False,False,82.07098794498813,46.054046406627315,95.0,-0.043803336529314785,0.03241796556830712,0.043803336529314785,0.21817351906833787,0.010383902350337192,-0.20778961671800067,0.9550179581199579,0.9988212946492727,0.03267891616775787,0.0002609505994507532,1.0,1.0,0.03267891616775787,0.0002609505994507532,-0.03241796556830712,0.9550179581199579,0.9988212946492727,0.043803336529314785,0.0072916515996140465,0.00048751994052144486,-0.006804131659092601,0.005011474112670171,0.00043023481075511185,-0.004581239301915059
random_top1,Random top1,1674,A girl and her mom have the same,2,5,"Step 3: Considering the options, we can eliminate (B) shirt because it's unlikely that a girl and her mom would have the same shirt.",A): date of birth | B): shirt | C): number of toenails | D): hair length,C,0,0,A,A,False,False,False,90.05990641128251,46.9940293496107,100.0,0.09468405738249153,-0.06408122107987307,0.09468405738249154,0.8200342566909988,0.9581601307260442,0.1381258740350454,0.6856294602188865,0.590945402836395,0.2522290250345887,0.3163102461144618,0.9999999999999999,1.0,0.6856294602188865,0.590945402836395,-0.09468405738249153,0.03868056682442892,0.05496647769697644,0.01628591087254752,0.2522290250345887,0.3163102461144618,0.06408122107987307,0.02346094792209583,0.037777873352166785,0.014316925430070956
random_top1,Random top1,7-671,"If a UFO is flying overhead and looks small, then large, then",3,6,"If it then looks large, it is likely to be moving closer.",A): the UFO is calling | B): the UFO had been close | C): the UFO is approaching | D): the UFO is leaving,C,2,2,C,C,True,True,False,98.00407483243194,67.21615672381449,95.0,-0.016618452950311724,-0.016618452950311724,0.030891935949483564,0.721845371033521,0.7067258885764158,-0.015119482457105149,0.767745897774661,0.7843643507249727,0.767745897774661,0.7843643507249727,1.0,1.0,0.009664494364252419,0.012678069192412086,0.0030135748281596673,0.07141148911022602,0.08267139728123822,0.011259908171012203,0.767745897774661,0.7843643507249727,0.016618452950311724,0.15117811875086057,0.12028618280137704,-0.03089193594948353
random_top1,Random top1,9-409,Every evening a child can look into the night sky and see that the moon is,0,6,Step 1: The question asks about the moon's position in the night sky.,A): gone | B): breaking | C): falling | D): moving upwards,D,3,3,D,D,True,True,False,93.60721387932924,41.556480397287764,95.0,0.008430582805938891,0.008430582805938891,0.033704117359820054,1.2912779740854115,1.2734009786594318,-0.017876995425979647,0.3967757523059845,0.3883451695000456,0.3967757523059845,0.3883451695000456,1.0,0.9999999999999999,0.30900928378105164,0.3427134011408717,0.03370411735982004,0.128814235329628,0.12607721057879376,-0.0027370247508342327,0.16540072858333588,0.14286421878028893,-0.022536509803046945,0.3967757523059845,0.3883451695000456,-0.008430582805938891
random_top1,Random top1,8-63,Beak shape can influence a bird's ability,5,6,Step 6: Mating with its partner is also not directly related to the,A): to give birth to live young | B): to mate with it's partner | C): to fly to warmer climates | D): to chew up certain worms,D,3,0,D,A,True,False,True,84.66450331550716,31.40517730344343,95.0,0.38857780985250934,0.38857780985250934,0.6958275575407606,1.3166035787928294,0.381275070095899,-0.9353285086969304,0.41010456055091143,0.021526750698402077,0.41010456055091143,0.021526750698402077,1.0,1.0,0.21951318623086255,0.9153407437716232,0.6958275575407606,0.21951318623086255,0.03549160894265569,-0.18402157728820687,0.1508690669873635,0.027640896587319032,-0.12322817040004447,0.41010456055091143,0.021526750698402077,-0.38857780985250934
random_top1,Random top1,8-343,"A person wants to start saving money so that they can afford a nice vacation at the end of the year. After looking over their budget and expenses, they decide the best way to save money is to",4,5,The best answer is B.,A): make more phone calls | B): quit eating lunch out | C): buy less with monopoly money | D): have lunch with friends,B,1,1,B,B,True,True,False,93.30041766772024,38.02974195551051,95.0,0.07537600034700631,0.07537600034700631,0.07537600034700631,0.1602584498527391,0.36749858096735055,0.20724013111461145,0.9649453392730448,0.8895693389260385,0.9649453392730448,0.8895693389260385,0.9999999999999999,1.0,0.00017326577338520348,0.0009784725226540294,0.000805206749268826,0.9649453392730448,0.8895693389260385,-0.07537600034700631,0.03301861215710859,0.10624390057130241,0.07322528841419382,0.0018627827964613952,0.003208287980005037,0.0013455051835436418
random_top1,Random top1,326,December 21st through March 20 is a three month period which is an example of what?,1,8,"It mentions a specific period of time, December 21st through March 20th.",A): A session | B): A Match | C): A Season | D): Autumn,C,2,2,C,C,True,True,False,91.33009627811923,24.220603934060534,95.0,0.0022070212899656383,0.0022070212899656383,0.020758111967717215,0.18202176833802025,0.17545181619043898,-0.0065699521475812706,0.9665395183467411,0.9643324970567755,0.9665395183467411,0.9643324970567755,1.0,1.0,0.015622656122974875,0.003477926029122956,-0.012144730093851919,0.009475619691015366,0.0030692591071157247,-0.006406360583899641,0.9665395183467411,0.9643324970567755,-0.0022070212899656383,0.008362205839268588,0.029120317806985818,0.02075811196771723
random_top1,Random top1,7-988,Plant growth may cause,3,8,"The growth of plants is a natural process that occurs over time, and it is not typically associated with a rapid decline in leaves.",A): an uptick in the number of leaves | B): a surge in leaf disease | C): a gradual decrease in leaves | D): a rapid decline of the leaves,A,2,0,C,A,False,True,True,89.78435686666057,57.49161136978385,100.0,0.2813416120194099,-0.20548993580605757,0.2813416120194099,0.9785732078034097,1.1955820491630382,0.2170088413596285,0.6484778547602812,0.3671362427408713,0.21052992422331096,0.4160198600293685,1.0,1.0,0.21052992422331096,0.4160198600293685,0.20548993580605757,0.053230297018700454,0.06379871862976788,0.010568421611067427,0.6484778547602812,0.3671362427408713,-0.2813416120194099,0.08776192399770738,0.15304517859999223,0.06528325460228485
random_top1,Random top1,1759,Thermometers,7,9,"(D): Thermometers are used for people of all ages, not just babies.",A): can help you monitor a fever | B): indicate levels of mercury in the blood | C): read exactly at 98.6 degrees | D): are used only for babies,A,0,0,A,A,True,True,False,73.9134413873715,22.57491598385515,90.0,-0.001230809373735653,-0.001230809373735653,0.0012308093737356828,0.03899944157208268,0.03066892857415525,-0.008330512997927433,0.9943695847595794,0.995600394133315,0.9943695847595794,0.995600394133315,1.0,0.9999999999999999,0.9943695847595794,0.995600394133315,0.001230809373735653,0.004063761402281262,0.0035906957631564023,-0.00047306563912485975,0.0011642870009234661,0.0007070499064684435,-0.0004572370944550227,0.00040236683721590693,0.00010186019706007701,-0.0003005066401558299
random_top1,Random top1,695,Some berries may be eaten by,1,4,"- Bears are known to eat berries, and so are humans.",A): a bear or person | B): a bear or shark | C): a bear or lion | D): a bear or wolf,A,0,1,A,B,True,False,True,95.99949666886207,65.44092474230254,90.0,0.7508407641216536,0.7508407641216536,0.7508407641216537,0.7267987619068974,0.67467348581897,-0.052125276087927386,0.7667592139290302,0.0159184498073767,0.7667592139290302,0.0159184498073767,1.0,1.0,0.7667592139290302,0.0159184498073767,-0.7508407641216536,0.0713197139228891,0.7669939098751692,0.6956741959522801,0.010937232483412204,0.02316120921376088,0.012223976730348675,0.15098383966466844,0.19392643110369323,0.04294259143902479
random_top1,Random top1,9-350,The salamander could eat a large amounts of what?,6,8,"Option (D) is not a plausible food source for salamanders either, as they do not eat insects with six legs.",A): fettuccine if left around | B): waxy leaves from certain plants | C): dead carcass meat from livestock | D): six legged winged organisms,D,2,1,C,B,False,False,True,88.7363983266053,45.73702897979207,90.0,0.6001785077833578,0.01358846794214768,0.6322859753430219,0.8119649037989354,0.16378049298602865,-0.6481844108129067,0.6259571576193647,0.02577864983600687,0.01472110269819351,0.0011326347560458314,1.0,1.0,0.024270993743273166,0.005751994125756755,-0.01851899961751641,0.33505074593916867,0.9673367212821905,0.6322859753430219,0.6259571576193647,0.02577864983600687,-0.6001785077833578,0.01472110269819351,0.0011326347560458314,-0.01358846794214768
random_top1,Random top1,7-238,Shining a light through a diamond can,2,9,"This bending of light doesn't create multiple bright lights; rather, it spreads the light out in different directions.",A): make a lot of bright lights shine | B): summon a brilliant wave of color | C): heat up a room | D): make a lot of money,B,3,3,D,D,False,False,False,90.09865916361737,45.204521250008,100.0,-0.12294691709468575,-0.018854513623904334,0.22350627017389035,1.2145713967479972,1.1279786282815536,-0.08659276846644359,0.4257098404637736,0.5486567575584593,0.06528472106691657,0.08413923469082091,1.0,1.0,0.17746226357324224,0.2591671030285425,0.08170483945530027,0.06528472106691657,0.08413923469082091,0.018854513623904334,0.33154317489606755,0.1080369047221772,-0.22350627017389035,0.4257098404637736,0.5486567575584593,0.12294691709468575
random_top1,Random top1,7-511,It's easier for human's to survive in:,2,6,"Step 2: A cave (A) provides basic shelter and protection from the elements, but it lacks the social interaction and community that humans need to thrive.",A): a cave | B): the ocean. | C): a town | D): alone,C,2,1,C,B,True,False,True,87.91591936968007,51.453896405913305,90.0,0.3839076247633804,0.3839076247633804,0.486637712927825,1.280253447401563,1.1821480346572923,-0.09810541274427065,0.44887465907446533,0.06496703431108491,0.44887465907446533,0.06496703431108491,1.0,0.9999999999999999,0.24026529848970918,0.1375352103252646,-0.10273008816444457,0.16513177998560338,0.42363827158098605,0.25850649159538264,0.44887465907446533,0.06496703431108491,-0.3839076247633804,0.1457282624502221,0.3738594837826644,0.22813122133244232
random_top1,Random top1,788,Owls are likely to hunt at,2,3,"Step 3: Among the given options, 2am falls within the late evening to early morning hours, making it the most likely time for owls to hunt.",A): 3pm | B): 2am | C): 6pm | D): 7am,B,1,1,B,B,True,True,False,81.21055669129983,63.42697996761022,95.0,0.14515089002892345,0.14515089002892345,0.14515089002892348,0.35481286778220655,0.7520625391953271,0.3972496714131205,0.9185626566688889,0.7734117666399655,0.9185626566688889,0.7734117666399655,0.9999999999999999,1.0,0.005461973173761565,0.026464695653154797,0.02100272247939323,0.9185626566688889,0.7734117666399655,-0.14515089002892345,0.03561653965089077,0.08151699769624876,0.04590045804535799,0.04035883050645871,0.11860654001063098,0.07824770950417227
random_top1,Random top1,9-368,Birds carrying away fruit helps the tree,0,6,- Birds carrying away fruit helps the tree in a specific way.,A): grow | B): fertilize | C): reproduce | D): conquer,C,1,1,B,B,False,False,False,97.44717283804768,49.124120250429826,90.0,-0.19307680789538173,-0.015153512920618728,0.21391857886913856,0.7269161603713391,0.4736804955789883,-0.2532356647923508,0.6863293984938966,0.8794062063892784,0.02348489970794093,0.03863841262855966,1.0000000000000002,1.0,0.28610463851388745,0.07218605964474889,-0.21391857886913856,0.6863293984938966,0.8794062063892784,0.19307680789538173,0.02348489970794093,0.03863841262855966,0.015153512920618728,0.004081063284275063,0.009769321337413144,0.005688258053138081
random_top1,Random top1,8-393,"A construction group wants to put a shopping center in town, but the only place available is a small nature park with a trail. Deer and other wildlife frequent the park, since it is the only place in the city where trees and fresh water are available for them. The construction group decides to build the shopping center, which means that",0,7,Step 1: The construction group wants to build a shopping center in the town.,A): the deer are moved to a zoo | B): the trail is expanded | C): the mall has a nature park in it | D): the wildlife environment is destroyed,D,3,3,D,D,True,True,False,85.98222123159245,34.41839887284984,90.0,0.06639485998714734,0.06639485998714734,0.06639485998714735,0.10408487325885808,0.37580595554000695,0.2717210822811489,0.9827264850519155,0.9163316250647682,0.9827264850519155,0.9163316250647682,1.0,1.0,0.0021497057110158885,0.016783198998211284,0.014633493287195395,0.008502250283889463,0.03553003211716316,0.027027781833273694,0.006621558953179152,0.03135514381985743,0.024733584866678274,0.9827264850519155,0.9163316250647682,-0.06639485998714734
random_top1,Random top1,8-93,Over a period of time the weather can change,0,4,Step 1: The question is about the weather changing over time.,A): The color of my hair | B): The way I walk | C): The size of a statue | D): The sound a computer makes,C,1,3,B,D,False,False,True,92.72767217730197,43.795416473329205,100.0,0.17925022846858052,0.14298422374090944,0.35048455210701723,1.2689877646761971,1.2689312305710936,-5.653410510353396e-05,0.4242697796125047,0.2450195511439242,0.29159607397034487,0.14861185022943543,1.0,1.0,0.17686195012696274,0.14861185022943543,-0.028250099897527303,0.4242697796125047,0.2450195511439242,-0.17925022846858052,0.29159607397034487,0.14861185022943543,-0.14298422374090944,0.10727219629018768,0.4577567483972049,0.35048455210701723
random_top1,Random top1,1032,Which requires energy to move?,0,4,"- Weasel (A) is an animal, and animals generally require energy to move.",A): weasel | B): willow | C): mango | D): poison ivy,A,2,2,C,C,False,False,False,95.62343602474063,51.54862048040454,95.0,0.05770212152676113,0.082920008704078,0.1406221302308391,1.2464355239528957,1.143952224022378,-0.10248329993051764,0.45787067154628014,0.400168550019519,0.11576784629667493,0.032847837592596935,1.0,0.9999999999999999,0.11576784629667493,0.032847837592596935,-0.082920008704078,0.14864885142525205,0.166815062368365,0.018166210943112937,0.45787067154628014,0.400168550019519,-0.05770212152676113,0.27771263073179286,0.400168550019519,0.12245591928772614
random_top1,Random top1,1204,Which of these situations is an example of pollutants?,2,6,(B): Mallard ducks floating on a lake are natural animals that are part of the ecosystem.,A): plastic bags floating in the ocean | B): mallard ducks floating on a lake | C): cottonwood seeds floating in the air | D): cirrus clouds floating in the sky,A,0,0,A,A,True,True,False,87.77347605110441,46.57829836927757,100.0,0.002141844658960057,0.002141844658960057,0.0027480904221452848,0.0702017235636973,0.0800894990023118,0.009887775438614493,0.9891408380610001,0.98699899340204,0.9891408380610001,0.98699899340204,1.0,1.0,0.9891408380610001,0.98699899340204,-0.002141844658960057,0.004580631523002134,0.006650346983133901,0.0020697154601317675,0.005190535137520287,0.005868910099533789,0.0006783749620135017,0.001087995278477528,0.00048174951529228417,-0.0006062457631852438
random_top1,Random top1,7-140,A person can see,1,4,"(B): an emotion - Emotions are feelings, not visual things.",A): a radio recording | B): an emotion | C): a written message | D): an abstract idea,C,1,2,B,C,False,True,True,91.66223507384336,57.07445681483282,95.0,0.21825102042419908,-0.25552586117744075,0.25552586117744075,1.219735839983883,1.10678033206449,-0.1129555079193929,0.4551818140623244,0.2369307936381253,0.31284159888091084,0.5683674600583516,1.0,0.9999999999999999,0.1304117907645075,0.1268199336968387,-0.003591857067668819,0.4551818140623244,0.2369307936381253,-0.21825102042419908,0.31284159888091084,0.5683674600583516,0.25552586117744075,0.10156479629225726,0.0678818126066844,-0.03368298368557286
random_top1,Random top1,7-664,If bacon is left too long on a hot stove top,0,5,Step 1: Bacon is a type of meat that can be cooked on a stove top.,A): it will be cooked perfectly | B): it will be bacteria laden | C): it will become blackened | D): it will be left raw,C,1,1,B,B,False,False,False,93.14154165118899,50.10814884135281,100.0,-0.012115439600986044,0.013878340096615033,0.013955122365635465,0.11289052196584809,0.05915392087275664,-0.053736601093091446,0.9788446891677534,0.9909601287687394,0.01792816793810841,0.004049827841493376,1.0,1.0,0.00047776949302944714,0.00040098722400902265,-7.678226902042449e-05,0.9788446891677534,0.9909601287687394,0.012115439600986044,0.01792816793810841,0.004049827841493376,-0.013878340096615033,0.002749373401108827,0.004589056165758254,0.0018396827646494267
random_top1,Random top1,9-29,What could be a positive aspect of a tree being cut down?,1,8,This is a positive aspect because the plants will be able to grow more and receive more sunlight.,A): the plants that were under the tree will have access to more light | B): the squirrels that were in that tree will have an easier time getting to their home | C): Plants under the tree will get cooled off by the shade | D): The sun will shine brighter than before,A,0,3,A,D,True,False,True,88.95425610396357,35.1824476688202,95.0,0.5058787675526109,0.5058787675526109,0.5058787675526109,0.48963887662616384,1.1254188951917112,0.6357800185655473,0.8657912296736372,0.3599124621210263,0.8657912296736372,0.3599124621210263,0.9999999999999999,1.0,0.8657912296736372,0.3599124621210263,-0.5058787675526109,0.07106847057274261,0.2182979477422842,0.1472294771695416,0.0004225886214798559,0.013955320504551503,0.013532731883071648,0.06271771113214035,0.407834269632138,0.3451165584999976
random_top1,Random top1,758,A positive effect of burning biofuel is,1,5,"Step 2: We know that biofuel is a renewable energy source, so we can expect some positive effects.",A): shortage of crops for the food supply | B): an increase in air pollution | C): powering the lights in a home | D): deforestation in the amazon to make room for crops,C,2,2,C,C,True,True,False,93.03353664775798,57.739955677681124,100.0,-0.003312037402756207,-0.003312037402756207,0.0033120374027562466,0.07769536636279198,0.05877569356820862,-0.018919672794583356,0.9879270566292704,0.9912390940320266,0.9879270566292704,0.9912390940320266,1.0,1.0,0.004037432523916158,0.003358370035276174,-0.0006790624886399842,0.00587442911830337,0.0043122329094137995,-0.0015621962088895706,0.9879270566292704,0.9912390940320266,0.003312037402756207,0.00216108172851013,0.0010903030232833984,-0.0010707787052267315
random_top1,Random top1,9-655,"if the earth was a living room, what can be done to melt the glaciers?",1,4,Step 2: What is the purpose of an air conditioner?,A): someone would turn up the room heater | B): someone would turn up the air conditioner | C): someone would turn up the music | D): someone would turn on the light,A,0,0,A,A,True,True,False,95.95234000151656,74.41800110486379,100.0,-0.03922967614698747,-0.03922967614698747,0.039229676146987455,0.1960140229387474,0.014020298599499117,-0.18199372433924826,0.9591009752883574,0.9983306514353448,0.9591009752883574,0.9983306514353448,0.9999999999999999,1.0,0.9591009752883574,0.9983306514353448,0.03922967614698747,0.03281862876363156,0.0009103597246559853,-0.031908269038975576,0.0023773735180173663,0.0003794944199996024,-0.0019978790980177638,0.005703022429993697,0.0003794944199996024,-0.005323528009994095
random_top1,Random top1,7-942,Cold-blooded animals are often,1,8,The question is about the characteristics of cold-blooded animals.,A): fast | B): large | C): hairless | D): slow,C,3,3,D,D,False,False,False,90.98472657691836,31.938986448695683,100.0,0.10076115409943409,-0.10061110411523402,0.1013603017261567,0.0854929814397064,0.39108067608697467,0.30558769464726826,0.9865119273492707,0.8857507732498366,0.005176739670769504,0.10578784378600353,1.0,1.0,0.0024453186905883497,0.003194516301511021,0.0007491976109226714,0.005866014289371403,0.0052668666626488015,-0.0005991476267226013,0.005176739670769504,0.10578784378600353,0.10061110411523402,0.9865119273492707,0.8857507732498366,-0.10076115409943409
random_top1,Random top1,8-395,Overpopulation can cause,0,3,Overpopulation means having too many people living in a given area.,A): More fresh water for people to drink | B): Lower Life Expectancy in Countries | C): More food for more people | D): More space for places to people to live,B,2,2,C,C,False,False,False,93.68169209356077,74.71604041952536,90.0,-0.10466063989928298,0.19544428519767595,0.19544428519767595,0.873601733798722,0.9603781452994735,0.08677641150075155,0.5624719910553841,0.6671326309546671,0.3865810072662403,0.19113672206856433,1.0,1.0,0.01498937061977918,0.06205300380408027,0.04706363318430109,0.3865810072662403,0.19113672206856433,-0.19544428519767595,0.5624719910553841,0.6671326309546671,0.10466063989928298,0.03595763105859636,0.07967764317268826,0.0437200121140919
random_top1,Random top1,9-540,"If a person puts out four apples around their home on the same day, the molecules in which apple would be moving the most rapidly?",4,5,"Step 5: Therefore, the apple sitting on a sunny sidewalk would have molecules moving the most rapidly.",A): the apple sitting on a sunny sidewalk | B): the apple in the freezer | C): the apple sitting on the shaded stoop | D): the apple in a closet,A,0,0,A,A,True,True,False,84.0536065769052,44.23280401239106,100.0,-0.010278582608351683,-0.010278582608351683,0.014639741935842727,0.8600495797245752,0.8200342664616638,-0.04001531326291141,0.6753508793059408,0.6856294619142925,0.6753508793059408,0.6856294619142925,0.9999999999999999,1.0,0.6753508793059408,0.6856294619142925,0.010278582608351683,0.03810069195551083,0.023460950019668136,-0.014639741935842693,0.24844773678303744,0.2522290177832981,0.00378128100026065,0.03810069195551083,0.03868057028274126,0.0005798783272304292
random_top1,Random top1,7-391,Animals are drawn to,1,5,- Feeders are typically used to lure animals towards a specific area for feeding.,A): gold | B): houses | C): feeders | D): Carbon Dioxide,C,2,3,C,D,True,False,True,98.05031038914021,62.7784112388045,90.0,0.5044631125074602,0.5044631125074602,0.5044631125074602,0.8201723988151882,1.217140092686187,0.39696769387099884,0.7471176302382615,0.24265451773080124,0.7471176302382615,0.24265451773080124,1.0,1.0,0.03719679597172742,0.06135266653581461,0.02415587056408719,0.1145742001245819,0.24265451773080124,0.12808031760621935,0.7471176302382615,0.24265451773080124,-0.5044631125074602,0.1011113736654292,0.4533382980025829,0.3522269243371537
random_top1,Random top1,266,What is used for sensing visual things?,1,5,- The cornea is the transparent layer at the front of the eye that helps focus light.,A): nerves | B): tibia | C): nostril | D): cornea,D,3,3,D,D,True,True,False,94.78236003336916,58.31379803214916,95.0,0.30992132341736256,0.30992132341736256,0.3340185661622046,0.24109529614214412,0.7260024225897928,0.48490712644764866,0.9513751811271057,0.6414538577097432,0.9513751811271057,0.6414538577097432,1.0,1.0,0.028729040015140324,0.008074712883159195,-0.020654327131981128,0.010568824537645143,0.0071259089247842165,-0.0034429156128609265,0.009326954320108773,0.3433455204823134,0.33401856616220466,0.9513751811271057,0.6414538577097432,-0.30992132341736256
random_top1,Random top1,1618,The chance of wildfires is increased by,4,5,"- Careful fire maintenance is a way to prevent wildfires, not increase the risk.",A): parched foliage | B): torrential rain | C): lush foliage | D): careful fire maintenance,A,0,0,A,A,True,True,False,90.40329139550015,54.926468659363756,95.0,0.0005961813668180493,0.0005961813668180493,0.016065022893216638,0.3883818557191788,0.37321291604512835,-0.015168939674050474,0.912521954951726,0.911925773584908,0.912521954951726,0.911925773584908,1.0,1.0,0.912521954951726,0.911925773584908,-0.0005961813668180493,0.03538231165937218,0.031204383166415037,-0.004177928492957145,0.03538231165937218,0.05144733455258885,0.016065022893216666,0.016713421729529568,0.005422508696088152,-0.011290913033441416
random_top1,Random top1,9-229,A bat flew through the sky without hitting anything due to which of these?,0,4,"(A) A rainy sky would make flying more difficult, not easier.",A): rainy sky to fly in | B): fast truck to drive | C): a car with gasoline | D): surfaces to reflect sound off,D,3,3,D,D,True,True,False,96.74761382060034,60.992109897503695,90.0,0.23843446267340718,0.23843446267340718,0.23843446267340718,0.3435499820454083,0.955727280843152,0.6121772987977436,0.9254053079920862,0.686970845318679,0.9254053079920862,0.686970845318679,1.0,1.0,0.021763445444645344,0.07240618927194602,0.050642743827300676,0.035881857717527596,0.13527256552739214,0.09939070780986455,0.016949388845740817,0.1053503998819828,0.08840101103624198,0.9254053079920862,0.686970845318679,-0.23843446267340718
random_top1,Random top1,9-1164,A cheetah that runs all day will find it has lost a lot of,1,4,"- The key phrase here is ""runs all day,"" which implies the cheetah is using a lot of energy.",A): blood | B): water | C): prey | D): spots,B,2,2,C,C,False,False,False,87.77347605110441,58.63820262955893,90.0,0.02919479614449383,-0.0122013035924186,0.02919479614449388,0.3029713567740868,0.41652483639393173,0.11355347961984491,0.9322370765252792,0.9030422803807854,0.015068209533621618,0.02726951312604022,0.9999999999999999,1.0,0.04641335024518249,0.050946162479457026,0.0045328122342745344,0.015068209533621618,0.02726951312604022,0.0122013035924186,0.9322370765252792,0.9030422803807854,-0.02919479614449383,0.006281363695916634,0.01874204401371743,0.012460680317800794
random_top1,Random top1,7-903,The main component in dirt is,4,6,"Step 5:  Bacteria are a type of microorganism, but the question asks for the main component, not a specific type.",A): microorganisms | B): broken stones | C): pollution | D): bacteria,B,0,0,A,A,False,False,False,88.33336934633189,44.99005780993877,100.0,0.1998710683102659,-0.15351601148608618,0.1998710683102659,0.4980703096331515,0.8656180398662847,0.3675477302331332,0.8649964525831653,0.6651253842728994,0.0911699565514011,0.24468596803748727,1.0,1.0,0.8649964525831653,0.6651253842728994,-0.1998710683102659,0.0911699565514011,0.24468596803748727,0.15351601148608618,0.005828300219574002,0.010750749378713998,0.004922449159139996,0.03800529064585964,0.07943789831089942,0.04143260766503978
random_top1,Random top1,1215,A fallen leaf,2,7,(B) is incorrect because a fallen leaf will not become bright green.,A): will turn into a tree | B): will become bright green | C): will begin to recycle the nutrients that made up its structure | D): is likely to continue to grow,C,2,2,C,C,True,True,False,82.21051262373308,34.928758941813406,95.0,0.007343283751671148,0.007343283751671148,0.007343283751671124,0.0784971620610699,0.11637832464087197,0.03788116257980208,0.9878379576417807,0.9804946738901096,0.9878379576417807,0.9804946738901096,1.0,1.0,0.0031440716732203714,0.0035362159505720426,0.00039214427735167123,0.0031440716732203714,0.007486169184357652,0.004342097511137281,0.9878379576417807,0.9804946738901096,-0.007343283751671148,0.005873899011778577,0.008482940974960723,0.0026090419631821455
random_top1,Random top1,889,An animal that only eats plants is a,0,6,Step 1: We are looking for an animal that only eats plants.,A): rat | B): moth | C): chimpanzee | D): pig,B,1,2,B,C,True,False,True,84.90225815440854,30.052265652439168,95.0,0.4215191559099903,0.4215191559099903,0.4215191559099903,0.7591525702921297,1.1301298524967984,0.37097728220466875,0.7334140226586554,0.3118948667486651,0.7334140226586554,0.3118948667486651,1.0,1.0,0.0038486036096858326,0.019938772729959083,0.01609016912027325,0.7334140226586554,0.3118948667486651,-0.4215191559099903,0.18543610693476947,0.45380434816520987,0.2683682412304404,0.07730126679688931,0.21436201235616592,0.1370607455592766
